id,x_px,y_px,timestamp_s,speed_mph,direction_deg
2,234.7,100.6,0.6,60.8,200.4
2,210.2,91.8,1.0,59.0,200.3
2,205.5,89.8,1.1,62.7,203.1
2,201.0,88.1,1.2,60.1,201.3
2,193.0,85.0,1.4,60.3,203.2
2,185.9,82.1,1.6,66.2,202.7
2,183.1,80.8,1.7,58.9,205.4
7,94.7,94.6,2.3,61.1,60.1
7,98.8,101.9,2.6,64.3,61.3
7,100.7,104.5,2.7,67.1,53.7
7,105.0,110.5,2.9,63.6,50.2
7,109.9,117.3,3.1,60.9,52.6
7,120.1,130.7,3.4,66.0,52.8
7,124.5,135.9,3.5,62.8,50.1
7,129.3,141.9,3.6,63.9,51.4
7,135.1,148.8,3.7,65.0,49.8
7,159.7,175.5,4.0,60.3,46.8
7,219.6,238.1,4.4,58.9,45.3
8,92.1,140.6,5.6,61.7,62.2
8,95.6,147.3,5.7,66.8,62.2
8,99.6,154.4,5.8,62.7,60.9
8,103.9,162.8,5.9,64.9,62.9
8,109.4,172.5,6.0,64.6,60.7
8,116.3,183.6,6.1,63.0,58.0
8,124.3,196.6,6.2,62.6,58.1
8,133.8,211.7,6.3,60.7,57.9
8,145.6,229.8,6.4,59.9,57.1
9,76.7,72.9,3.6,65.7,129.2
9,75.8,75.8,3.9,66.2,111.7
9,75.1,79.8,4.3,66.2,92.0
9,75.0,81.8,4.5,60.2,90.8
9,75.2,84.7,4.7,63.7,76.8
9,75.2,86.0,4.8,62.1,90.8
9,75.5,90.7,5.1,65.8,86.1
9,76.0,96.5,5.4,66.9,82.7
9,76.6,98.5,5.5,65.1,74.6
9,77.2,100.7,5.6,63.0,74.6
9,79.4,108.2,5.9,64.2,77.9
9,80.3,111.2,6.0,65.9,72.8
9,81.7,114.4,6.1,64.1,66.1
9,83.1,118.0,6.2,65.8,69.3
9,84.4,121.9,6.3,65.2,70.5
9,86.5,126.2,6.4,65.8,64.3
9,92.5,137.3,6.6,66.3,61.8
9,103.2,155.7,6.9,62.2,59.9
9,108.0,163.7,7.0,60.6,59.1
9,113.8,173.3,7.1,63.1,59.2
9,120.8,184.4,7.2,62.3,57.9
9,128.9,197.2,7.3,60.6,57.5
9,139.3,212.3,7.4,60.0,55.4
9,151.5,230.4,7.5,59.5,56.2
9,166.9,252.9,7.6,59.6,55.6
14,91.3,89.6,5.4,67.3,74.0
14,92.4,93.1,5.6,64.5,69.5
14,93.4,94.9,5.7,62.1,59.6
14,94.3,96.9,5.8,63.4,66.3
14,98.3,104.2,6.1,63.7,57.2
14,100.0,106.7,6.2,61.5,56.3
14,101.7,109.5,6.3,62.7,58.5
14,103.9,112.6,6.4,63.3,55.6
14,109.4,120.7,6.6,64.6,60.6
14,119.1,133.4,6.9,65.1,56.0
14,124.0,138.8,7.0,60.6,47.1
14,129.2,144.7,7.1,60.6,48.9
14,135.1,151.6,7.2,61.5,49.6
14,141.7,159.3,7.3,60.2,49.0
14,149.8,168.2,7.4,60.9,47.8
14,159.3,178.2,7.5,59.4,46.5
14,170.3,190.0,7.6,59.5,46.9
14,183.5,203.9,7.7,59.3,46.7
15,223.0,103.5,11.3,65.3,202.2
15,215.9,100.9,11.4,58.7,200.2
15,209.2,98.1,11.5,67.4,202.5
15,203.0,95.7,11.6,64.3,201.5
15,197.6,93.5,11.7,62.2,201.9
15,192.6,91.4,11.8,65.4,203.4
23,91.1,93.1,11.6,61.6,73.0
23,91.8,95.0,11.7,65.0,68.1
23,92.4,97.1,11.8,65.4,75.7
23,97.0,104.7,12.1,64.9,57.2
23,100.3,109.6,12.3,61.2,56.8
23,104.5,116.3,12.5,61.1,54.8
23,116.0,133.4,12.9,63.6,52.9
23,120.6,138.7,13.0,60.8,49.3
23,125.4,145.1,13.1,64.3,53.1
23,130.3,151.7,13.2,59.0,53.1
26,81.1,67.3,12.3,59.7,141.4
26,80.2,67.9,12.4,65.2,144.2
26,76.4,72.7,13.1,62.1,120.7
26,74.1,79.8,13.8,60.5,108.9
26,73.4,82.9,14.1,65.6,92.3
26,73.8,87.0,14.4,64.5,84.3
26,73.9,88.5,14.5,64.5,82.7
26,74.2,91.9,14.7,58.9,79.4
26,74.6,93.7,14.8,66.6,77.7
26,75.0,95.6,14.9,66.8,79.0
26,75.6,97.7,15.0,67.4,73.0
26,77.7,105.0,15.3,64.0,76.3
26,78.5,107.5,15.4,62.1,71.3
26,79.5,110.5,15.5,65.4,71.1
26,81.9,117.2,15.7,59.4,71.7
26,87.9,129.4,16.0,59.0,62.3
26,96.5,146.4,16.3,60.8,60.5
26,100.3,153.5,16.4,63.4,61.8
26,104.6,161.3,16.5,60.7,60.8
26,109.9,170.4,16.6,62.6,59.9
26,116.3,180.9,16.7,61.6,58.7
26,123.7,193.3,16.8,62.2,59.3
26,132.8,207.5,16.9,59.4,57.1
26,144.2,225.0,17.0,61.0,57.0
26,158.2,246.5,17.1,60.5,56.9
28,222.9,102.6,12.9,66.4,201.8
28,198.2,93.0,13.3,64.1,199.3
28,194.6,90.9,13.4,63.1,210.5
28,182.0,85.9,13.7,59.6,205.0
50,98.3,114.6,24.7,63.2,66.8
50,112.4,138.9,25.2,67.7,58.1
50,133.6,169.3,25.6,62.7,54.6
50,160.6,207.7,25.9,59.1,54.1
50,173.5,225.7,26.0,61.1,54.4
50,189.4,247.2,26.1,59.2,53.5
55,87.5,81.6,32.2,66.6,81.1
55,88.7,84.1,32.4,60.9,60.6
55,89.4,87.1,32.6,63.5,74.7
55,90.4,90.5,32.8,66.4,75.7
55,92.5,96.4,33.1,65.2,65.1
55,95.2,101.5,33.3,65.4,61.9
55,96.2,103.8,33.4,59.2,67.1
55,97.6,106.5,33.5,65.6,62.5
55,99.5,109.4,33.6,66.1,57.5
55,104.3,116.4,33.8,64.4,52.4
55,109.8,124.8,34.0,66.3,55.1
55,118.1,135.6,34.2,59.5,51.4
55,122.7,141.3,34.3,62.3,50.8
55,128.0,148.2,34.4,65.9,52.5
55,134.5,156.1,34.5,66.0,50.7
55,141.9,164.9,34.6,63.3,49.8
55,174.0,201.3,34.9,59.9,48.5
55,212.5,244.7,35.1,64.7,48.2
67,110.3,123.6,41.5,60.0,54.2
67,122.1,139.9,41.8,59.2,54.4
67,132.6,152.6,42.0,60.4,50.7
67,139.4,160.5,42.1,61.0,49.1
67,156.3,179.9,42.3,62.9,50.1
67,166.9,192.4,42.4,61.5,49.7
67,179.6,207.2,42.5,60.8,49.3
67,219.0,251.2,42.7,61.4,47.9
68,256.1,124.0,41.4,62.5,203.8
68,237.3,115.5,41.6,62.0,205.4
68,202.3,99.8,42.1,60.0,204.3
68,197.0,97.4,42.2,59.6,204.2
68,189.1,92.8,42.4,64.1,210.2
69,91.3,68.9,41.6,62.9,120.8
69,90.8,70.4,41.8,65.6,102.7
69,90.4,71.1,41.9,60.2,118.2
69,90.0,71.9,42.0,63.7,120.0
69,89.9,76.8,42.5,66.5,85.2
69,90.0,78.9,42.7,64.7,79.6
69,90.2,79.9,42.8,60.1,78.3
69,90.4,80.9,42.9,61.8,82.3
69,90.5,82.0,43.0,60.7,81.9
69,91.1,84.9,43.2,63.6,78.4
69,93.8,91.2,43.6,62.9,63.1
69,94.5,92.8,43.7,60.4,65.4
69,96.1,96.8,43.9,59.7,66.2
69,102.3,107.3,44.3,58.7,59.0
69,111.5,120.4,44.7,62.6,52.6
69,123.0,135.0,45.0,62.1,49.7
69,127.9,140.8,45.1,63.5,49.9
69,133.7,147.9,45.2,67.6,50.6
69,147.8,164.0,45.4,67.6,50.8
69,156.7,173.3,45.5,58.8,46.2
69,167.1,185.1,45.6,63.4,48.5
69,179.6,199.0,45.7,62.8,48.0
73,78.8,73.3,44.0,59.3,124.8
73,75.5,81.8,44.8,66.3,111.3
73,75.5,87.2,45.2,61.9,84.3
73,75.1,88.6,45.3,64.0,105.5
73,75.6,95.9,45.7,67.2,79.3
73,77.2,103.2,46.0,59.6,75.1
73,78.9,111.5,46.3,59.7,81.9
73,80.1,114.9,46.4,66.8,71.1
73,81.3,118.4,46.5,64.6,70.8
73,82.5,122.5,46.6,67.2,73.6
73,86.0,132.3,46.8,61.8,69.4
73,87.3,137.6,46.9,63.1,75.8
73,90.1,143.5,47.0,63.7,64.9
73,93.0,150.5,47.1,66.1,67.2
73,96.5,158.1,47.2,63.8,65.2
73,100.6,167.2,47.3,65.2,65.8
73,117.6,204.3,47.6,60.2,63.8
73,125.5,221.4,47.7,62.1,65.0
73,135.7,242.3,47.8,62.0,64.2
74,91.6,93.5,42.0,60.0,68.8
74,95.3,100.0,42.3,65.6,54.7
74,97.9,105.0,42.5,59.6,59.7
74,102.2,111.4,42.7,67.4,61.2
74,104.3,114.5,42.8,60.8,56.9
74,109.6,121.2,43.0,61.1,52.1
74,112.6,125.4,43.1,62.7,54.1
74,116.3,130.3,43.2,66.4,52.8
74,131.2,147.8,43.5,59.4,49.4
74,137.6,155.1,43.6,60.9,48.4
74,144.9,163.2,43.7,60.5,48.2
74,153.7,172.8,43.8,61.3,47.3
74,164.0,183.6,43.9,59.4,46.6
74,176.2,196.3,44.0,59.0,45.9
74,190.6,211.6,44.1,59.9,46.9
78,73.6,81.9,46.7,63.9,103.6
78,73.8,90.8,47.3,59.6,79.6
78,74.7,94.6,47.5,66.4,78.6
78,74.6,96.6,47.6,67.1,93.7
78,77.9,109.4,48.1,63.4,71.9
78,80.6,116.4,48.3,60.3,69.9
78,83.2,123.9,48.5,67.4,69.4
78,85.7,128.2,48.6,62.7,60.6
78,90.3,138.8,48.8,63.2,61.7
78,93.2,144.9,48.9,62.7,64.1
78,97.6,151.9,49.0,65.3,58.3
78,101.1,159.8,49.1,63.8,65.9
78,106.0,168.7,49.2,62.2,61.1
78,127.1,206.4,49.5,59.4,60.0
78,137.1,223.9,49.6,61.6,60.2
78,149.5,245.6,49.7,61.8,60.3
81,292.6,128.7,48.5,62.0,200.4
81,278.0,123.7,48.6,60.1,199.2
81,265.1,118.7,48.7,65.4,201.0
81,236.0,107.3,49.0,61.9,201.4
81,229.2,103.9,49.1,66.4,206.7
81,205.4,95.6,49.4,63.3,201.8
81,199.9,93.5,49.5,60.4,201.1
81,192.5,91.6,49.6,64.0,194.5
81,187.2,89.7,49.7,65.6,200.0
85,87.5,76.7,49.7,63.4,64.3
85,87.6,81.2,50.1,63.0,91.6
85,88.5,83.9,50.3,62.6,68.8
85,90.1,89.8,50.7,63.4,78.6
85,91.4,93.5,50.9,66.8,69.3
85,93.3,97.5,51.1,64.0,64.7
85,98.7,107.5,51.5,60.8,58.2
85,100.7,110.4,51.6,64.0,55.5
85,105.4,117.4,51.8,64.0,54.8
85,114.7,130.7,52.1,64.4,55.1
85,129.1,148.7,52.4,60.9,53.4
85,135.4,156.2,52.5,62.6,50.1
85,142.5,164.5,52.6,59.8,49.1
85,151.1,174.3,52.7,61.9,48.7
85,161.1,185.8,52.8,61.8,49.1
85,173.7,199.3,52.9,60.8,46.9
85,188.8,215.3,53.0,60.2,46.8
86,88.4,72.8,50.3,63.7,123.0
86,88.0,74.6,50.5,64.9,107.4
86,88.0,80.6,51.1,67.1,84.8
86,88.2,81.7,51.2,59.0,82.7
86,89.7,86.9,51.6,62.1,63.3
86,92.3,93.6,52.0,58.8,64.7
86,93.2,95.6,52.1,65.8,65.7
86,96.7,102.1,52.4,64.9,65.2
86,98.1,104.5,52.5,59.1,58.6
86,99.7,107.2,52.6,64.4,59.2
86,101.6,110.0,52.7,62.2,55.8
86,103.8,113.1,52.8,62.2,55.2
86,106.1,116.3,52.9,59.9,54.2
86,108.6,119.9,53.0,61.6,55.3
86,111.6,123.9,53.1,61.2,52.6
86,123.1,139.2,53.4,60.3,51.8
86,132.6,151.7,53.6,60.6,53.3
86,139.2,159.4,53.7,60.6,49.5
86,154.6,178.2,53.9,60.6,50.8
86,165.3,189.7,54.0,58.7,47.3
89,102.2,84.8,50.9,61.3,52.6
89,109.6,95.9,51.5,62.1,53.7
89,113.6,100.6,51.7,65.1,48.5
89,115.8,103.2,51.8,66.7,49.6
89,120.9,109.0,52.0,59.6,47.4
89,124.2,112.3,52.1,67.2,45.6
89,132.7,119.9,52.3,59.1,41.7
89,137.2,124.2,52.4,64.4,43.4
89,142.3,129.0,52.5,64.9,43.5
89,148.0,134.5,52.6,65.9,43.5
89,154.7,140.4,52.7,64.0,41.8
89,162.7,147.0,52.8,62.5,39.2
89,171.7,154.9,52.9,65.1,41.2
89,182.1,163.7,53.0,63.5,40.5
89,194.2,173.9,53.1,62.7,40.1
91,107.1,91.2,51.8,58.9,50.7
91,109.8,95.3,52.0,60.9,56.3
91,115.5,102.7,52.3,60.7,51.5
91,117.9,105.3,52.4,63.5,47.4
91,120.5,108.1,52.5,63.5,47.4
91,123.5,111.2,52.6,62.4,45.1
91,130.9,118.7,52.8,66.2,45.0
91,135.1,122.9,52.9,65.4,45.0
91,140.1,127.7,53.0,66.6,43.6
91,145.8,132.9,53.1,65.1,42.8
91,168.0,152.7,53.4,61.5,41.3
91,177.7,161.1,53.5,62.7,40.7
91,189.2,170.6,53.6,61.1,39.5
91,202.7,181.8,53.7,62.2,39.9
98,89.5,84.0,54.9,66.5,65.3
98,92.5,91.4,55.4,65.5,58.9
98,93.1,93.0,55.5,58.8,68.0
98,93.9,94.8,55.6,63.2,68.0
98,94.9,96.7,55.7,61.8,61.9
98,96.2,98.8,55.8,62.1,56.5
98,97.5,101.1,55.9,65.7,61.1
98,98.9,103.5,56.0,64.1,61.7
98,100.8,106.0,56.1,60.9,51.2
98,104.9,112.4,56.3,63.7,57.1
98,111.7,122.1,56.6,59.8,53.5
98,118.4,130.7,56.8,62.0,52.8
98,122.7,135.8,56.9,61.7,50.0
98,127.4,141.3,57.0,59.1,49.9
98,138.4,154.2,57.2,58.9,47.5
98,146.6,163.1,57.3,66.4,47.6
99,88.9,80.8,56.1,62.9,68.0
99,89.9,86.3,56.5,64.6,78.0
99,90.5,87.7,56.6,62.4,67.8
99,91.1,89.3,56.7,67.6,68.7
99,93.7,96.5,57.1,62.0,65.0
99,94.4,98.6,57.2,63.9,71.1
99,95.7,103.7,57.4,62.3,72.6
99,98.9,108.7,57.6,62.8,48.8
99,104.4,115.4,57.8,65.3,38.0
99,107.0,118.8,57.9,59.9,52.0
99,110.1,122.6,58.0,62.0,51.5
99,110.5,126.9,58.1,60.7,84.2
99,134.1,164.8,58.7,60.1,56.2
99,140.6,174.5,58.8,60.8,56.1
99,148.3,185.6,58.9,59.6,55.2
99,168.3,213.4,59.1,58.9,55.2
99,181.3,231.9,59.2,58.7,54.8
102,88.6,83.2,57.4,63.0,73.4
102,88.9,84.5,57.5,63.2,75.1
102,89.8,85.9,57.6,67.0,58.2
102,90.5,88.8,57.8,66.4,69.6
102,99.5,105.4,58.6,63.8,55.6
102,103.4,110.5,58.8,58.8,54.1
102,105.5,113.9,58.9,66.4,57.5
102,108.2,117.2,59.0,60.8,50.6
102,110.9,120.8,59.1,60.7,54.0
102,114.2,124.9,59.2,60.8,50.4
102,117.7,129.2,59.3,59.2,50.6
102,121.8,134.1,59.4,62.0,51.0
102,126.4,139.4,59.5,59.2,48.7
105,74.4,76.7,59.4,67.5,108.0
105,73.6,81.2,59.8,63.8,104.0
105,73.1,83.7,60.0,61.1,105.0
105,73.8,89.2,60.4,63.0,80.1
105,74.1,90.7,60.5,63.6,79.3
105,73.9,94.4,60.7,62.8,83.3
105,74.7,98.5,60.9,65.5,81.9
105,75.1,100.7,61.0,63.4,78.9
105,77.5,108.7,61.3,62.2,72.2
105,79.8,114.4,61.5,63.7,65.0
105,84.6,126.8,61.8,64.1,68.7
105,92.1,141.3,62.1,64.1,61.4
105,99.6,156.0,62.3,66.2,62.7
105,116.8,185.3,62.6,64.2,59.0
105,124.6,198.4,62.7,61.5,59.5
109,219.2,94.7,60.0,63.2,198.9
109,214.3,92.3,60.1,66.6,206.1
109,207.9,90.3,60.2,65.1,197.5
109,199.2,86.8,60.4,66.1,204.6
109,195.5,85.1,60.5,64.7,205.2
109,180.0,78.4,61.0,63.9,206.0
111,96.7,61.1,60.6,64.1,160.7
111,95.9,61.5,60.7,64.6,148.6
111,91.7,65.8,61.5,63.1,121.1
111,88.8,68.9,62.0,60.1,141.8
111,87.6,70.9,62.3,59.3,105.8
111,85.4,79.6,63.2,64.2,100.7
111,85.4,80.7,63.3,61.3,87.3
111,85.3,81.8,63.4,62.2,94.9
111,85.9,84.6,63.6,65.9,75.1
111,87.3,91.1,64.0,64.8,81.1
111,88.0,92.7,64.1,59.8,67.4
111,88.5,94.4,64.2,60.2,71.9
111,93.2,106.7,64.7,60.8,75.6
111,97.0,113.0,64.9,64.5,55.2
111,98.2,116.5,65.0,64.4,69.6
111,101.2,120.2,65.1,63.0,51.4
111,103.8,124.5,65.2,67.1,58.7
111,106.6,129.1,65.3,63.5,58.9
111,113.7,140.2,65.5,63.5,57.3
111,118.2,146.5,65.6,62.0,54.5
111,123.0,153.9,65.7,65.1,57.2
111,129.1,162.2,65.8,63.1,53.9
111,135.7,172.1,65.9,64.6,56.1
111,143.4,183.4,66.0,63.1,55.9
111,152.4,196.4,66.1,61.1,54.9
111,163.9,211.9,66.2,61.3,53.7
112,131.5,146.5,60.9,60.5,49.2
112,147.0,163.6,61.1,67.3,47.3
112,179.3,199.9,61.4,59.1,46.8
113,231.1,112.2,61.3,65.8,205.1
113,197.0,96.6,61.8,58.7,206.4
113,189.3,92.3,62.0,60.5,209.3
113,183.1,88.7,62.2,62.0,214.9
113,180.9,86.8,62.3,66.2,220.5
118,92.1,93.1,65.8,60.4,68.0
118,94.4,97.5,66.0,62.0,62.9
118,101.2,107.8,66.4,63.7,56.8
118,105.6,113.8,66.6,64.5,55.4
118,111.3,121.5,66.8,63.6,54.8
118,114.8,125.6,66.9,61.6,50.0
118,118.8,130.2,67.0,61.4,48.1
118,123.3,135.3,67.1,62.5,49.2
118,128.3,141.2,67.2,63.8,49.7
118,141.0,156.5,67.4,67.0,49.9
118,158.1,174.9,67.6,63.9,48.4
135,208.1,105.4,70.7,65.0,200.5
135,193.7,99.0,70.9,61.6,203.9
135,187.9,96.8,71.0,60.0,201.1
135,170.1,88.0,71.4,64.8,205.2
136,199.4,93.3,71.1,63.4,200.3
136,194.5,91.3,71.2,63.7,203.0
136,186.1,87.5,71.4,59.6,202.2
136,178.8,84.4,71.6,65.8,205.0
146,97.3,107.4,0.4,61.5,65.2
146,98.9,110.2,0.5,61.6,60.8
146,101.0,113.3,0.6,60.9,55.7
146,103.3,116.6,0.7,61.5,54.9
146,106.1,120.2,0.8,61.1,51.5
146,108.7,124.1,0.9,60.9,56.8
146,111.8,128.4,1.0,60.2,54.0
146,116.1,133.5,1.1,65.0,50.3
146,120.5,138.7,1.2,59.1,49.3
146,125.4,144.6,1.3,60.7,50.6
146,131.3,151.2,1.4,59.3,48.0
146,138.1,159.0,1.5,62.2,49.1
146,154.9,177.4,1.7,60.2,47.9
147,89.8,129.2,0.2,59.5,53.8
147,91.8,134.2,0.3,63.8,69.0
147,94.4,140.1,0.4,66.3,65.3
147,98.1,146.7,0.5,67.4,61.1
147,102.5,153.9,0.6,63.4,58.7
147,107.0,162.0,0.7,63.3,60.9
147,112.6,171.1,0.8,61.4,58.4
147,119.3,182.1,0.9,63.7,58.5
147,127.6,194.7,1.0,61.9,56.8
147,137.5,209.2,1.1,59.5,55.6
147,149.9,227.4,1.2,61.7,55.7
147,165.1,249.5,1.3,60.4,55.4
151,75.6,85.9,0.4,66.9,74.3
151,75.1,87.2,0.5,59.9,112.2
151,75.2,92.4,0.8,67.4,88.1
151,75.4,94.0,0.9,59.7,81.1
151,77.5,102.9,1.3,60.5,81.6
151,78.7,108.6,1.5,65.4,74.4
151,80.8,115.4,1.7,65.5,73.5
151,90.4,137.9,2.2,62.8,62.8
151,97.8,152.0,2.4,59.7,59.9
151,101.5,160.4,2.5,67.2,66.2
151,106.9,169.5,2.6,63.4,59.6
151,113.1,180.2,2.7,63.5,59.6
151,121.1,193.0,2.8,64.7,57.9
155,99.8,76.0,0.9,63.3,89.9
155,100.0,78.1,1.1,65.0,84.3
155,100.6,81.2,1.4,65.8,73.4
155,101.6,83.9,1.6,65.7,65.3
155,102.2,85.3,1.7,63.4,65.8
155,105.7,91.7,2.1,64.8,62.7
155,106.8,93.4,2.2,62.0,57.4
155,110.0,97.6,2.4,62.1,52.8
155,111.4,99.7,2.5,60.1,55.4
155,113.3,101.9,2.6,60.8,50.8
155,115.4,104.4,2.7,61.0,48.8
155,118.1,107.2,2.8,66.6,46.7
155,120.8,110.2,2.9,63.0,47.4
155,131.4,120.8,3.2,58.7,43.8
155,135.7,124.8,3.3,60.3,43.6
155,140.8,129.6,3.4,63.3,43.1
155,146.4,134.6,3.5,61.0,41.8
155,152.9,140.7,3.6,65.1,43.1
155,160.4,147.4,3.7,63.0,41.8
155,169.1,154.7,3.8,60.4,40.0
155,179.4,163.4,3.9,62.8,40.0
155,191.3,173.3,4.0,61.3,39.9
155,205.3,184.7,4.1,60.3,39.0
157,90.1,72.5,1.3,59.1,105.6
157,89.1,77.8,1.8,63.8,87.2
157,89.0,79.9,2.0,62.6,92.5
157,89.6,85.9,2.5,59.9,85.6
157,90.6,88.6,2.7,66.6,76.5
157,91.3,91.8,2.9,60.9,77.2
157,93.3,95.6,3.1,65.7,65.8
157,94.3,97.6,3.2,61.2,64.4
157,95.3,99.6,3.3,58.9,63.0
157,97.9,104.5,3.5,59.1,60.5
157,99.7,107.3,3.6,67.7,56.9
157,101.6,110.3,3.7,64.7,57.7
157,106.3,117.1,3.9,61.1,53.1
157,109.3,120.9,4.0,62.5,51.2
157,112.4,125.0,4.1,62.6,53.4
157,116.0,129.6,4.2,63.2,51.4
157,120.3,135.2,4.3,67.7,52.1
157,125.2,140.9,4.4,62.9,50.0
157,130.6,147.7,4.5,65.4,51.5
157,137.0,155.1,4.6,62.3,49.0
157,144.5,163.7,4.7,63.2,49.0
157,153.5,173.4,4.8,62.0,47.1
170,286.4,140.0,8.8,64.3,203.9
170,272.5,133.4,8.9,63.1,205.3
170,259.8,128.0,9.0,58.9,203.0
170,248.6,122.9,9.1,62.3,204.4
170,227.7,113.6,9.3,64.8,204.9
170,207.6,104.5,9.6,60.5,205.1
170,201.6,101.7,9.7,61.7,205.0
170,191.1,97.0,9.9,61.0,205.6
172,100.0,78.6,9.6,63.8,85.5
172,102.5,85.8,10.2,61.2,62.6
172,104.3,90.4,10.5,65.2,73.9
172,106.4,94.4,10.7,66.1,56.7
172,107.5,96.5,10.8,67.6,61.2
172,109.0,98.7,10.9,65.3,56.1
172,112.0,103.0,11.1,61.9,53.5
172,114.0,105.5,11.2,61.7,52.3
172,116.0,108.5,11.3,65.7,55.4
172,118.2,111.5,11.4,60.8,53.4
172,121.0,115.1,11.5,67.2,52.4
172,124.2,118.8,11.6,64.8,49.4
172,141.5,138.4,12.0,60.8,46.0
177,90.2,62.9,13.2,66.5,150.1
177,82.5,68.0,14.2,66.0,142.3
177,80.3,70.0,14.6,65.5,128.8
177,75.8,76.9,15.5,63.4,115.1
177,75.5,77.8,15.6,65.2,109.8
177,75.1,78.8,15.7,61.8,112.2
177,74.4,82.0,16.0,61.2,101.2
177,74.3,83.2,16.1,66.2,94.3
177,73.9,87.3,16.4,66.7,90.9
177,73.8,90.0,16.6,59.8,87.4
177,75.1,99.5,17.1,61.5,82.9
177,75.5,101.6,17.2,61.4,80.8
177,76.1,104.2,17.3,67.6,75.4
177,77.2,106.8,17.4,66.0,68.6
177,78.9,112.5,17.6,67.3,70.5
177,83.2,123.2,17.9,62.6,73.7
177,84.7,127.3,18.0,60.6,69.8
177,86.6,131.8,18.1,60.2,67.4
177,89.0,136.9,18.2,62.2,65.1
177,98.6,157.4,18.5,62.1,61.7
177,102.4,165.9,18.6,62.0,65.7
178,80.6,70.9,13.5,65.3,133.2
178,79.2,72.4,13.7,61.7,135.2
178,77.9,73.8,13.9,59.8,135.4
178,76.5,76.7,14.2,65.3,115.6
178,75.3,79.7,14.5,62.9,114.3
178,75.0,80.7,14.6,63.9,103.1
178,74.8,81.8,14.7,58.7,103.9
178,73.6,91.2,15.4,60.6,90.9
178,73.7,92.7,15.5,59.6,85.3
178,73.9,94.6,15.6,66.6,83.7
178,74.1,96.6,15.7,66.4,85.7
178,74.6,101.3,15.9,60.6,84.7
178,75.1,103.6,16.0,63.2,79.4
178,75.8,106.3,16.1,67.1,74.1
178,78.2,112.1,16.3,60.1,61.6
178,81.3,122.3,16.6,62.1,68.0
178,87.6,136.4,16.9,61.9,64.4
178,90.3,142.1,17.0,62.5,64.1
178,93.9,148.7,17.1,64.9,61.9
178,97.7,156.2,17.2,64.6,63.1
178,102.5,164.5,17.3,61.7,59.6
178,107.8,174.1,17.4,62.4,61.3
178,114.5,185.2,17.5,61.9,58.8
179,77.5,77.0,13.4,62.5,109.8
179,75.9,83.9,14.0,62.6,89.5
179,75.7,90.7,14.5,64.8,83.3
179,75.9,94.0,14.7,67.1,85.9
179,76.1,95.9,14.8,64.0,85.1
179,76.5,97.9,14.9,64.8,78.4
179,77.5,102.6,15.1,63.3,81.9
179,81.1,113.5,15.5,63.4,73.6
179,82.6,116.7,15.6,61.0,65.8
179,83.8,120.2,15.7,61.0,70.3
179,89.6,133.4,16.0,64.1,62.7
179,92.0,138.7,16.1,62.0,65.3
186,186.7,98.5,14.5,63.3,202.5
186,160.4,84.3,15.2,66.4,207.3
189,229.2,114.3,15.8,65.4,205.5
189,208.4,105.0,16.1,59.3,204.9
193,82.8,68.0,18.6,66.3,121.7
193,80.5,69.8,18.9,59.4,145.6
193,78.2,71.9,19.2,66.9,137.3
193,77.7,72.6,19.3,60.6,123.2
193,75.1,76.7,19.8,61.9,120.0
193,74.6,77.7,19.9,66.1,116.0
193,73.3,82.1,20.3,62.7,106.8
193,72.5,90.7,20.9,61.3,83.5
193,72.9,92.3,21.0,64.6,77.7
193,73.0,94.1,21.1,64.0,84.9
193,73.9,98.5,21.3,62.9,76.6
193,74.9,103.3,21.5,60.0,78.3
193,75.5,105.8,21.6,63.2,77.6
193,77.8,112.2,21.8,64.0,68.4
193,79.0,115.5,21.9,66.3,69.8
193,80.8,119.0,22.0,62.9,62.1
193,82.2,123.1,22.1,67.3,72.0
193,84.1,127.6,22.2,65.8,66.9
193,87.1,132.4,22.3,64.9,57.9
193,89.0,138.1,22.4,67.4,71.3
193,91.9,144.1,22.5,63.4,64.4
193,95.7,151.1,22.6,65.7,61.7
193,99.9,159.1,22.7,66.2,62.1
193,105.0,168.4,22.8,65.9,61.3
193,111.1,179.2,22.9,65.3,60.7
193,119.1,192.3,23.0,67.0,58.4
193,128.3,207.3,23.1,63.6,58.5
193,139.3,225.2,23.2,62.3,58.5
193,154.0,248.0,23.3,64.0,57.3
196,92.5,68.1,20.5,67.0,131.4
196,89.1,71.8,21.2,67.1,123.2
196,87.5,78.8,22.0,62.3,103.5
196,87.5,79.9,22.1,63.3,87.7
196,87.6,81.0,22.2,66.3,86.5
196,88.2,84.8,22.5,62.8,74.9
196,89.7,89.0,22.8,59.3,66.4
196,91.2,93.8,23.1,60.9,68.1
196,92.0,95.7,23.2,66.6,66.9
196,92.7,97.8,23.3,64.2,73.3
196,93.7,100.1,23.4,66.0,65.2
196,95.2,102.2,23.5,59.6,55.2
196,98.3,107.7,23.7,63.0,59.6
196,100.0,110.5,23.8,61.9,58.5
196,102.0,113.8,23.9,64.1,58.7
196,104.2,117.4,24.0,66.2,58.9
196,106.9,121.2,24.1,63.3,54.9
196,117.5,134.9,24.4,60.5,50.6
196,122.0,140.7,24.5,63.3,52.0
196,127.3,147.5,24.6,65.8,52.0
196,133.2,154.5,24.7,60.4,50.0
196,170.3,196.0,25.1,60.5,47.6
196,184.3,211.1,25.2,59.6,47.4
196,221.8,251.8,25.4,59.1,47.7
197,223.6,106.6,21.9,59.5,202.5
197,210.2,101.0,22.1,65.7,205.5
197,193.5,94.9,22.4,60.1,202.4
197,189.2,92.6,22.5,67.3,208.7
197,178.6,87.4,22.8,59.3,215.4
204,76.6,72.8,30.1,61.2,133.1
204,72.1,81.9,31.0,66.4,102.6
204,71.5,85.8,31.3,63.3,93.0
204,71.5,90.2,31.6,66.3,91.5
204,71.7,93.9,31.8,59.6,89.2
204,71.9,95.7,31.9,62.8,81.6
204,74.9,107.8,32.4,63.8,73.0
204,75.8,110.8,32.5,66.4,73.2
204,78.3,117.7,32.7,66.0,70.2
204,81.7,125.9,32.9,65.6,65.9
204,84.2,130.7,33.0,66.2,62.5
204,89.6,142.2,33.2,65.9,63.4
204,93.0,149.0,33.3,65.4,62.8
204,102.1,165.8,33.5,65.1,61.4
204,107.8,176.4,33.6,67.0,61.4
204,114.8,188.4,33.7,64.3,59.8
204,123.0,202.8,33.8,65.0,60.5
204,133.6,220.3,33.9,64.2,58.7
204,146.4,241.9,34.0,64.1,59.3
207,87.4,74.0,31.3,60.6,121.5
207,86.9,77.0,31.6,64.1,99.8
207,86.8,78.0,31.7,62.1,97.9
207,86.7,79.0,31.8,62.8,93.5
207,86.8,80.0,31.9,61.4,88.1
207,86.8,81.1,32.0,66.5,89.9
207,86.9,82.3,32.1,64.7,84.6
207,87.4,85.0,32.3,62.9,75.6
207,87.6,86.4,32.4,66.7,79.9
207,88.0,87.9,32.5,64.8,74.1
207,90.6,94.8,32.9,64.9,62.5
207,94.0,101.9,33.2,67.2,60.2
207,95.3,104.5,33.3,66.1,63.3
207,99.2,110.4,33.5,65.7,57.0
207,101.0,113.6,33.6,63.9,60.5
207,103.8,117.2,33.7,66.2,51.6
207,106.5,121.1,33.8,66.3,56.0
207,109.6,125.5,33.9,65.6,54.4
207,113.2,130.4,34.0,67.1,54.4
207,122.2,141.9,34.2,63.0,49.4
207,128.3,148.8,34.3,65.5,48.2
207,152.1,176.8,34.6,63.0,49.3
209,208.0,93.3,32.6,62.6,203.5
209,202.6,91.3,32.7,62.0,200.6
214,93.0,67.7,36.3,60.0,144.8
214,92.4,68.8,36.5,66.8,111.6
214,91.8,69.5,36.6,59.5,135.7
214,90.7,70.9,36.8,64.3,126.8
214,89.4,73.0,37.1,58.7,117.0
214,88.8,75.7,37.4,66.4,99.1
214,88.9,76.6,37.5,61.1,86.8
214,89.3,82.8,38.1,60.5,80.5
214,89.5,84.0,38.2,59.1,80.4
214,91.1,89.5,38.6,66.4,76.5
214,93.2,94.6,38.9,62.1,66.4
214,97.8,102.9,39.3,62.0,58.4
214,99.3,105.4,39.4,62.6,59.6
214,101.2,108.3,39.5,65.0,55.7
214,103.0,111.2,39.6,61.8,58.4
214,105.5,114.2,39.7,58.8,51.2
214,108.0,117.5,39.8,59.8,52.1
214,110.9,121.1,39.9,59.5,51.0
214,114.3,125.1,40.0,61.0,50.3
214,118.1,129.8,40.1,64.2,51.3
214,122.3,134.8,40.2,61.0,49.6
214,127.1,140.4,40.3,61.0,49.2
214,132.4,146.6,40.4,61.1,49.8
214,138.9,153.7,40.5,60.8,47.1
214,146.5,161.8,40.6,61.4,47.1
214,154.7,170.8,40.7,59.0,47.3
214,164.4,181.4,40.8,60.0,47.6
215,86.2,65.1,36.7,65.0,154.0
215,84.1,66.7,37.0,64.2,138.5
215,82.4,68.9,37.4,63.4,123.8
215,79.2,73.0,38.0,66.8,115.1
215,77.0,78.1,38.6,64.0,106.5
215,76.1,80.6,38.8,67.0,102.7
215,75.8,82.7,39.0,64.1,99.8
215,75.9,83.9,39.1,62.6,86.8
215,76.1,85.1,39.2,61.5,81.5
215,76.0,88.0,39.4,63.2,97.6
215,76.3,91.2,39.6,64.0,78.3
215,77.0,96.7,39.9,67.1,76.5
215,77.1,98.8,40.0,66.1,86.0
215,77.7,103.4,40.2,58.9,89.4
215,79.3,109.0,40.4,64.4,78.2
215,79.8,112.2,40.5,67.0,81.1
215,81.2,115.6,40.6,66.1,67.1
215,82.1,119.1,40.7,62.8,76.6
215,90.1,137.6,41.1,60.1,67.3
215,99.9,158.2,41.4,60.0,65.5
221,89.8,72.1,40.2,62.6,116.1
221,89.1,73.8,40.4,62.0,110.9
221,88.5,76.1,40.7,67.4,98.1
221,88.1,83.8,41.4,58.9,88.9
221,90.0,91.1,41.9,60.1,79.3
221,90.4,92.8,42.0,65.0,77.4
221,91.1,94.7,42.1,65.3,67.6
221,92.9,99.4,42.3,61.1,72.4
221,93.9,101.6,42.4,62.8,66.5
221,95.4,104.1,42.5,65.0,59.4
221,98.5,109.4,42.7,64.0,57.8
221,105.6,119.7,43.0,59.3,51.5
221,108.7,123.6,43.1,61.5,51.6
221,112.2,128.0,43.2,62.4,51.5
221,115.8,133.3,43.3,67.5,55.2
221,120.1,138.9,43.4,63.3,52.7
221,125.2,145.2,43.5,63.9,51.0
221,131.1,152.2,43.6,61.8,49.6
221,138.3,160.4,43.7,64.1,48.8
221,167.3,193.3,44.0,60.5,48.4
222,282.8,133.8,40.2,62.3,203.5
222,268.9,128.1,40.3,61.5,202.3
222,256.5,123.2,40.4,60.3,201.7
222,245.5,118.6,40.5,61.4,202.5
222,236.1,114.6,40.6,60.4,203.0
222,227.7,111.0,40.7,60.5,203.4
222,220.1,107.6,40.8,62.5,204.4
222,186.7,92.9,41.4,59.8,207.0
222,183.7,91.0,41.5,58.7,212.4
223,74.7,87.9,41.1,61.2,94.9
223,74.5,93.0,41.4,58.8,97.8
223,76.0,101.6,41.8,61.5,74.7
223,78.1,106.9,42.0,66.5,69.7
223,79.1,109.8,42.1,65.2,70.0
223,81.9,116.9,42.3,60.4,66.2
223,83.2,120.3,42.4,59.8,68.3
223,85.2,124.5,42.5,66.0,65.0
223,97.2,147.7,42.9,59.7,62.0
223,101.1,154.9,43.0,63.2,61.8
223,105.6,163.3,43.1,64.3,61.8
228,90.6,94.8,43.0,60.3,80.3
228,91.2,96.7,43.1,60.6,72.8
228,92.2,98.8,43.2,63.8,63.3
228,94.7,103.9,43.4,64.2,61.9
228,96.0,106.6,43.5,64.8,64.3
228,97.9,109.3,43.6,62.8,55.5
228,99.7,112.4,43.7,64.0,60.0
228,107.5,123.5,44.0,59.3,50.9
228,110.7,128.1,44.1,64.7,55.2
228,119.0,139.4,44.3,59.4,54.1
228,130.8,154.3,44.5,67.5,51.6
228,165.1,194.8,44.9,61.5,49.2
228,178.6,210.0,45.0,60.9,48.3
235,93.7,96.6,45.4,62.1,61.5
235,94.6,98.8,45.5,65.2,68.0
235,95.6,101.0,45.6,61.7,65.6
235,97.1,103.5,45.7,65.8,59.0
235,102.2,112.0,46.0,59.0,58.0
235,104.3,115.4,46.1,63.8,57.5
235,109.8,123.4,46.3,59.0,55.3
235,113.1,127.8,46.4,63.5,53.2
235,116.8,132.9,46.5,64.6,53.7
235,121.2,138.4,46.6,63.5,51.6
235,126.2,144.3,46.7,60.6,49.6
235,170.2,196.5,47.2,63.5,48.3
235,184.3,213.2,47.3,64.6,49.7
235,218.1,252.3,47.5,59.3,49.5
239,87.1,75.4,46.8,62.1,112.0
239,86.2,79.9,47.2,66.6,87.7
239,86.1,81.1,47.3,66.2,97.5
239,86.7,84.9,47.6,62.1,86.2
239,87.2,88.0,47.8,60.4,77.0
239,88.4,91.6,48.0,63.4,73.0
239,92.1,100.4,48.4,64.6,68.2
239,93.0,102.7,48.5,62.1,67.5
239,94.3,105.4,48.6,67.2,63.7
239,98.3,111.7,48.8,64.9,58.6
239,103.0,119.2,49.0,67.7,56.9
239,106.3,123.3,49.1,65.6,51.4
239,124.5,147.6,49.5,58.7,51.7
239,130.3,155.2,49.6,65.0,52.8
239,147.1,175.7,49.8,60.8,51.7
239,157.3,187.9,49.9,63.8,50.0
239,170.3,202.5,50.0,64.1,48.3
250,89.6,70.9,52.8,61.2,130.2
250,88.6,72.7,53.0,65.5,114.4
250,88.5,73.6,53.1,67.6,101.2
250,88.0,75.1,53.3,65.5,111.8
250,87.7,76.0,53.4,59.8,104.9
250,87.7,79.0,53.7,65.8,85.1
250,88.0,82.9,54.0,58.7,85.7
250,88.5,85.3,54.2,64.9,73.2
250,92.4,95.6,54.8,66.1,69.5
250,93.6,97.7,54.9,67.7,60.9
250,94.7,100.0,55.0,66.9,64.5
250,97.6,105.2,55.2,63.3,62.9
250,99.6,107.7,55.3,59.6,51.5
250,101.4,110.6,55.4,63.1,58.2
250,109.7,121.8,55.7,66.3,52.6
250,112.8,126.1,55.8,63.5,53.4
250,126.4,143.8,56.1,58.8,50.0
250,132.2,150.8,56.2,63.4,50.5
250,139.2,158.9,56.3,64.4,48.7
250,147.2,168.3,56.4,64.8,50.0
250,156.6,179.2,56.5,64.0,49.2
250,168.1,192.0,56.6,63.2,47.9
254,89.3,90.7,51.8,60.7,77.0
254,89.5,92.4,51.9,61.5,81.1
254,91.6,97.8,52.2,63.1,72.3
254,92.5,99.9,52.3,62.4,65.8
254,93.6,102.3,52.4,64.5,65.6
254,94.6,104.6,52.5,59.9,67.4
254,97.9,112.6,52.8,64.9,67.0
254,101.2,119.2,53.0,62.1,62.9
254,108.1,131.2,53.3,60.2,59.4
254,111.1,136.4,53.4,61.4,59.3
254,118.3,148.0,53.6,60.4,58.4
254,122.7,155.0,53.7,59.5,57.9
254,128.8,164.0,53.8,66.3,55.7
254,135.5,173.6,53.9,61.4,55.1
256,72.8,83.0,52.1,62.0,113.9
256,72.4,87.9,52.5,60.0,98.5
256,72.5,90.6,52.7,62.9,86.6
256,73.0,93.7,52.9,65.5,75.6
256,73.3,97.6,53.1,63.9,85.7
256,73.7,99.6,53.2,59.7,78.0
256,74.6,103.9,53.4,62.8,78.5
256,75.5,106.4,53.5,61.8,70.9
256,77.0,111.6,53.7,59.8,74.6
256,79.2,118.5,53.9,62.9,74.4
256,83.9,129.1,54.2,59.0,66.1
256,86.2,133.8,54.3,60.1,63.3
256,88.9,138.9,54.4,59.9,62.2
256,91.7,144.7,54.5,60.9,64.6
256,95.0,151.0,54.6,59.0,62.5
256,98.3,158.2,54.7,59.4,65.4
256,102.8,166.4,54.8,59.0,61.0
256,115.3,186.2,55.0,59.0,56.7
258,76.6,74.9,52.9,67.1,124.2
258,76.4,75.8,53.0,65.5,107.9
258,75.0,78.9,53.4,65.8,103.7
258,74.1,82.7,53.7,62.1,114.3
258,74.1,83.8,53.8,60.1,88.0
258,74.5,87.5,54.1,67.0,85.4
258,76.2,99.3,54.8,62.3,63.3
258,76.6,101.4,54.9,60.5,79.8
258,77.0,103.6,55.0,60.2,79.7
258,77.6,106.0,55.1,60.6,76.1
258,79.4,111.3,55.3,61.7,72.0
258,80.4,114.2,55.4,59.5,70.9
258,81.4,117.7,55.5,63.7,74.5
258,84.6,124.9,55.7,59.5,64.5
258,89.2,133.6,55.9,59.4,66.3
258,98.1,151.7,56.2,59.6,60.3
258,106.5,167.3,56.4,60.2,61.7
258,118.6,187.8,56.6,59.5,58.3
258,126.1,200.8,56.7,58.8,59.9
259,80.1,69.8,53.1,65.7,134.4
259,77.9,72.6,53.5,59.1,122.9
259,73.4,82.0,54.5,65.1,117.8
259,73.1,83.2,54.6,64.3,104.2
259,73.4,86.4,54.9,60.0,88.4
259,73.4,87.8,55.0,62.7,90.4
259,73.3,89.3,55.1,65.3,94.3
259,73.3,91.0,55.2,67.1,89.2
259,73.4,92.7,55.3,65.3,86.2
259,73.5,94.4,55.4,63.5,89.3
259,74.0,98.6,55.6,64.6,85.2
259,74.3,100.7,55.7,60.6,81.3
259,74.7,102.9,55.8,62.1,78.4
259,75.6,105.5,55.9,65.5,72.1
259,76.5,108.3,56.0,66.9,71.7
259,77.2,111.3,56.1,66.2,77.3
259,78.3,114.2,56.2,59.9,68.2
259,79.4,117.5,56.3,60.1,72.6
259,80.5,121.1,56.4,62.0,72.1
259,82.0,125.0,56.5,60.8,70.0
259,83.6,129.5,56.6,64.1,69.9
259,85.7,134.3,56.7,61.0,66.0
259,88.2,139.5,56.8,60.9,64.6
259,91.2,145.4,56.9,61.0,63.2
259,94.6,152.3,57.0,63.1,63.7
259,98.6,160.1,57.1,62.7,62.8
259,103.5,168.8,57.2,61.3,60.9
259,109.4,179.1,57.3,62.5,60.2
259,116.3,191.1,57.4,61.8,59.9
259,124.8,205.2,57.5,61.3,59.1
259,135.1,222.0,57.6,60.4,58.5
259,147.8,242.3,57.7,59.5,57.9
264,75.5,80.6,59.2,61.9,105.1
264,74.5,90.5,59.9,63.7,101.5
264,74.9,94.2,60.1,63.4,84.2
264,80.2,115.4,60.9,67.2,70.4
264,87.8,132.1,61.3,64.9,60.4
264,90.5,137.2,61.4,61.7,61.9
264,93.8,143.1,61.5,63.5,60.8
264,97.4,149.4,61.6,60.5,60.5
264,101.7,157.0,61.7,63.8,60.5
264,106.6,165.6,61.8,63.7,60.5
264,112.2,175.1,61.9,60.2,58.9
264,119.5,186.2,62.0,61.3,57.2
264,127.7,199.3,62.1,60.6,57.8
264,137.6,214.7,62.2,59.8,57.2
264,149.8,233.6,62.3,60.1,57.1
266,72.5,87.9,56.6,61.0,99.7
266,72.8,92.6,56.9,67.2,91.7
266,73.0,96.4,57.1,62.2,82.4
266,73.7,100.4,57.3,61.2,79.8
266,74.1,102.8,57.4,67.1,79.5
266,74.5,105.4,57.5,66.1,81.2
266,75.5,108.0,57.6,62.9,69.2
266,76.5,110.8,57.7,62.6,70.7
266,77.5,113.8,57.8,62.0,70.8
266,78.9,117.2,57.9,62.6,68.0
266,80.3,121.0,58.0,65.9,69.6
266,82.0,125.0,58.1,63.2,66.8
266,84.0,129.5,58.2,63.2,66.0
266,86.8,134.5,58.3,64.7,60.6
266,89.6,139.9,58.4,62.0,63.2
266,92.6,146.1,58.5,63.6,64.3
266,96.1,153.1,58.6,63.1,63.0
266,100.6,160.9,58.7,61.9,60.1
266,105.7,170.1,58.8,63.1,60.8
266,112.1,180.5,58.9,62.1,58.5
267,75.7,74.9,56.6,64.6,128.4
267,73.4,78.9,57.0,61.4,120.5
267,72.5,82.9,57.3,64.0,105.0
267,72.3,87.1,57.6,66.1,85.6
267,72.0,89.8,57.8,63.1,95.7
267,72.2,93.2,58.0,62.2,81.4
267,73.7,102.1,58.4,67.2,79.1
267,74.3,104.5,58.5,64.0,77.6
267,78.6,117.3,58.9,65.1,67.1
267,81.5,125.1,59.1,60.3,66.8
267,83.4,129.7,59.2,64.9,66.7
267,85.9,134.8,59.3,64.9,64.5
267,91.8,147.3,59.5,65.4,62.6
267,96.3,154.7,59.6,65.4,58.4
267,100.5,163.1,59.7,64.9,63.8
267,105.5,172.8,59.8,64.1,62.3
267,112.4,184.2,59.9,64.6,58.8
268,88.5,74.4,57.5,67.5,110.2
268,88.3,76.9,57.8,62.8,85.9
268,88.3,77.9,57.9,64.6,93.4
268,88.4,78.9,58.0,61.4,81.2
268,88.7,80.0,58.1,64.5,74.5
268,88.9,81.0,58.2,59.1,82.2
268,89.5,83.8,58.4,65.3,65.2
268,90.3,86.8,58.6,64.5,72.3
268,90.7,88.3,58.7,67.0,75.8
268,91.2,89.9,58.8,64.6,72.2
268,92.9,93.7,59.0,66.3,63.9
268,93.7,95.7,59.1,66.0,68.8
268,96.0,100.5,59.3,64.7,62.6
268,97.5,102.8,59.4,62.4,57.2
268,99.2,105.5,59.5,66.3,57.7
268,101.0,108.3,59.6,64.7,57.3
268,103.2,111.4,59.7,66.6,55.6
268,105.6,114.9,59.8,67.5,54.7
268,115.4,127.8,60.1,61.1,51.6
268,119.4,132.8,60.2,64.0,50.9
268,124.0,138.8,60.3,67.7,52.3
268,143.8,161.4,60.6,61.7,47.8
268,152.8,171.2,60.7,64.6,47.4
268,163.4,182.7,60.8,64.2,47.3
268,176.0,196.3,60.9,63.9,47.2
269,79.8,72.7,56.8,60.1,126.1
269,75.7,78.9,57.5,63.3,115.4
269,74.0,84.0,58.0,59.5,98.3
269,73.5,86.9,58.2,62.2,95.6
269,73.8,89.4,58.4,66.4,83.0
269,74.1,92.4,58.6,65.2,83.0
269,75.0,95.7,58.8,67.7,75.6
269,75.4,97.7,58.9,62.8,78.8
269,76.1,99.7,59.0,62.6,72.3
269,76.7,101.8,59.1,59.3,73.3
269,78.4,106.4,59.3,62.2,69.1
269,80.7,111.4,59.5,59.9,66.0
269,83.8,117.4,59.7,59.0,65.9
269,90.4,128.7,60.0,65.8,56.0
269,102.6,149.6,60.4,67.3,58.3
269,140.7,204.8,61.0,63.8,54.6
271,107.7,95.8,57.8,64.9,62.4
271,109.2,97.9,57.9,65.6,53.5
271,111.2,100.2,58.0,64.6,49.9
271,113.1,102.7,58.1,65.2,51.9
271,115.3,105.1,58.2,60.3,47.9
271,120.3,111.2,58.4,60.8,50.4
271,123.5,114.4,58.5,63.0,46.0
271,127.3,118.3,58.6,67.5,45.8
271,131.5,122.3,58.7,62.2,43.0
271,136.1,126.9,58.8,65.7,45.5
271,141.1,132.0,58.9,64.8,45.5
271,146.7,137.5,59.0,62.3,44.4
271,153.5,143.5,59.1,60.8,41.2
271,161.8,150.7,59.2,64.6,41.1
271,171.0,158.7,59.3,62.3,41.1
271,181.4,167.9,59.4,62.1,41.3
271,193.8,178.3,59.5,60.2,40.1
271,208.5,191.0,59.6,62.3,40.9
271,226.2,205.8,59.7,60.5,40.0
273,99.5,72.6,58.5,66.1,88.1
273,100.0,80.0,59.2,60.4,72.4
273,106.8,93.5,60.1,62.2,57.6
273,109.9,97.6,60.3,64.0,49.6
273,114.0,102.6,60.5,59.5,52.0
273,116.5,105.3,60.6,67.2,47.6
273,119.1,108.2,60.7,65.1,48.4
273,122.2,111.2,60.8,62.2,43.6
273,139.2,127.7,61.2,64.0,43.2
273,151.4,139.1,61.4,64.7,41.7
273,167.9,154.0,61.6,65.6,41.7
273,178.7,163.2,61.7,67.2,40.4
273,191.5,173.6,61.8,64.8,39.3
278,78.9,70.8,65.2,61.3,132.4
278,77.0,73.7,65.6,63.5,125.1
278,76.4,75.5,65.8,60.5,133.9
278,74.9,78.5,66.1,61.8,116.7
278,74.5,79.5,66.2,63.2,108.3
278,74.0,81.8,66.4,64.2,102.6
278,73.5,84.3,66.6,66.0,100.4
278,73.2,85.7,66.7,65.8,104.1
278,72.8,87.0,66.8,60.8,103.6
278,72.9,90.2,67.0,64.3,85.5
278,73.2,93.6,67.2,59.1,81.9
278,73.4,95.5,67.3,66.2,82.0
278,73.8,99.6,67.5,61.5,80.4
278,74.4,101.8,67.6,60.9,75.6
278,75.6,107.2,67.8,66.3,78.2
278,76.4,109.8,67.9,60.2,73.4
278,78.3,116.5,68.1,65.8,73.6
278,79.6,120.1,68.2,63.2,69.4
278,81.2,124.3,68.3,66.7,69.6
278,85.5,134.3,68.5,59.4,67.9
278,88.1,139.6,68.6,60.9,64.1
278,91.2,145.7,68.7,63.1,62.7
278,94.7,152.6,68.8,63.0,63.2
278,99.1,160.9,68.9,66.3,62.2
278,103.7,170.0,69.0,62.7,63.2
278,109.9,180.7,69.1,63.4,59.8
278,116.4,193.4,69.2,63.6,63.1
278,124.7,208.1,69.3,61.9,60.4
282,89.2,91.7,67.0,62.2,67.5
282,92.2,99.7,67.4,60.7,58.6
282,97.8,112.5,67.9,60.6,62.2
282,99.7,115.9,68.0,65.6,61.7
282,101.7,119.6,68.1,62.9,60.8
282,103.9,123.3,68.2,58.9,59.9
282,106.4,127.7,68.3,62.9,60.2
282,116.9,143.9,68.6,62.3,57.1
282,203.3,221.9,72.0,59.6,46.8
284,78.2,76.0,64.9,60.1,110.7
284,76.8,79.1,65.2,58.9,112.0
284,75.9,82.3,65.5,67.2,112.8
284,75.9,84.9,65.7,64.1,82.0
284,76.1,86.2,65.8,59.6,84.2
284,76.1,90.5,66.1,65.2,90.9
284,76.2,92.2,66.2,64.8,85.8
284,76.2,93.9,66.3,62.1,87.8
284,77.1,95.7,66.4,63.0,64.8
284,77.7,97.6,66.5,64.1,73.6
284,78.0,99.6,66.6,60.0,81.3
284,78.7,102.0,66.7,66.4,72.8
284,79.7,104.4,66.8,65.0,68.4
284,80.9,107.2,66.9,67.1,65.1
284,82.6,112.8,67.1,65.2,73.9
284,83.8,116.0,67.2,60.6,68.6
284,85.5,119.5,67.3,62.5,65.1
284,87.0,123.6,67.4,65.8,69.0
284,89.8,127.9,67.5,62.4,56.8
284,92.0,132.7,67.6,63.8,65.5
284,94.6,138.1,67.7,63.0,63.8
284,97.7,143.8,67.8,60.6,62.2
284,102.0,150.7,67.9,65.4,57.9
284,106.5,158.4,68.0,62.9,59.5
284,111.9,166.8,68.1,60.5,57.5
284,117.9,176.8,68.2,61.9,58.8
284,125.4,188.5,68.3,61.9,57.5
285,100.5,71.0,65.5,60.3,102.7
285,100.0,75.1,66.0,60.6,90.0
285,100.0,76.0,66.1,59.9,92.8
285,100.3,78.1,66.3,67.3,79.7
285,102.8,83.8,66.8,66.4,60.5
285,103.4,85.1,66.9,63.3,62.5
285,105.1,88.0,67.1,60.3,57.3
285,106.1,89.6,67.2,63.9,55.6
285,107.3,91.4,67.3,65.5,57.0
285,109.9,95.4,67.5,65.5,55.4
285,111.6,97.5,67.6,65.9,51.1
285,113.4,99.6,67.7,60.8,49.7
285,115.5,101.8,67.8,59.6,46.0
285,117.8,104.5,67.9,66.2,49.6
285,120.3,107.3,68.0,64.8,48.6
285,123.4,110.3,68.1,64.5,44.0
285,126.8,113.7,68.2,64.7,44.6
285,130.5,117.3,68.3,64.2,44.6
285,146.3,130.9,68.6,63.6,38.4
285,153.0,136.4,68.7,63.4,39.5
285,160.6,143.0,68.8,67.4,40.8
285,169.3,150.0,68.9,63.3,39.1
285,179.4,158.4,69.0,65.4,39.7
285,191.0,167.7,69.1,62.5,38.6
285,204.5,178.5,69.2,61.7,38.5
292,75.9,76.9,68.5,67.5,117.9
292,75.6,77.8,68.6,64.2,108.3
292,75.5,78.8,68.7,60.7,98.0
292,75.1,80.8,68.9,67.2,96.1
292,75.2,81.9,69.0,65.9,85.9
292,75.4,84.6,69.2,63.2,82.3
292,75.5,85.9,69.3,62.4,84.3
292,76.1,90.2,69.6,59.0,69.6
292,76.0,93.8,69.8,62.1,80.5
292,76.4,95.6,69.9,64.9,77.1
292,77.1,97.6,70.0,65.4,70.5
292,77.6,99.7,70.1,61.5,76.9
292,78.8,104.0,70.3,60.2,78.1
292,80.4,109.6,70.5,62.0,72.3
292,81.2,112.5,70.6,60.9,73.4
292,82.2,115.7,70.7,61.8,72.8
292,83.6,119.1,70.8,61.1,68.7
292,89.7,131.7,71.1,59.8,63.3
292,92.5,136.7,71.2,60.6,61.0
292,95.3,142.6,71.3,63.4,64.0
292,98.4,148.9,71.4,61.0,64.1
292,102.7,156.4,71.5,63.9,60.1
292,107.7,164.7,71.6,61.5,58.8
292,113.4,174.7,71.7,64.4,60.3
292,128.4,197.9,71.9,60.1,57.6
292,138.0,213.6,72.0,61.8,58.7
293,89.7,72.7,68.1,64.2,102.6
293,88.8,79.4,68.8,66.3,86.5
293,88.6,80.5,68.9,63.7,98.2
293,92.2,92.6,69.8,64.0,61.2
293,95.3,98.6,70.1,64.5,64.8
293,96.6,100.7,70.2,61.5,57.8
293,120.0,132.0,71.1,63.8,51.0
293,124.5,137.4,71.2,62.7,50.5
293,129.8,143.1,71.3,59.2,47.0
293,135.8,150.0,71.4,63.5,48.5
293,142.6,157.7,71.5,62.6,48.8
293,150.7,166.8,71.6,63.4,48.2
294,106.6,127.7,68.3,58.8,60.3
294,117.9,145.4,68.6,58.8,56.6
294,122.1,152.2,68.7,60.4,58.3
294,127.3,159.8,68.8,60.1,55.6
294,133.8,169.0,68.9,63.0,54.6
294,140.2,179.4,69.0,60.7,58.2
294,148.3,191.2,69.1,59.4,55.8
294,156.8,205.1,69.2,59.0,58.6
300,77.9,111.9,71.4,64.8,69.3
300,80.6,118.8,71.6,63.2,69.7
300,82.3,122.6,71.7,62.8,66.1
300,83.7,126.8,71.8,62.5,70.4
300,86.0,131.4,71.9,63.0,64.3
300,89.0,136.7,72.0,65.2,60.0
300,98.5,156.7,72.3,61.3,64.1
300,116.1,186.1,72.6,60.7,56.6
300,124.4,199.4,72.7,61.9,58.3
309,77.9,74.3,0.2,61.8,122.5
309,77.0,75.8,0.4,66.8,109.6
309,76.5,76.7,0.5,61.4,120.0
309,75.9,78.9,0.7,64.9,104.2
309,74.7,83.7,1.2,63.8,99.0
309,74.6,86.4,1.4,60.1,90.4
309,74.9,87.7,1.5,61.8,77.2
309,74.9,92.4,1.8,61.4,90.7
309,75.2,95.7,2.0,63.3,84.3
309,75.5,97.6,2.1,61.9,80.8
309,76.5,101.6,2.3,63.2,73.6
309,79.2,111.9,2.7,63.3,72.3
310,97.4,70.9,0.5,66.7,103.0
310,96.8,73.1,0.8,61.9,94.9
310,96.8,73.9,0.9,66.4,89.0
310,96.7,74.8,1.0,66.2,94.6
310,96.8,77.8,1.3,63.4,81.2
310,96.8,78.8,1.4,64.3,88.0
310,97.1,79.9,1.5,63.3,75.8
310,99.4,85.9,2.0,66.0,72.0
310,100.9,88.8,2.2,64.4,59.9
310,102.1,90.5,2.3,67.6,55.5
310,103.1,92.3,2.4,66.5,60.9
310,104.3,94.1,2.5,62.3,56.5
310,105.6,96.1,2.6,63.5,57.0
310,106.8,98.2,2.7,63.1,59.1
310,113.2,105.6,3.0,64.1,47.6
310,115.9,108.3,3.1,62.8,45.5
310,122.2,115.1,3.3,64.4,50.1
310,130.9,123.3,3.5,62.7,42.0
310,152.8,144.1,3.9,62.0,43.2
310,160.6,151.0,4.0,61.7,41.9
310,169.8,159.0,4.1,62.1,41.1
310,180.4,168.4,4.2,62.9,41.4
310,192.9,179.1,4.3,61.2,40.4
310,208.5,191.7,4.4,61.5,39.2
310,226.2,206.8,4.5,60.8,40.3
310,248.2,225.4,4.6,61.4,40.2
311,88.8,75.7,1.8,67.4,96.9
311,88.9,78.8,2.1,62.4,90.9
311,89.0,79.8,2.2,59.0,89.7
311,89.6,85.8,2.7,63.0,83.5
311,90.8,90.5,3.0,64.7,76.8
311,91.5,92.1,3.1,61.9,66.6
311,95.8,100.7,3.5,64.8,61.5
311,101.8,110.7,3.9,62.6,56.0
311,104.0,114.2,4.0,67.4,57.2
311,106.7,117.8,4.1,65.0,53.8
311,109.5,121.9,4.2,67.2,55.6
311,112.7,126.1,4.3,61.7,52.6
311,116.7,130.7,4.4,61.7,48.7
311,121.1,136.1,4.5,65.6,51.2
311,126.1,142.0,4.6,62.6,49.8
311,155.6,174.4,5.0,63.0,48.4
311,166.7,186.0,5.1,61.8,46.2
312,80.5,70.5,0.9,65.9,127.4
312,79.0,72.7,1.2,62.5,125.2
312,77.7,74.6,1.5,63.5,116.3
312,75.9,77.6,1.8,66.4,112.4
312,75.5,78.6,1.9,64.1,109.0
312,75.2,81.6,2.2,61.8,95.0
312,74.9,82.7,2.3,60.2,106.5
312,74.7,92.4,3.0,62.8,85.7
312,75.0,95.5,3.2,63.7,85.1
312,75.3,97.5,3.3,64.9,81.5
312,75.6,99.6,3.4,62.9,83.2
312,76.0,101.9,3.5,64.4,80.1
312,82.4,120.6,4.2,60.2,68.2
312,83.9,124.5,4.3,60.9,68.2
312,85.7,128.7,4.4,60.0,66.9
312,90.5,138.2,4.6,60.1,65.0
312,117.2,184.9,5.2,66.2,59.5
312,125.2,197.4,5.3,59.3,57.5
323,250.1,123.6,3.7,63.5,204.6
323,230.9,115.4,3.9,60.5,205.0
323,222.6,111.6,4.0,62.3,204.4
323,215.4,108.2,4.1,62.2,205.9
323,208.5,105.2,4.2,58.7,203.0
323,202.8,102.1,4.3,67.1,208.7
325,75.3,75.8,5.6,65.6,113.5
325,74.8,76.8,5.7,64.8,116.0
325,72.5,83.5,6.3,67.0,99.3
325,72.2,84.6,6.4,60.2,102.1
325,72.1,85.9,6.5,64.2,95.9
325,71.9,90.8,6.8,61.6,95.0
325,72.1,94.5,7.0,64.9,87.6
325,73.5,101.5,7.3,64.3,77.0
325,74.1,104.0,7.4,65.8,77.0
325,74.5,106.7,7.5,66.7,81.2
325,75.3,109.5,7.6,65.3,73.3
325,76.2,112.6,7.7,64.8,74.4
325,78.8,119.9,7.9,67.0,71.7
325,80.5,123.9,8.0,64.9,68.2
325,82.3,128.4,8.1,64.7,67.3
325,84.7,133.5,8.2,67.6,65.4
325,87.5,139.2,8.3,66.3,63.4
325,94.4,153.0,8.5,65.3,62.8
325,98.8,161.3,8.6,66.0,62.2
325,103.9,170.8,8.7,65.2,61.8
325,109.9,181.9,8.8,64.7,61.3
325,117.7,194.9,8.9,64.3,59.0
325,127.0,210.0,9.0,62.3,58.5
325,138.5,228.9,9.1,63.6,58.7
325,152.9,252.4,9.2,63.2,58.5
327,89.2,74.7,5.4,60.9,111.8
327,88.8,78.9,5.8,64.0,81.2
327,88.8,79.9,5.9,59.6,89.8
327,88.9,82.0,6.1,58.8,86.9
327,89.1,83.2,6.2,67.2,81.6
327,90.0,86.6,6.5,63.8,68.7
327,90.6,88.1,6.6,66.7,67.5
327,90.9,89.7,6.7,62.8,77.6
327,92.3,93.1,6.9,62.5,62.2
327,105.9,115.3,7.8,63.4,57.9
327,114.5,126.1,8.1,59.7,51.1
327,118.1,130.9,8.2,63.7,52.6
327,122.5,136.4,8.3,65.1,51.1
327,127.4,142.2,8.4,61.7,50.0
327,132.8,148.7,8.5,60.8,50.0
327,139.4,156.0,8.6,60.8,48.2
327,147.1,164.4,8.7,60.8,47.5
327,155.5,173.9,8.8,59.6,48.5
327,165.2,184.8,8.9,59.1,48.3
327,177.4,197.7,9.0,58.9,46.5
329,100.8,78.8,6.0,65.0,83.9
329,101.9,81.0,6.2,67.4,59.4
329,102.3,82.2,6.3,64.1,74.3
329,103.4,84.9,6.5,63.3,59.9
329,104.9,87.5,6.7,64.7,65.3
329,106.8,90.5,6.9,65.0,62.3
329,107.9,92.2,7.0,61.3,56.5
329,116.7,102.5,7.5,65.7,52.0
329,121.5,107.3,7.7,60.6,48.8
329,124.4,110.3,7.8,62.2,44.9
329,131.1,116.8,8.0,63.4,45.4
329,135.0,120.7,8.1,62.9,44.9
329,139.8,124.9,8.2,61.8,41.3
329,144.9,129.6,8.3,63.3,42.8
329,151.0,134.7,8.4,60.3,39.6
329,157.9,140.3,8.5,60.5,39.4
329,165.4,146.8,8.6,61.8,41.0
329,173.9,154.2,8.7,61.3,40.8
329,184.4,162.3,8.8,59.2,37.8
329,196.3,171.7,8.9,59.2,38.2
334,88.9,81.9,8.7,63.8,85.2
334,90.7,87.1,9.1,63.9,71.0
334,91.0,88.6,9.2,62.9,78.8
334,92.7,93.9,9.5,59.5,62.9
334,93.8,95.8,9.6,65.4,59.4
334,96.2,100.5,9.8,61.1,59.8
334,101.2,108.1,10.1,62.6,52.3
334,108.1,118.3,10.4,60.9,54.5
336,91.8,134.2,11.0,62.4,63.3
336,94.6,139.8,11.1,63.5,63.4
336,98.1,145.8,11.2,61.8,59.7
336,112.4,169.5,11.5,59.9,58.5
336,118.6,179.8,11.6,61.2,58.9
336,126.2,191.7,11.7,60.8,57.7
336,135.3,205.7,11.8,59.7,56.8
336,146.7,222.6,11.9,60.2,56.1
336,160.6,243.2,12.0,59.6,56.0
338,76.0,87.9,11.7,60.9,89.5
338,76.1,89.4,11.8,63.2,86.2
338,76.0,91.0,11.9,61.5,93.2
338,76.1,92.6,12.0,62.1,86.8
338,77.0,96.5,12.2,66.0,71.4
338,78.4,103.3,12.5,62.9,78.7
338,79.5,105.6,12.6,60.2,64.0
338,80.2,108.3,12.7,62.4,76.6
338,85.3,122.1,13.1,61.0,67.5
338,87.1,126.0,13.2,58.7,64.9
338,102.1,155.1,13.7,60.4,61.8
338,119.0,183.3,14.0,59.4,58.8
338,127.2,195.8,14.1,60.1,56.7
338,136.8,210.7,14.2,60.5,57.3
338,148.9,228.6,14.3,59.9,55.9
338,163.9,250.4,14.4,59.0,55.5
339,74.9,79.7,12.2,58.8,93.6
339,74.5,80.8,12.3,64.4,111.3
339,74.1,92.7,13.2,63.6,94.9
339,74.6,96.7,13.4,65.8,78.8
339,75.1,98.8,13.5,66.2,77.0
339,79.3,113.9,14.1,65.7,68.2
339,80.5,117.1,14.2,61.2,70.4
339,81.8,121.0,14.3,65.9,70.6
339,83.7,124.9,14.4,61.8,64.9
339,85.5,129.1,14.5,59.6,66.1
339,87.8,134.1,14.6,64.6,65.7
339,90.7,139.7,14.7,64.6,62.4
339,93.6,145.9,14.8,63.1,65.3
339,97.5,152.8,14.9,62.9,60.6
339,101.9,160.5,15.0,61.5,60.1
339,106.7,169.4,15.1,61.9,61.7
339,113.3,179.8,15.2,62.2,57.4
339,120.6,191.9,15.3,62.0,59.1
339,129.4,206.1,15.4,60.6,58.1
339,140.6,223.4,15.5,61.5,57.1
339,154.1,244.1,15.6,59.5,56.9
345,187.2,98.1,16.4,60.4,202.3
345,182.6,95.7,16.5,66.1,208.6
345,179.5,93.4,16.6,65.2,215.8
345,166.6,87.7,16.9,65.3,203.8
359,100.1,70.9,26.0,65.9,116.5
359,99.7,75.9,26.6,64.9,78.1
359,99.8,76.8,26.7,62.1,85.4
359,99.9,77.8,26.8,65.3,83.1
359,100.0,78.9,26.9,61.7,87.6
359,100.5,79.9,27.0,59.8,60.8
359,102.9,84.9,27.4,63.5,60.6
359,105.9,89.6,27.7,60.2,61.8
359,106.8,91.2,27.8,61.6,60.8
359,108.2,92.9,27.9,60.3,49.1
359,109.9,94.7,28.0,63.3,48.0
359,111.3,96.8,28.1,64.4,57.0
359,112.9,99.1,28.2,66.0,54.1
359,114.9,101.5,28.3,66.4,50.2
359,117.1,104.1,28.4,65.4,49.8
359,119.3,106.8,28.5,63.2,51.0
359,122.1,109.8,28.6,62.9,46.9
359,125.2,113.1,28.7,66.0,47.3
359,128.5,116.7,28.8,63.3,46.8
359,132.0,120.7,28.9,65.8,48.6
359,136.7,124.9,29.0,62.1,42.0
359,141.6,129.8,29.1,65.6,45.1
359,147.5,135.1,29.2,63.1,41.9
359,154.1,141.1,29.3,63.6,42.4
359,161.7,147.9,29.4,63.6,41.9
359,170.5,155.6,29.5,63.0,41.4
359,180.7,164.4,29.6,62.3,40.7
359,193.0,174.8,29.7,63.2,40.1
359,207.5,186.6,29.8,60.6,39.0
359,224.9,200.5,29.9,60.3,38.7
361,98.5,74.8,27.4,66.0,96.3
361,100.2,82.8,28.1,60.4,67.9
361,102.2,86.8,28.4,61.3,59.4
361,105.0,91.7,28.7,65.7,58.8
361,106.0,93.5,28.8,65.9,59.9
361,107.3,95.6,28.9,66.9,58.1
361,108.9,97.6,29.0,61.9,52.4
361,117.8,108.1,29.4,65.0,46.1
361,120.8,111.2,29.5,65.2,46.3
361,124.0,114.3,29.6,59.3,44.4
361,127.5,118.1,29.7,65.4,46.5
361,131.7,122.0,29.8,62.6,43.3
361,136.1,126.6,29.9,65.6,46.4
361,141.1,131.8,30.0,66.4,45.8
361,147.2,137.3,30.1,63.4,42.4
361,154.1,143.7,30.2,64.7,42.8
361,162.1,150.8,30.3,63.1,41.7
361,171.1,158.8,30.4,62.6,41.8
361,181.9,168.3,30.5,63.6,41.1
361,194.8,179.1,30.6,61.5,39.8
361,209.7,191.7,30.7,61.2,40.2
367,91.6,68.8,29.3,62.0,132.4
367,90.5,70.0,29.5,66.3,118.5
367,89.6,71.0,29.7,59.0,113.6
367,88.8,72.7,29.9,62.7,115.1
367,88.3,73.9,30.1,60.9,110.6
367,87.9,74.8,30.2,67.4,111.5
367,87.8,75.7,30.3,60.7,99.0
367,87.5,78.8,30.6,63.5,96.8
367,87.4,79.8,30.7,59.0,95.6
367,87.3,80.9,30.8,59.6,93.4
367,87.4,82.0,30.9,65.0,85.9
367,87.7,84.6,31.1,62.5,80.8
367,88.7,87.1,31.3,60.2,65.2
367,89.5,90.4,31.5,58.8,64.6
367,90.1,91.9,31.6,59.9,69.9
367,90.9,93.7,31.7,61.9,65.1
367,91.7,95.6,31.8,66.8,67.8
367,92.6,97.8,31.9,67.7,67.0
367,93.8,100.1,32.0,66.9,63.7
367,95.2,102.6,32.1,67.7,60.2
367,96.6,105.1,32.2,64.0,60.7
367,98.1,107.7,32.3,61.0,60.5
367,99.9,110.6,32.4,62.7,58.2
367,101.5,113.9,32.5,64.2,63.2
367,103.8,117.4,32.6,64.5,57.9
367,110.4,126.3,32.8,67.4,53.8
367,117.0,135.5,33.0,60.7,53.3
367,121.4,141.0,33.1,59.9,51.7
367,126.7,147.4,33.2,61.6,50.2
367,132.7,154.5,33.3,60.9,49.8
369,99.3,73.9,30.5,66.1,97.1
369,99.4,75.7,30.7,62.2,82.4
369,99.8,77.9,30.9,66.2,78.6
369,101.2,82.7,31.3,65.0,67.0
369,102.5,85.5,31.5,62.2,69.6
369,106.5,91.7,31.9,66.1,55.8
369,107.7,93.6,32.0,64.2,56.0
369,109.2,95.5,32.1,65.6,53.9
369,112.7,100.4,32.3,66.4,51.9
369,114.9,102.9,32.4,63.8,48.0
369,117.7,105.6,32.5,65.9,44.5
369,120.5,108.5,32.6,66.0,46.8
369,136.4,124.0,33.0,61.6,41.9
369,147.9,134.4,33.2,65.2,40.7
369,155.1,140.7,33.3,67.2,40.9
370,90.6,70.3,30.5,63.5,134.1
370,88.9,73.9,31.0,61.3,109.2
370,88.0,75.8,31.2,66.5,114.9
370,87.8,77.9,31.4,67.0,96.7
370,87.8,79.9,31.6,65.8,81.2
370,87.6,80.9,31.7,59.8,100.0
370,89.1,90.0,32.4,64.8,78.2
370,89.7,91.6,32.5,61.2,69.4
370,90.3,93.3,32.6,60.7,72.8
370,93.9,102.1,33.0,64.7,68.9
370,94.9,104.4,33.1,60.1,65.7
370,96.0,106.9,33.2,59.3,66.8
370,97.3,110.0,33.3,67.0,67.3
370,101.1,116.8,33.5,58.8,60.5
370,107.9,128.4,33.8,64.6,60.3
370,110.6,133.5,33.9,64.7,62.3
370,118.5,145.6,34.1,60.1,58.9
370,123.0,152.5,34.2,60.8,56.5
370,141.2,180.0,34.5,59.4,56.0
370,150.0,192.1,34.6,59.7,54.0
370,187.0,243.3,34.9,59.3,54.5
373,75.7,77.9,32.4,65.6,103.9
373,75.1,78.9,32.5,65.4,118.0
373,74.9,79.9,32.6,65.1,103.8
373,73.2,86.0,33.1,63.1,100.0
373,73.3,88.9,33.3,63.7,90.8
373,73.5,92.3,33.5,60.6,86.5
373,75.5,100.9,33.9,65.8,70.5
373,77.0,108.9,34.2,60.2,81.1
373,80.3,118.9,34.5,60.7,72.2
373,82.2,122.7,34.6,63.7,64.1
373,84.3,127.0,34.7,65.3,64.4
373,86.3,131.8,34.8,64.6,67.1
373,89.1,137.3,34.9,66.5,63.1
373,91.7,143.6,35.0,67.0,67.0
373,95.3,150.7,35.1,67.0,63.1
373,135.2,224.1,35.7,60.7,60.1
373,148.5,245.7,35.8,61.4,58.4
374,89.1,72.7,33.4,66.1,132.2
374,88.2,75.9,33.8,66.9,100.0
374,87.9,76.9,33.9,67.0,103.9
374,88.0,81.8,34.3,62.4,79.3
374,88.3,82.9,34.4,59.1,79.1
374,88.5,85.2,34.6,61.9,83.2
374,89.0,88.2,34.8,62.1,77.2
374,91.2,93.6,35.1,67.7,68.4
374,94.2,100.4,35.4,62.1,66.8
374,95.5,102.9,35.5,67.6,63.1
374,96.9,105.5,35.6,64.9,61.6
374,98.8,108.1,35.7,61.0,54.4
374,111.0,126.9,36.2,61.7,62.1
374,120.1,137.9,36.4,59.6,47.0
374,123.5,144.3,36.5,65.1,62.1
374,128.2,151.2,36.6,62.8,55.6
374,136.5,159.2,36.7,64.3,44.0
374,142.6,168.9,36.8,65.6,57.7
374,173.8,208.2,37.1,60.0,49.1
374,189.2,226.8,37.2,62.5,50.4
377,89.2,87.8,33.9,59.9,63.8
377,91.3,93.1,34.2,66.8,79.3
377,94.4,99.1,34.5,62.4,60.8
377,95.5,101.4,34.6,65.2,65.0
377,97.0,103.9,34.7,64.5,59.1
377,98.2,106.7,34.8,66.2,67.5
377,100.1,109.3,34.9,59.7,53.6
377,102.4,112.4,35.0,62.7,53.7
377,110.9,124.4,35.3,64.1,54.3
377,127.6,145.6,35.7,60.7,50.2
377,133.6,152.6,35.8,61.6,49.4
377,159.4,181.5,36.1,60.6,48.3
377,171.2,194.6,36.2,62.5,47.6
379,74.1,79.7,34.3,60.0,106.9
379,73.7,80.8,34.4,64.7,109.6
379,72.6,87.0,34.9,60.1,89.3
379,72.6,88.5,35.0,67.2,92.5
379,72.9,95.5,35.4,65.2,81.7
379,74.5,102.0,35.7,63.4,75.7
379,74.8,104.4,35.8,63.6,81.6
379,77.0,109.9,36.0,60.0,64.7
379,78.3,113.1,36.1,66.1,67.7
379,79.6,116.3,36.2,62.7,68.0
379,84.5,128.2,36.5,59.8,66.0
379,86.9,133.2,36.6,64.5,64.3
379,89.2,138.5,36.7,62.8,66.2
379,92.6,144.7,36.8,65.1,61.3
379,105.1,168.2,37.1,60.2,60.9
379,111.2,178.4,37.2,62.4,59.2
379,129.6,208.1,37.4,64.8,57.8
379,141.1,226.6,37.5,63.7,57.9
380,76.3,74.7,35.0,60.4,126.0
380,75.8,75.5,35.1,61.1,117.6
380,74.0,78.9,35.4,64.0,125.9
380,72.8,83.0,35.8,58.9,104.0
380,72.4,87.1,36.1,67.0,95.0
380,72.3,88.6,36.2,64.8,93.0
380,72.6,91.7,36.4,64.2,85.0
380,72.8,93.4,36.5,62.1,84.6
380,74.0,99.6,36.8,65.8,74.2
380,76.4,107.3,37.1,65.3,72.2
380,77.3,110.0,37.2,60.3,71.5
380,80.3,117.0,37.4,66.3,65.8
380,85.5,128.6,37.7,60.4,66.1
380,87.8,133.4,37.8,63.1,64.7
380,90.7,139.0,37.9,65.3,62.8
380,94.0,145.2,38.0,64.3,61.9
380,98.0,152.2,38.1,64.2,60.1
380,102.2,160.1,38.2,63.9,62.0
380,122.1,193.4,38.5,63.6,59.0
380,131.3,207.7,38.6,60.0,57.4
381,122.8,111.5,34.8,61.9,47.8
381,130.7,119.4,35.0,66.3,43.8
381,135.2,123.5,35.1,63.0,42.7
381,147.2,135.1,35.3,66.4,43.5
381,178.9,162.8,35.7,59.1,40.3
381,190.7,172.5,35.8,60.7,39.3
385,84.3,133.4,37.1,61.1,67.4
385,87.0,139.1,37.2,67.3,64.7
385,99.6,162.9,37.5,65.1,61.7
385,116.4,193.3,37.8,63.0,61.2
385,125.0,207.9,37.9,61.4,59.4
385,135.8,225.4,38.0,61.0,58.5
386,89.7,78.8,39.2,64.9,99.5
386,89.4,79.9,39.3,62.1,109.5
386,89.6,83.3,39.6,60.2,85.8
386,90.9,87.9,39.9,65.4,69.7
386,91.8,90.8,40.1,64.3,71.7
386,93.4,94.5,40.3,65.3,69.9
386,94.4,96.6,40.4,67.2,62.8
386,95.6,98.8,40.5,66.7,62.0
386,102.4,109.9,40.9,59.8,55.5
386,104.6,113.2,41.0,66.7,57.0
386,107.0,116.8,41.1,65.9,56.7
386,109.9,120.6,41.2,63.6,51.7
386,113.1,124.8,41.3,63.5,53.0
386,121.9,135.6,41.5,60.3,50.8
386,126.8,141.6,41.6,64.5,50.8
386,132.3,148.2,41.7,63.3,50.0
394,190.3,100.7,41.2,62.6,203.1
394,184.5,98.1,41.3,63.9,203.5
396,79.2,70.0,41.2,67.4,135.1
396,76.8,73.0,41.6,67.2,126.4
396,74.5,76.0,42.0,60.6,134.8
396,73.9,77.0,42.1,67.1,121.9
396,73.4,77.9,42.2,59.0,119.1
396,73.2,78.8,42.3,61.7,107.0
396,73.0,79.9,42.4,66.5,99.3
396,72.7,80.9,42.5,61.5,105.8
396,72.3,82.0,42.6,62.2,110.0
396,72.0,84.2,42.8,60.6,93.0
396,71.7,86.9,43.0,60.6,95.2
396,71.6,89.7,43.2,63.4,91.0
396,71.7,91.2,43.3,60.3,88.3
396,71.7,92.8,43.4,62.9,88.1
396,71.9,94.6,43.5,65.1,84.9
396,72.9,98.3,43.7,63.5,75.1
396,73.5,100.2,43.8,59.7,72.9
396,73.9,102.6,43.9,65.7,80.2
396,74.3,105.1,44.0,64.3,79.7
396,75.2,107.6,44.1,61.4,70.7
396,76.2,110.5,44.2,65.1,70.9
396,77.5,113.5,44.3,62.5,66.3
396,86.1,133.4,44.8,63.9,64.4
396,88.4,138.6,44.9,60.2,66.2
396,91.3,144.4,45.0,61.1,62.9
396,103.5,167.4,45.3,60.5,61.9
396,109.1,177.3,45.4,61.4,60.9
396,115.8,188.9,45.5,61.7,59.8
396,124.0,202.5,45.6,61.1,59.0
396,133.8,219.1,45.7,61.5,59.6
396,145.9,238.9,45.8,60.0,58.5
399,91.4,68.7,43.9,60.2,122.5
399,90.3,69.9,44.1,59.0,143.5
399,89.6,70.6,44.2,61.0,132.5
399,89.4,72.0,44.4,64.8,89.5
399,88.7,75.2,44.8,62.0,82.3
399,88.8,76.0,44.9,61.8,86.5
399,88.8,77.0,45.0,65.1,89.7
399,88.8,78.0,45.1,65.3,91.0
399,89.0,79.9,45.3,59.2,84.0
399,89.4,81.9,45.5,60.7,80.3
399,89.6,83.2,45.6,65.6,77.8
399,90.7,85.9,45.8,60.4,65.5
399,91.5,88.6,46.0,61.6,82.0
399,92.2,90.2,46.1,66.1,67.0
399,93.1,91.8,46.2,59.0,58.9
399,93.7,93.6,46.3,66.1,72.8
399,94.4,95.5,46.4,63.3,67.9
399,95.5,97.6,46.5,66.1,63.8
399,96.5,99.7,46.6,62.6,64.4
399,97.7,102.0,46.7,61.7,61.9
399,98.9,104.5,46.8,63.2,64.3
399,100.4,107.1,46.9,61.6,59.6
399,102.4,110.0,47.0,62.9,54.8
399,104.4,113.2,47.1,65.0,58.9
399,106.3,116.5,47.2,60.5,59.7
399,108.9,120.1,47.3,61.7,54.4
399,111.7,124.3,47.4,63.7,55.8
399,115.2,128.7,47.5,61.3,51.6
399,118.9,133.7,47.6,63.2,54.1
399,123.6,139.3,47.7,62.7,49.7
399,128.7,145.4,47.8,61.5,50.3
399,134.9,152.1,47.9,59.8,47.0
399,142.2,160.2,48.0,62.7,48.0
399,150.2,169.2,48.1,60.7,48.2
399,160.1,179.6,48.2,60.9,46.6
399,171.5,191.6,48.3,59.3,46.6
399,185.5,205.8,48.4,59.2,45.3
400,82.9,68.4,44.3,59.2,93.0
400,77.7,72.8,45.0,63.6,123.5
400,75.7,76.5,45.4,61.7,122.4
400,73.5,83.8,46.1,59.9,100.9
400,73.4,85.0,46.2,59.3,95.6
400,73.5,92.4,46.7,66.1,88.6
400,74.7,98.4,47.0,63.6,75.4
400,75.1,100.6,47.1,64.0,78.8
400,75.8,102.7,47.2,59.0,72.8
400,76.6,105.3,47.3,66.7,72.0
400,77.6,108.1,47.4,67.3,70.1
400,78.6,111.0,47.5,64.6,71.9
400,79.8,114.1,47.6,62.8,68.4
400,81.2,117.4,47.7,60.7,66.8
400,82.4,121.2,47.8,64.4,72.7
400,84.2,125.4,47.9,65.7,66.4
400,86.4,130.0,48.0,65.3,64.9
400,89.0,135.3,48.1,66.0,63.8
400,91.9,141.0,48.2,64.0,63.1
400,95.2,147.6,48.3,66.1,63.6
400,99.2,154.7,48.4,62.2,60.0
400,104.2,163.1,48.5,64.4,59.7
400,109.8,173.1,48.6,66.1,60.7
400,116.7,184.6,48.7,64.7,59.0
400,124.8,198.0,48.8,63.7,58.9
400,134.6,214.0,48.9,62.6,58.4
403,92.6,67.7,45.3,65.8,132.2
403,91.9,68.7,45.5,67.1,96.0
403,89.9,71.8,46.0,61.0,115.7
403,88.6,74.0,46.3,59.4,114.6
403,88.2,75.8,46.5,63.2,101.8
403,88.0,76.8,46.6,67.7,103.6
403,88.0,77.7,46.7,61.7,90.9
403,87.8,79.8,46.9,62.3,93.2
403,88.2,84.7,47.3,65.2,79.8
403,88.3,85.9,47.4,59.9,82.1
403,89.6,89.0,47.6,62.6,71.9
403,90.0,90.6,47.7,62.9,74.6
403,90.5,92.3,47.8,63.7,73.9
403,91.3,94.0,47.9,59.0,64.7
403,92.5,95.8,48.0,60.7,56.5
403,93.6,97.8,48.1,65.3,60.6
403,95.8,102.5,48.3,61.8,67.8
403,96.4,105.2,48.4,67.2,77.6
403,100.6,110.5,48.6,61.8,56.0
403,105.5,117.3,48.8,61.3,50.0
403,106.5,121.2,48.9,62.4,75.4
403,122.7,141.8,49.3,67.1,52.4
403,150.1,182.5,49.8,59.3,52.3
404,85.6,65.7,44.8,61.6,138.4
404,80.0,69.6,45.5,63.4,136.2
404,76.7,73.0,46.0,60.0,134.8
404,74.8,75.7,46.3,65.3,122.7
404,72.1,81.8,46.9,58.9,108.8
404,71.6,83.0,47.0,62.3,114.3
404,71.4,93.2,47.7,65.5,82.1
404,72.3,99.6,48.0,65.2,83.5
404,73.0,101.7,48.1,61.4,73.7
404,74.3,106.9,48.3,65.3,75.2
404,75.1,109.7,48.4,63.8,74.2
404,77.4,116.3,48.6,64.2,67.0
404,78.7,119.9,48.7,63.5,69.1
404,80.4,123.9,48.8,64.9,67.8
404,82.6,128.5,48.9,66.5,64.0
404,104.1,170.4,49.5,61.9,60.3
404,127.2,209.6,49.8,60.4,58.7
404,138.6,228.4,49.9,63.6,58.8
407,75.9,75.0,46.8,66.9,116.6
407,72.1,92.9,48.2,66.9,89.5
407,72.6,95.9,48.4,59.3,76.7
407,73.7,100.5,48.6,67.4,76.2
407,74.4,102.7,48.7,62.0,73.6
407,84.1,130.6,49.5,62.3,66.8
407,89.4,142.0,49.7,59.2,63.9
407,92.6,148.3,49.8,62.0,63.0
407,96.5,155.3,49.9,61.1,61.3
407,101.0,163.9,50.0,65.4,62.0
407,106.5,173.8,50.1,64.6,60.9
407,113.5,185.3,50.2,64.2,58.8
407,121.5,199.0,50.3,64.3,59.6
407,131.4,215.1,50.4,62.7,58.6
412,92.3,67.1,49.3,65.0,145.7
412,89.4,69.9,49.8,63.1,130.3
412,87.1,74.1,50.4,60.8,118.8
412,86.8,74.9,50.5,61.0,110.8
412,86.2,77.9,50.8,64.0,106.3
412,86.1,78.8,50.9,61.5,95.7
412,85.9,80.9,51.1,61.3,85.6
412,86.3,84.8,51.4,63.1,79.0
412,88.3,90.6,51.8,64.9,65.9
412,88.8,92.4,51.9,67.4,73.6
412,89.7,94.1,52.0,62.0,63.5
412,91.8,98.4,52.2,59.8,67.1
412,92.8,100.5,52.3,62.7,64.6
412,94.3,102.9,52.4,62.7,56.8
412,95.9,105.5,52.5,66.7,59.0
412,101.7,114.4,52.8,59.8,54.4
412,104.3,118.1,52.9,67.3,55.6
412,111.0,126.8,53.1,60.3,53.3
412,114.8,131.4,53.2,61.4,50.3
412,130.1,149.6,53.5,60.3,49.4
412,154.1,175.8,53.8,59.4,47.6
412,165.1,187.5,53.9,61.7,46.9
412,178.1,201.1,54.0,59.9,46.2
412,194.0,217.9,54.1,61.2,46.6
413,102.8,64.9,49.0,66.0,143.0
413,98.5,72.5,50.1,65.8,109.0
413,98.3,73.9,50.3,65.1,83.1
413,98.1,76.9,50.6,60.6,94.4
413,98.9,80.0,50.9,62.4,76.0
413,100.0,82.6,51.1,67.1,68.0
413,101.4,85.6,51.3,64.2,68.1
413,106.5,94.3,51.8,64.6,59.9
413,108.0,96.3,51.9,63.4,51.0
413,114.2,104.1,52.2,63.0,54.5
413,116.5,106.6,52.3,60.4,49.0
413,119.2,109.7,52.4,67.5,48.3
413,130.8,121.5,52.7,59.9,44.3
413,135.4,125.9,52.8,63.0,43.9
413,140.8,131.0,52.9,66.3,43.2
424,86.7,77.0,53.9,67.7,97.7
424,86.8,77.9,54.0,64.2,86.0
424,86.8,79.0,54.1,65.1,89.0
424,86.8,80.0,54.2,61.4,90.0
424,87.2,81.0,54.3,60.3,69.1
424,87.6,83.2,54.5,65.2,78.8
424,88.5,85.9,54.7,62.8,69.2
424,89.6,88.7,54.9,66.0,67.5
424,91.1,91.7,55.1,63.2,67.7
424,92.0,93.6,55.2,67.6,62.6
424,93.0,95.5,55.3,65.6,62.5
424,95.1,99.5,55.5,64.3,62.9
424,104.4,115.6,56.1,60.7,56.3
424,107.4,119.1,56.2,62.5,50.4
424,110.5,123.0,56.3,61.2,50.5
424,113.5,127.3,56.4,61.4,54.9
424,116.5,132.2,56.5,63.5,59.3
424,124.8,143.3,56.7,60.8,52.9
424,130.6,150.0,56.8,62.1,49.5
424,136.8,157.7,56.9,62.4,51.1
424,143.9,166.3,57.0,60.8,50.3
424,165.1,190.3,57.2,63.5,48.9
432,88.3,80.3,58.1,65.1,93.1
432,89.1,83.8,58.4,64.2,74.8
432,89.8,86.7,58.6,67.3,74.8
432,91.1,90.6,58.9,60.9,74.6
432,91.7,92.4,59.0,67.1,70.8
432,92.4,94.0,59.1,59.6,68.5
432,94.3,97.8,59.3,64.9,61.9
432,95.4,100.1,59.4,66.3,64.4
432,98.0,104.6,59.6,62.4,59.7
432,99.9,107.4,59.7,65.3,56.5
432,101.6,110.4,59.8,65.4,60.2
432,103.4,113.5,59.9,62.7,60.2
432,105.6,116.7,60.0,59.1,55.1
432,108.5,120.6,60.1,64.7,53.2
432,114.7,128.8,60.3,62.0,54.3
432,118.1,133.8,60.4,62.6,55.8
432,122.7,139.2,60.5,60.3,49.1
432,127.9,145.3,60.6,61.5,49.6
432,133.6,152.0,60.7,59.6,49.8
432,140.4,159.8,60.8,61.0,48.6
432,148.3,168.5,60.9,59.7,48.0
432,157.5,178.5,61.0,58.8,47.4
434,72.6,90.1,58.4,60.7,89.0
434,73.5,96.0,58.7,67.6,84.3
434,73.9,98.0,58.8,65.0,80.7
434,74.9,102.0,59.0,60.4,74.9
434,75.2,104.5,59.1,66.8,83.1
434,77.0,109.9,59.3,58.9,70.9
434,78.8,113.1,59.4,67.0,60.7
434,79.9,116.3,59.5,62.5,71.0
434,81.9,120.0,59.6,65.5,61.4
434,83.2,124.1,59.7,64.0,72.1
434,84.9,128.2,59.8,60.0,67.7
434,87.4,133.2,59.9,65.4,63.4
434,90.1,138.5,60.0,62.9,62.7
434,93.2,144.4,60.1,62.2,62.5
434,96.7,151.0,60.2,61.3,62.4
434,100.9,158.7,60.3,63.8,61.3
434,105.9,167.3,60.4,61.7,59.9
434,111.8,177.4,60.5,62.4,59.5
434,119.2,189.5,60.6,63.4,58.7
434,128.0,203.0,60.7,60.4,56.8
434,138.7,219.7,60.8,61.4,57.4
434,151.9,239.8,60.9,60.2,56.7
439,74.8,87.2,60.0,59.1,91.4
439,75.0,92.4,60.3,63.1,84.5
439,75.3,94.0,60.4,59.7,82.3
439,75.4,95.9,60.5,63.6,85.2
439,75.9,97.8,60.6,63.2,75.9
439,76.7,100.0,60.7,65.3,68.6
439,77.9,104.9,60.9,61.5,73.9
439,79.0,107.7,61.0,67.2,68.4
439,81.4,114.6,61.2,63.0,71.6
439,84.0,121.3,61.4,62.4,70.9
439,86.1,125.5,61.5,65.4,63.0
439,88.4,130.0,61.6,62.3,62.9
439,90.8,135.2,61.7,65.9,65.9
439,93.6,141.1,61.8,65.4,64.3
439,97.2,147.7,61.9,66.1,61.5
439,106.9,165.3,62.1,65.1,59.1
439,137.4,214.5,62.5,60.4,57.9
455,79.2,71.0,64.0,65.1,135.7
455,75.0,78.1,64.9,61.6,110.8
455,74.7,81.0,65.2,60.5,83.2
455,74.7,82.2,65.3,65.7,91.3
455,74.3,84.8,65.5,64.5,97.8
455,74.2,86.0,65.6,59.2,95.6
455,73.7,88.6,65.8,59.6,94.6
455,73.8,91.7,66.0,67.4,87.6
455,73.9,93.3,66.1,62.5,86.6
455,74.8,99.6,66.4,65.8,78.3
455,75.1,101.7,66.5,59.1,81.2
455,77.4,109.1,66.8,59.1,71.9
455,78.4,112.2,66.9,66.4,70.9
455,79.6,115.4,67.0,62.6,69.8
455,80.9,118.7,67.1,59.3,68.9
455,82.2,122.3,67.2,60.8,69.5
455,84.0,126.4,67.3,61.4,66.4
455,86.0,130.9,67.4,61.8,66.0
455,88.2,136.0,67.5,63.9,66.6
455,91.0,141.5,67.6,60.7,63.4
455,93.8,147.9,67.7,63.4,66.6
455,97.1,154.8,67.8,60.4,64.4
455,101.3,162.7,67.9,60.6,61.5
455,106.1,172.0,68.0,62.3,62.8
455,112.1,182.8,68.1,61.9,60.8
455,119.3,195.1,68.2,60.3,59.9
455,138.4,226.7,68.4,59.5,58.9
455,151.5,248.2,68.5,59.8,58.6
459,87.9,74.0,66.3,62.0,118.2
459,87.4,76.6,66.6,60.6,91.3
459,87.3,77.6,66.7,66.6,94.6
459,86.9,79.3,66.9,65.0,96.8
459,87.0,81.7,67.1,62.7,88.9
459,87.6,83.8,67.3,60.9,79.9
459,88.2,86.3,67.5,60.9,74.2
459,88.5,87.7,67.6,62.6,79.6
459,89.0,89.1,67.7,58.7,69.4
459,90.0,92.2,67.9,62.8,69.1
459,90.7,94.0,68.0,62.6,70.8
459,92.3,97.7,68.2,62.4,60.6
459,93.5,99.7,68.3,61.4,60.3
459,94.5,102.1,68.4,64.5,66.9
459,95.9,104.5,68.5,61.4,59.3
459,97.3,107.1,68.6,62.4,62.1
459,98.8,109.9,68.7,60.5,61.3
459,100.8,112.9,68.8,62.1,57.8
459,102.5,116.1,68.9,59.2,61.9
459,104.9,119.5,69.0,58.7,54.6
459,107.9,123.2,69.1,59.0,50.7
459,114.8,133.1,69.3,60.2,54.8
459,124.1,144.1,69.5,61.1,51.9
459,129.4,150.7,69.6,60.1,51.2
459,135.9,158.1,69.7,59.5,48.9
459,143.2,166.4,69.8,58.9,48.6
459,152.0,176.4,69.9,61.0,48.6
459,162.3,188.0,70.0,60.5,48.4
459,189.8,217.6,70.2,59.5,47.4
460,74.3,92.2,66.5,67.4,87.1
460,74.8,95.6,66.7,67.2,77.4
460,75.1,97.6,66.8,64.5,82.4
460,75.9,101.6,67.0,61.9,74.8
460,77.2,106.2,67.2,61.8,73.3
460,79.4,111.3,67.4,62.1,61.9
460,83.3,120.8,67.7,60.1,69.4
460,89.3,132.6,68.0,59.6,61.3
460,93.9,143.1,68.2,58.9,65.8
463,78.5,74.6,66.7,60.1,114.2
463,74.9,83.8,67.6,65.4,98.2
463,74.8,85.0,67.7,63.2,95.4
463,74.5,87.3,67.9,61.7,91.2
463,74.6,90.6,68.1,65.7,88.7
463,76.4,102.4,68.7,66.5,88.4
463,77.6,107.9,68.9,64.9,75.1
463,78.8,110.6,69.0,62.2,66.2
463,79.8,113.5,69.1,59.5,70.5
463,84.5,124.1,69.4,60.6,66.8
463,85.9,128.6,69.5,64.4,72.2
463,88.5,133.6,69.6,65.4,63.2
463,91.1,139.4,69.7,67.3,65.8
463,97.9,152.9,69.9,64.9,63.1
463,101.8,160.8,70.0,62.4,63.8
463,107.5,169.5,70.1,60.7,56.8
463,114.0,179.7,70.2,61.2,57.3
463,121.0,192.7,70.3,65.6,61.8
463,129.7,207.0,70.4,60.7,58.6
463,140.6,224.4,70.5,61.0,57.9
463,154.5,245.6,70.6,60.4,56.9
470,96.0,142.1,0.3,62.1,63.2
470,104.9,157.3,0.5,67.2,59.5
470,110.6,166.3,0.6,65.8,57.8
470,117.1,177.1,0.7,67.1,58.7
470,124.7,189.2,0.8,64.0,57.9
470,133.9,203.3,0.9,62.1,56.8
470,145.1,220.3,1.0,62.2,56.7
470,158.9,240.9,1.1,60.9,56.2
478,72.3,95.3,3.3,60.4,85.4
478,73.1,101.1,3.6,64.6,82.3
478,73.1,103.6,3.7,66.7,89.1
478,75.2,111.6,4.0,63.8,77.2
478,76.3,114.5,4.1,58.9,69.4
478,77.0,118.0,4.2,63.1,77.9
478,80.2,129.9,4.5,61.8,74.0
478,82.4,134.6,4.6,60.6,65.3
478,83.6,139.8,4.7,59.3,76.5
478,90.8,159.7,5.0,59.0,71.4
478,94.1,168.4,5.1,61.0,68.9
478,97.9,178.2,5.2,60.4,68.8
478,103.5,189.9,5.3,61.6,64.3
478,109.9,203.1,5.4,59.4,64.3
478,117.7,218.9,5.5,59.0,63.7
478,125.2,238.2,5.6,59.2,68.8
483,94.3,100.8,7.1,64.6,56.5
483,99.4,109.3,7.4,64.6,56.4
483,101.7,112.3,7.5,62.2,52.5
483,107.0,119.7,7.7,65.4,52.2
483,117.9,133.8,8.0,65.1,52.6
483,122.6,139.8,8.1,66.9,51.7
483,128.1,146.6,8.2,67.0,50.8
483,134.5,153.8,8.3,62.6,48.6
483,142.2,162.6,8.4,66.0,48.8
483,151.1,172.5,8.5,64.3,48.0
483,161.8,184.3,8.6,64.8,47.8
492,132.3,166.9,12.1,65.3,54.9
492,139.7,177.9,12.2,66.5,56.1
492,148.3,189.7,12.3,60.5,53.9
492,158.0,203.6,12.4,60.2,54.9
493,107.2,168.0,12.1,64.2,60.8
493,113.6,178.4,12.2,63.5,58.5
493,120.8,190.4,12.3,62.0,58.7
493,129.6,204.3,12.4,61.0,57.8
493,140.1,220.5,12.5,58.9,57.0
493,152.9,240.3,12.6,59.0,57.1
494,87.4,90.8,12.6,64.5,72.9
494,88.4,94.6,12.8,67.7,70.8
494,89.6,96.5,12.9,61.3,58.4
494,90.4,98.6,13.0,65.2,68.5
494,91.0,100.7,13.1,61.3,73.9
494,92.6,103.0,13.2,60.8,55.6
494,99.6,114.9,13.6,64.1,57.9
494,102.2,118.3,13.7,61.8,52.9
494,105.1,122.1,13.8,61.3,52.6
494,108.7,126.2,13.9,61.4,48.6
494,121.1,142.4,14.2,60.1,50.2
494,140.6,164.9,14.5,59.2,48.3
494,149.1,174.8,14.6,61.4,49.1
494,159.4,185.8,14.7,59.3,47.0
494,171.3,198.9,14.8,59.3,47.6
494,185.7,214.5,14.9,59.2,47.4
496,89.0,72.8,18.9,63.7,114.4
496,88.1,78.9,19.6,63.1,85.4
496,88.5,82.4,19.9,58.9,87.4
496,89.5,86.1,20.2,62.5,79.1
496,90.6,89.2,20.4,63.6,74.1
496,91.0,90.8,20.5,62.3,76.3
496,91.3,92.5,20.6,64.7,79.1
496,95.2,100.1,21.0,59.8,62.4
496,96.3,102.5,21.1,63.6,65.6
496,99.4,107.4,21.3,63.8,56.3
496,101.1,110.1,21.4,58.8,58.1
496,103.0,113.2,21.5,61.8,58.6
496,107.7,120.0,21.7,63.2,51.9
496,110.3,123.9,21.8,60.1,55.8
496,116.9,132.9,22.0,62.9,54.2
496,121.1,138.2,22.1,60.7,51.5
496,138.1,157.6,22.4,59.9,48.6
496,145.8,165.8,22.5,58.8,46.7
498,88.5,78.7,15.9,67.0,78.2
498,89.5,85.0,16.4,62.7,71.1
498,90.7,89.5,16.7,64.1,79.8
498,92.7,94.7,17.0,60.7,68.1
498,93.6,96.6,17.1,63.3,66.6
498,94.7,98.7,17.2,63.1,62.5
498,100.3,109.3,17.6,60.0,58.3
498,102.1,112.3,17.7,61.4,59.4
498,103.9,115.7,17.8,63.9,61.3
498,106.8,119.3,17.9,62.8,51.3
498,109.4,123.4,18.0,63.0,56.7
498,112.6,127.8,18.1,63.0,54.2
498,132.0,151.9,18.5,60.7,49.9
498,138.8,159.7,18.6,60.9,48.8
498,146.5,168.8,18.7,62.0,49.6
498,155.5,179.3,18.8,61.4,49.4
498,166.5,191.4,18.9,60.6,47.8
498,179.4,206.1,19.0,61.3,48.7
498,195.3,223.4,19.1,59.5,47.5
498,214.8,244.8,19.2,59.5,47.6
499,87.0,77.9,16.7,60.1,89.5
499,86.8,78.9,16.8,64.2,101.5
499,86.8,79.9,16.9,62.1,90.0
499,87.7,86.1,17.4,63.7,78.6
499,88.0,87.5,17.5,60.1,78.4
499,88.4,88.9,17.6,60.7,72.1
499,89.0,90.5,17.7,63.8,68.9
499,89.6,92.1,17.8,62.8,70.7
499,90.2,94.0,17.9,65.3,71.8
499,91.1,95.8,18.0,62.5,64.9
499,93.4,100.3,18.2,66.2,65.6
499,97.4,108.0,18.5,59.6,58.0
499,99.4,110.8,18.6,62.0,55.2
499,101.4,114.1,18.7,63.8,57.5
499,103.6,117.7,18.8,65.0,59.1
499,106.8,121.6,18.9,65.2,50.7
499,110.0,125.8,19.0,63.4,52.6
499,113.5,130.7,19.1,64.9,54.5
499,117.5,136.2,19.2,66.9,54.3
499,134.5,156.8,19.5,60.7,50.3
499,141.8,165.4,19.6,61.7,49.7
499,150.7,175.4,19.7,62.2,48.2
502,87.7,79.2,20.7,61.4,85.4
502,89.4,88.0,21.4,62.8,69.1
502,90.0,89.6,21.5,66.3,69.3
502,90.6,91.3,21.6,64.5,71.5
502,91.9,94.6,21.8,61.6,66.9
502,93.0,96.6,21.9,64.9,61.9
502,94.0,98.7,22.0,64.9,63.3
502,95.0,101.0,22.1,64.6,67.2
502,96.4,103.5,22.2,64.6,61.1
502,97.6,105.9,22.3,60.3,62.9
502,101.2,111.4,22.5,61.2,60.1
502,103.7,114.8,22.6,65.9,53.7
502,106.2,118.2,22.7,60.6,52.8
502,109.0,122.0,22.8,61.6,53.5
502,111.9,126.0,22.9,59.0,54.4
502,115.6,130.6,23.0,62.8,51.4
502,119.9,135.8,23.1,62.3,50.6
502,131.0,148.8,23.3,62.3,49.3
502,137.5,156.5,23.4,63.0,49.7
503,98.7,113.3,24.5,61.9,57.7
503,99.3,117.0,24.6,66.3,80.8
503,106.8,125.0,24.8,62.3,50.7
503,112.9,135.6,25.0,65.2,67.9
503,119.7,147.4,25.2,62.7,58.2
503,125.1,154.9,25.3,64.2,54.1
503,131.1,163.4,25.4,63.1,54.8
503,137.9,173.1,25.5,62.4,55.1
503,145.9,184.4,25.6,62.0,54.6
503,155.3,197.6,25.7,61.2,54.4
503,166.4,213.5,25.8,61.7,55.1
503,180.4,232.2,25.9,59.3,53.3
503,196.3,255.3,26.0,59.0,55.3
504,75.9,104.0,20.4,63.2,70.7
504,79.1,112.6,20.7,62.0,66.0
504,83.2,123.3,21.0,61.2,68.2
504,86.3,127.4,21.1,61.7,53.0
504,88.0,132.5,21.2,67.4,71.3
504,90.6,137.6,21.3,61.7,63.7
504,93.2,143.5,21.4,62.7,65.5
504,96.7,150.1,21.5,62.5,62.0
504,100.8,157.4,21.6,61.6,61.0
504,105.6,165.7,21.7,60.9,59.9
504,111.4,175.4,21.8,61.5,59.2
504,118.4,186.6,21.9,61.0,57.9
504,126.7,199.8,22.0,61.1,57.9
504,136.8,215.5,22.1,60.2,57.0
504,149.1,234.6,22.2,60.2,57.2
505,99.9,111.2,20.7,62.5,51.4
505,104.2,117.9,20.9,63.3,57.7
505,107.6,121.9,21.0,65.8,49.6
505,110.8,126.0,21.1,60.6,52.0
505,114.3,130.7,21.2,63.5,53.7
505,118.6,136.0,21.3,63.1,50.5
505,124.2,141.7,21.4,61.9,45.6
505,129.9,148.1,21.5,61.5,48.1
505,136.3,155.3,21.6,60.8,48.7
505,143.8,163.5,21.7,60.1,47.4
505,152.4,172.8,21.8,59.8,47.2
505,162.9,183.5,21.9,59.0,45.6
505,175.0,196.1,22.0,58.8,46.2
506,73.7,80.6,20.9,62.1,111.3
506,73.5,81.7,21.0,63.8,103.8
506,73.2,82.9,21.1,64.3,101.0
506,73.1,84.0,21.2,59.5,95.5
506,73.0,86.8,21.4,66.4,93.9
506,72.9,89.8,21.6,60.7,91.8
506,74.5,99.8,22.1,66.2,78.7
506,75.8,104.7,22.3,65.9,70.9
506,76.9,107.4,22.4,66.2,68.9
506,77.8,110.3,22.5,64.6,71.7
506,78.9,113.5,22.6,66.0,71.8
506,83.4,125.2,22.9,61.6,58.6
506,85.8,129.7,23.0,64.6,62.0
506,100.4,156.8,23.4,63.6,60.7
506,110.1,173.3,23.6,60.1,58.4
506,116.9,184.6,23.7,63.5,58.9
506,125.1,197.8,23.8,62.5,58.2
507,104.8,88.2,22.3,62.9,60.8
507,105.7,89.9,22.4,67.6,60.1
507,108.4,93.7,22.6,67.7,55.2
507,110.0,95.8,22.7,67.3,51.3
507,111.8,97.8,22.8,63.5,49.9
507,115.6,102.8,23.0,65.2,50.1
507,128.8,116.3,23.4,64.1,44.3
507,136.6,123.5,23.6,59.1,41.3
507,141.7,128.1,23.7,63.6,42.0
507,147.6,133.5,23.8,65.7,41.9
507,171.2,153.6,24.1,61.3,39.6
507,181.4,162.1,24.2,62.4,39.8
507,193.5,171.6,24.3,60.3,38.2
507,207.7,182.8,24.4,60.6,38.2
507,224.6,195.8,24.5,59.4,37.6
508,87.5,87.4,23.3,64.1,50.8
508,87.5,90.8,23.5,62.5,91.9
508,87.6,92.6,23.6,66.2,85.5
508,88.1,94.3,23.7,60.2,75.1
508,92.5,105.4,24.2,60.7,63.5
508,94.5,108.2,24.3,65.5,55.0
508,96.2,111.3,24.4,66.8,60.5
508,97.8,114.5,24.5,61.5,63.9
508,99.0,118.0,24.6,61.8,71.2
513,139.8,165.5,25.4,65.9,48.7
513,149.0,175.7,25.5,63.1,47.9
513,159.6,187.3,25.6,61.2,47.5
513,173.2,200.9,25.7,60.4,44.9
513,188.3,217.2,25.8,60.2,47.2
519,90.6,89.1,30.2,65.5,78.4
519,91.2,90.8,30.3,67.0,70.3
519,91.8,92.6,30.4,67.5,71.8
519,93.4,96.6,30.6,66.1,66.9
519,94.6,98.6,30.7,62.1,59.2
519,102.2,111.7,31.2,64.5,63.8
519,104.3,114.9,31.3,61.3,56.6
519,113.4,126.3,31.6,59.7,52.7
519,116.8,130.8,31.7,60.4,52.8
519,120.8,136.2,31.8,64.0,53.5
519,131.0,147.8,32.0,59.6,49.0
519,137.5,154.7,32.1,59.2,47.2
520,89.1,71.9,30.7,63.3,120.4
520,87.9,74.8,31.0,64.2,126.9
520,88.0,75.6,31.1,59.9,79.2
520,87.9,77.6,31.3,64.4,85.8
520,88.0,79.8,31.5,62.7,97.9
520,88.1,80.8,31.6,59.1,85.4
520,88.2,81.9,31.7,59.8,85.0
520,88.5,84.7,31.9,60.9,86.9
520,88.9,85.9,32.0,61.1,73.5
520,90.5,90.6,32.3,66.5,68.0
520,91.9,94.3,32.5,63.8,66.4
520,94.0,98.5,32.7,63.5,62.5
520,96.7,103.8,32.9,62.8,59.4
520,97.9,106.5,33.0,64.2,65.1
520,99.8,109.2,33.1,61.8,54.6
520,104.0,116.2,33.3,65.6,55.9
520,111.1,124.2,33.5,63.3,48.5
520,122.5,140.7,33.8,64.2,60.6
520,126.2,147.8,33.9,67.7,61.9
520,135.2,155.4,34.0,65.5,40.1
520,167.8,188.2,34.3,64.5,45.4
520,182.0,203.0,34.4,64.2,46.2
520,199.6,220.4,34.5,62.0,44.7
523,102.1,84.8,32.5,64.2,59.1
523,103.6,87.9,32.7,60.0,61.7
523,106.0,91.5,32.9,65.8,62.2
523,106.9,93.4,33.0,64.8,63.3
523,110.2,97.6,33.2,66.3,53.7
523,111.9,99.7,33.3,60.5,50.6
523,113.9,102.1,33.4,64.4,50.4
523,116.0,104.7,33.5,64.5,51.2
523,118.3,107.6,33.6,66.4,51.4
523,121.1,110.8,33.7,65.3,48.6
523,132.0,122.2,34.0,62.0,43.2
523,142.0,132.3,34.2,66.9,44.4
523,148.0,138.1,34.3,66.0,44.0
523,154.9,144.8,34.4,66.2,44.4
523,163.0,152.2,34.5,64.5,42.4
523,172.6,160.8,34.6,64.5,41.7
523,183.7,170.6,34.7,63.7,41.3
523,197.4,182.0,34.8,63.0,39.9
523,213.5,195.5,34.9,62.7,40.0
523,233.1,212.2,35.0,63.6,40.5
529,88.4,85.6,34.4,61.6,80.2
529,89.0,86.9,34.5,61.1,65.6
529,90.3,91.9,34.8,59.0,69.2
529,91.0,93.7,34.9,65.2,70.0
529,92.0,95.7,35.0,65.2,63.5
529,93.9,100.3,35.2,60.2,62.6
529,97.7,107.5,35.5,60.2,60.7
529,99.8,110.4,35.6,64.3,54.7
529,101.9,113.8,35.7,66.0,57.6
529,103.9,117.2,35.8,63.3,60.0
529,106.8,120.9,35.9,61.5,52.5
529,110.2,125.0,36.0,62.1,49.8
529,113.8,129.8,36.1,65.6,53.1
529,117.7,134.9,36.2,63.3,52.6
529,205.0,229.5,37.1,59.3,47.0
530,102.0,82.8,34.6,60.0,67.1
530,104.2,87.4,34.9,60.5,58.8
530,105.2,88.8,35.0,59.6,55.3
530,107.5,92.7,35.2,67.1,57.7
530,110.8,96.8,35.4,65.5,54.1
530,112.5,98.8,35.5,58.7,49.3
530,114.3,101.2,35.6,65.1,52.8
530,116.3,103.6,35.7,61.1,49.6
530,119.1,106.3,35.8,66.1,44.7
530,122.0,109.3,35.9,64.4,45.4
530,128.9,116.2,36.1,63.0,44.0
530,133.1,120.0,36.2,62.8,42.2
530,143.6,129.6,36.4,58.9,42.3
530,164.6,147.4,36.7,62.5,40.9
530,197.0,174.2,37.0,59.3,38.7
530,211.7,186.1,37.1,61.7,39.0
530,229.4,199.6,37.2,59.2,37.5
531,76.7,75.7,34.7,67.3,102.0
531,75.4,78.8,35.0,66.5,113.5
531,74.3,83.8,35.4,63.6,109.1
531,74.3,84.9,35.5,59.6,92.6
531,73.8,87.5,35.7,64.8,92.1
531,73.9,88.8,35.8,58.9,87.6
531,74.3,93.7,36.1,61.2,82.8
531,74.4,95.6,36.2,65.6,85.9
531,76.3,105.3,36.6,59.3,68.6
531,80.4,117.1,37.0,62.7,71.1
531,81.5,120.9,37.1,65.0,74.6
531,82.7,124.8,37.2,61.9,73.0
531,84.9,129.2,37.3,62.9,63.7
531,87.6,134.3,37.4,65.4,61.7
531,90.8,139.9,37.5,64.5,60.7
531,94.0,146.1,37.6,63.2,62.3
531,97.7,153.1,37.7,63.9,62.2
531,101.1,160.9,37.8,61.4,66.5
531,105.6,170.0,37.9,62.7,63.8
532,100.9,83.4,36.3,64.6,72.4
532,101.6,84.6,36.4,59.0,63.0
532,106.6,93.0,36.9,61.4,54.4
532,109.6,97.2,37.1,65.4,53.0
532,111.5,99.4,37.2,63.3,48.5
532,113.2,101.8,37.3,66.4,54.5
532,115.4,104.4,37.4,63.0,49.8
532,117.8,107.1,37.5,64.5,48.9
532,119.6,110.2,37.6,63.2,59.6
532,123.1,113.4,37.7,64.8,42.7
532,131.1,121.6,37.9,67.1,45.2
532,166.4,154.0,38.4,65.9,41.3
532,176.5,162.9,38.5,65.1,41.3
532,188.2,173.1,38.6,63.4,41.0
532,202.0,184.7,38.7,61.7,40.1
532,218.5,198.4,38.8,61.3,39.8
532,238.2,214.8,38.9,60.2,39.7
533,108.0,96.7,36.0,63.1,56.8
533,111.8,101.7,36.2,64.5,49.8
533,117.6,107.6,36.4,60.0,44.4
533,123.6,114.3,36.6,58.8,48.2
533,127.4,118.2,36.7,66.5,45.0
533,136.1,126.9,36.9,59.4,48.8
533,141.7,132.3,37.0,67.6,43.4
533,147.8,138.2,37.1,67.0,44.5
533,155.2,144.7,37.2,64.9,41.4
533,163.7,152.3,37.3,66.1,41.7
533,174.1,161.0,37.4,65.4,39.8
533,186.4,170.9,37.5,64.4,38.9
533,200.1,182.6,37.6,63.6,40.3
535,89.6,82.0,36.8,62.2,85.6
535,90.0,85.9,37.1,58.7,72.4
535,90.4,87.3,37.2,62.5,76.7
535,90.5,88.7,37.3,58.9,85.0
535,94.2,96.4,37.7,67.4,58.6
535,94.0,98.6,37.8,66.1,93.4
535,96.1,100.7,37.9,62.9,45.9
535,100.1,106.5,38.1,63.5,56.5
535,111.4,121.8,38.5,65.3,51.0
535,115.0,126.3,38.6,67.0,51.6
535,119.1,131.1,38.7,63.9,49.3
535,123.7,136.7,38.8,65.7,50.4
535,129.0,142.8,38.9,64.5,48.9
535,135.2,150.0,39.0,66.4,49.3
535,142.3,158.0,39.1,65.1,48.7
535,150.6,167.5,39.2,65.8,48.7
535,160.4,178.0,39.3,62.4,47.1
535,172.0,190.8,39.4,64.4,47.7
535,186.2,205.6,39.5,62.0,46.2
535,203.2,223.6,39.6,61.8,46.6
535,224.4,245.8,39.7,61.1,46.4
537,99.6,82.7,37.9,61.7,77.8
537,100.9,85.6,38.1,64.4,70.0
537,103.1,89.1,38.3,63.3,51.6
537,108.5,97.6,38.7,66.3,52.6
537,110.5,99.8,38.8,65.3,47.7
537,112.8,102.3,38.9,66.2,47.2
537,114.9,104.9,39.0,63.6,50.5
537,117.4,107.8,39.1,67.7,49.8
537,120.1,111.0,39.2,65.9,49.4
537,123.2,114.5,39.3,66.4,48.5
537,127.0,118.3,39.4,66.9,45.7
537,131.4,122.6,39.5,66.5,43.8
537,136.3,127.2,39.6,65.9,43.5
537,141.8,132.4,39.7,65.3,43.3
537,147.9,138.3,39.8,67.0,44.2
537,155.0,144.8,39.9,64.3,42.6
537,163.2,152.3,40.0,65.2,42.4
537,173.0,160.8,40.1,63.9,40.9
537,184.3,170.6,40.2,63.4,40.8
537,197.6,181.9,40.3,62.6,40.4
537,214.0,195.1,40.4,61.4,38.9
537,233.0,211.1,40.5,61.6,40.2
538,88.9,76.6,38.9,61.9,94.6
538,89.0,82.7,39.5,59.5,86.4
538,91.7,91.1,40.1,62.0,63.6
538,92.3,92.8,40.2,61.2,69.2
538,93.2,94.5,40.3,60.8,64.1
538,94.3,96.5,40.4,63.8,61.1
538,95.5,98.5,40.5,63.0,59.4
538,102.2,108.3,40.9,64.7,53.6
538,109.3,118.1,41.2,60.0,52.8
538,112.3,121.8,41.3,60.7,50.6
538,115.8,125.8,41.4,59.8,49.2
538,119.6,130.5,41.5,62.7,51.1
538,124.0,135.6,41.6,61.6,49.1
538,128.7,141.3,41.7,60.7,49.9
538,134.3,147.8,41.8,62.2,49.5
538,140.9,154.8,41.9,59.5,46.8
538,179.2,196.1,42.3,59.2,46.6
541,72.6,80.8,41.8,62.7,113.4
541,72.1,84.9,42.1,62.9,98.8
541,71.9,88.9,42.4,65.3,89.5
541,72.0,90.4,42.5,63.9,85.2
541,72.3,93.6,42.7,65.9,85.6
541,72.9,97.6,42.9,65.0,81.2
541,77.0,110.2,43.4,61.7,68.8
541,82.7,124.0,43.8,64.9,68.2
541,84.9,128.4,43.9,64.6,63.5
541,94.0,145.5,44.2,62.3,62.6
541,97.8,152.5,44.3,63.6,60.9
541,102.3,160.2,44.4,61.6,59.7
541,107.8,169.5,44.5,64.8,59.4
541,114.6,180.1,44.6,63.2,57.4
541,122.9,192.5,44.7,63.1,56.2
541,131.7,207.0,44.8,61.5,59.0
541,142.8,224.8,44.9,62.1,58.0
541,157.0,246.3,45.0,60.7,56.5
542,89.0,72.6,42.1,64.2,123.3
542,88.8,73.6,42.3,64.5,98.4
542,87.9,77.8,42.7,64.9,100.5
542,88.0,78.8,42.8,60.3,85.9
542,90.2,85.6,43.3,61.2,69.8
542,93.6,95.5,43.9,67.1,65.4
542,96.0,100.3,44.1,61.9,61.9
542,97.3,102.6,44.2,60.6,60.8
542,98.9,105.2,44.3,65.2,57.3
542,102.7,111.1,44.5,62.5,57.1
542,107.9,118.6,44.7,66.3,53.2
542,110.8,122.8,44.8,65.9,55.6
542,114.2,127.4,44.9,66.9,53.3
542,117.9,132.6,45.0,66.4,54.5
542,122.9,138.3,45.1,66.1,49.2
542,127.9,144.9,45.2,66.3,52.6
542,133.7,152.3,45.3,65.7,51.6
542,140.5,160.6,45.4,64.2,50.7
542,148.9,170.3,45.5,65.3,49.5
542,158.9,181.7,45.6,64.6,48.6
542,171.2,195.0,45.7,63.7,47.3
542,185.4,210.9,45.8,62.7,48.3
542,203.2,230.5,45.9,63.1,47.8
544,74.3,79.8,43.1,60.4,100.6
544,74.5,95.7,44.2,61.0,79.0
544,74.9,97.7,44.3,66.2,79.2
544,75.1,99.7,44.4,59.1,83.1
544,76.0,101.9,44.5,63.5,68.7
544,82.1,116.3,45.0,62.3,67.4
544,83.6,119.9,45.1,63.4,67.2
544,85.7,123.8,45.2,62.4,61.7
544,88.3,127.9,45.3,61.3,57.9
544,90.5,132.7,45.4,63.1,64.8
544,93.5,138.4,45.5,67.2,62.4
544,97.0,144.3,45.6,62.2,59.4
544,100.6,151.0,45.7,62.1,62.0
544,105.1,158.6,45.8,62.2,59.1
544,110.3,167.3,45.9,62.4,59.2
544,132.9,203.6,46.2,59.4,57.8
544,143.5,219.9,46.3,59.8,57.1
544,156.6,240.2,46.4,60.5,57.2
545,89.1,67.0,43.5,58.8,148.4
545,88.2,67.7,43.6,67.4,142.0
545,84.4,71.0,44.1,67.2,138.3
545,83.8,71.7,44.2,60.5,127.0
545,81.1,74.6,44.6,67.5,123.6
545,78.3,79.6,45.1,62.8,110.2
545,77.4,81.9,45.3,62.5,114.1
545,76.6,84.1,45.5,58.8,100.2
545,76.0,86.9,45.7,66.6,101.9
545,76.1,90.1,45.9,60.5,76.3
545,76.7,95.5,46.2,63.8,75.1
545,77.0,97.6,46.3,67.7,80.1
545,77.4,99.7,46.4,62.7,79.0
545,78.8,104.7,46.6,62.2,77.0
545,79.6,107.4,46.7,65.3,73.8
545,80.5,110.3,46.8,65.5,72.7
545,81.8,113.5,46.9,65.8,68.7
545,83.0,117.0,47.0,66.8,71.8
545,84.4,120.9,47.1,66.9,70.2
545,86.1,124.9,47.2,62.1,66.2
545,88.4,129.5,47.3,65.3,64.2
545,90.9,134.5,47.4,63.4,62.6
545,93.9,140.1,47.5,63.9,62.5
545,97.1,146.8,47.6,66.7,63.6
545,101.1,153.8,47.7,62.4,60.4
545,105.9,162.0,47.8,64.3,60.2
545,111.2,171.5,47.9,63.8,60.8
545,117.8,182.4,48.0,62.7,58.7
545,125.8,195.0,48.1,61.9,57.6
545,135.4,210.1,48.2,61.5,57.4
545,147.1,228.7,48.3,62.4,57.9
545,161.8,251.3,48.4,61.0,57.0
553,87.7,76.4,49.9,60.1,90.9
553,87.7,78.5,50.1,62.1,90.1
553,88.2,80.9,50.3,62.8,77.3
553,88.5,83.1,50.5,64.6,81.2
553,92.9,94.4,51.2,67.4,65.8
553,96.1,101.1,51.5,65.2,71.4
553,97.6,103.7,51.6,67.7,60.0
553,98.9,106.3,51.7,64.6,63.1
553,101.2,109.3,51.8,66.5,52.5
553,103.2,112.5,51.9,65.8,58.4
553,108.3,119.8,52.1,62.7,53.2
553,111.3,124.1,52.2,66.5,55.3
553,120.7,135.2,52.4,66.6,47.9
553,130.7,146.8,52.6,62.8,49.8
553,137.1,154.3,52.7,63.9,49.0
553,144.8,162.8,52.8,63.3,47.9
553,153.5,172.4,52.9,61.9,47.9
553,164.0,184.2,53.0,64.9,48.3
553,176.5,197.8,53.1,62.4,47.4
555,99.8,78.8,50.4,67.2,75.2
555,101.2,82.9,50.7,64.5,54.5
555,102.9,86.0,50.9,60.6,51.2
555,103.9,87.5,51.0,63.3,55.1
555,105.2,88.9,51.1,60.6,49.0
555,106.5,90.6,51.2,66.9,52.6
555,109.1,94.6,51.4,61.7,56.3
555,110.6,96.7,51.5,64.9,52.9
555,112.3,98.7,51.6,61.8,50.7
555,119.4,106.7,51.9,61.4,45.8
555,125.7,113.3,52.1,64.1,44.5
555,129.4,117.0,52.2,65.5,44.7
555,150.7,136.5,52.6,62.8,41.2
555,157.7,142.8,52.7,64.4,41.9
555,166.0,150.1,52.8,65.2,41.1
555,175.7,158.2,52.9,63.7,39.9
580,73.6,88.5,69.4,62.3,88.7
580,74.0,91.8,69.6,60.6,81.0
580,74.3,93.6,69.7,65.7,81.4
580,75.1,97.7,69.9,66.1,79.0
580,75.4,99.8,70.0,65.0,82.4
580,79.1,111.1,70.4,62.4,69.2
580,80.3,114.2,70.5,62.6,68.5
580,81.7,117.7,70.6,64.6,68.3
580,83.1,121.4,70.7,63.8,68.8
580,87.1,130.9,70.9,60.5,68.6
580,89.6,136.3,71.0,66.5,64.6
580,92.8,142.2,71.1,64.7,61.6
580,96.5,149.1,71.2,67.0,62.0
580,100.7,156.6,71.3,64.1,60.3
580,105.6,165.6,71.4,66.4,61.8
580,111.4,176.0,71.5,65.6,60.4
580,118.9,188.0,71.6,64.6,58.1
585,178.8,86.1,72.6,60.3,210.5
596,185.9,98.0,2.5,62.0,202.5
596,181.2,95.6,2.6,63.2,206.0
596,176.5,93.5,2.7,64.1,204.8
596,169.0,89.6,2.9,58.9,206.6
596,160.2,85.1,3.2,60.6,207.6
596,153.2,80.9,3.5,63.2,212.6
607,173.4,92.4,6.9,65.5,205.4
607,169.4,90.3,7.0,67.0,207.1
607,166.0,88.6,7.1,60.1,206.4
607,162.9,87.1,7.2,59.8,206.9
607,160.0,85.4,7.3,65.2,209.0
607,157.3,84.0,7.4,62.4,208.5
609,195.6,88.1,8.4,60.9,202.2
609,191.6,86.3,8.5,65.6,204.1
609,181.5,82.1,8.8,64.9,205.0
609,172.9,78.6,9.1,65.0,206.9
609,168.5,76.3,9.3,67.1,211.0
609,165.2,74.6,9.5,60.6,212.7
613,88.0,63.7,9.4,62.7,152.3
613,81.6,68.3,10.3,58.9,133.7
613,78.8,70.9,10.7,66.0,131.9
613,75.6,75.6,11.3,60.0,123.9
613,73.4,80.6,11.8,66.1,113.9
613,73.1,82.8,12.0,63.4,95.4
613,73.0,84.0,12.1,65.5,95.3
613,73.1,91.0,12.6,63.5,78.1
613,73.4,92.7,12.7,65.3,82.1
613,77.1,115.3,14.6,64.8,72.4
613,78.5,119.0,14.7,67.5,69.4
613,80.1,123.0,14.8,65.5,68.6
613,82.1,127.5,14.9,67.7,65.6
617,86.7,78.7,12.1,66.0,87.8
617,87.4,82.0,12.4,63.0,76.8
617,88.4,84.7,12.6,65.3,75.1
617,90.1,92.8,13.3,62.2,67.3
617,90.7,94.5,13.4,58.7,71.2
617,91.8,96.3,13.5,59.1,58.2
617,95.6,105.2,13.9,65.4,66.4
617,103.8,121.2,14.4,60.9,61.6
617,112.4,135.1,14.7,61.0,57.2
617,120.1,146.7,14.9,62.3,56.6
617,124.9,153.8,15.0,62.1,56.0
617,137.4,172.3,15.2,61.3,55.6
617,145.1,183.0,15.3,59.7,54.2
617,154.2,195.7,15.4,60.6,54.5
617,165.2,210.5,15.5,58.8,53.1
626,78.8,109.8,13.0,61.3,72.0
626,79.1,112.6,13.1,59.5,84.2
626,82.8,123.4,13.4,61.7,70.6
626,89.7,139.2,13.7,61.5,68.3
626,92.9,145.3,13.8,63.1,61.9
626,96.4,152.4,13.9,64.5,63.7
626,126.7,207.8,14.4,59.5,60.3
629,78.3,74.7,14.3,66.9,102.5
629,77.8,75.6,14.4,64.4,120.5
629,75.5,81.8,15.0,67.2,92.3
629,74.8,92.6,15.8,63.2,99.2
629,76.0,100.8,16.2,59.0,85.9
629,76.5,103.2,16.3,65.9,77.5
629,77.3,105.5,16.4,60.5,70.4
629,78.0,108.4,16.5,66.9,76.4
629,78.9,111.2,16.6,61.0,73.6
629,79.9,114.4,16.7,64.1,71.0
629,81.5,117.9,16.8,66.3,66.8
629,82.9,121.6,16.9,61.9,68.8
629,84.7,125.7,17.0,62.4,66.0
629,87.2,130.3,17.1,64.5,61.3
629,89.4,135.6,17.2,66.5,67.6
629,91.8,141.5,17.3,65.2,67.7
629,95.9,147.9,17.4,64.1,58.1
629,100.4,154.8,17.5,60.3,56.8
629,104.8,163.1,17.6,63.7,61.8
629,110.4,172.7,17.7,63.5,59.7
629,116.6,183.8,17.8,62.9,61.0
629,125.0,196.6,17.9,61.3,56.5
629,134.7,212.2,18.0,62.6,58.1
629,147.2,230.9,18.1,61.1,56.2
629,162.3,254.2,18.2,61.4,57.1
630,90.6,73.9,16.1,59.3,90.6
630,90.2,75.7,16.3,58.8,109.5
630,90.3,80.7,16.8,66.9,87.4
630,90.4,81.9,16.9,62.9,87.6
630,94.3,93.5,17.7,65.0,68.0
630,95.1,95.5,17.8,66.7,67.7
630,96.2,97.6,17.9,66.9,62.2
630,97.4,99.7,18.0,60.0,60.6
630,100.3,104.8,18.2,63.2,58.7
630,102.1,107.5,18.3,64.2,55.9
630,104.2,110.4,18.4,63.8,55.4
630,108.9,117.6,18.6,66.0,54.7
630,111.9,121.5,18.7,63.8,52.1
630,115.3,125.7,18.8,62.5,51.2
630,119.3,130.5,18.9,64.3,50.5
630,129.0,142.4,19.1,58.7,51.4
630,149.8,165.5,19.4,61.1,47.7
632,75.3,77.0,16.2,67.6,113.9
632,74.9,77.9,16.3,60.8,113.8
632,73.9,79.8,16.5,61.8,118.7
632,73.7,80.8,16.6,60.9,100.2
632,73.5,81.8,16.7,58.8,97.5
632,72.9,85.9,17.0,59.4,94.2
632,72.6,90.3,17.3,65.2,92.3
632,72.9,91.8,17.4,61.0,80.8
632,73.1,93.6,17.5,66.9,83.1
632,73.7,97.4,17.7,59.9,78.9
632,74.2,99.5,17.8,66.2,75.0
632,74.8,101.7,17.9,61.7,74.8
632,75.4,104.0,18.0,63.1,76.0
632,76.3,106.4,18.1,60.8,70.2
632,77.2,109.3,18.2,65.4,72.9
632,78.3,112.2,18.3,63.4,69.6
632,79.6,115.5,18.4,64.1,66.9
632,80.8,119.0,18.5,63.3,72.0
632,82.5,122.8,18.6,61.7,65.6
632,84.3,126.9,18.7,62.2,66.1
632,86.1,131.7,18.8,65.0,69.6
632,88.3,137.0,18.9,63.9,67.9
632,107.5,175.5,19.4,60.2,61.2
633,89.8,70.8,16.5,61.5,107.5
633,89.8,71.5,16.6,60.8,92.5
633,89.3,72.3,16.7,66.0,123.0
633,88.6,81.0,17.6,63.5,88.6
633,89.1,84.1,17.9,64.5,67.4
633,90.6,90.1,18.3,61.4,72.4
633,91.7,93.7,18.5,66.5,72.2
633,92.6,95.7,18.6,66.1,66.5
633,93.6,97.8,18.7,67.1,64.4
633,96.1,102.7,18.9,64.5,62.8
633,103.7,115.3,19.3,61.5,56.0
633,106.7,118.9,19.4,64.4,50.3
633,112.8,127.8,19.6,59.5,54.3
633,121.7,138.9,19.8,59.0,52.7
633,126.9,145.0,19.9,62.0,49.7
633,159.7,182.3,20.3,62.0,47.7
633,172.2,195.3,20.4,61.9,46.2
634,75.6,82.9,18.2,62.7,92.6
634,75.7,86.7,18.5,61.9,83.4
634,75.5,92.8,18.9,64.8,82.2
634,76.7,96.7,19.1,64.1,65.0
634,77.1,98.7,19.2,64.6,79.1
634,77.4,100.8,19.3,59.1,81.7
634,81.7,114.1,19.8,60.3,69.8
634,82.8,117.3,19.9,60.3,70.1
634,86.4,125.7,20.1,65.8,66.7
634,92.8,139.3,20.4,62.4,69.6
634,95.6,145.2,20.5,60.5,64.1
634,99.1,151.8,20.6,61.4,62.6
634,103.4,159.3,20.7,60.8,60.0
634,108.1,167.9,20.8,60.5,61.2
634,114.0,178.0,20.9,61.8,60.0
634,121.0,189.7,21.0,61.5,59.2
636,76.9,78.7,19.6,64.5,108.3
636,76.7,79.7,19.7,61.0,101.0
636,76.2,80.7,19.8,60.0,114.8
636,75.6,86.1,20.3,65.6,94.4
636,75.9,93.5,20.8,63.7,82.0
636,76.0,95.4,20.9,64.3,87.2
636,76.6,97.4,21.0,65.7,72.4
636,77.1,99.4,21.1,61.1,76.4
636,77.4,101.5,21.2,61.5,82.6
636,78.5,106.2,21.4,66.4,76.8
636,80.4,111.4,21.6,60.6,70.7
636,81.9,114.7,21.7,65.0,66.1
636,83.1,117.9,21.8,60.2,69.7
636,86.5,125.5,22.0,64.2,66.4
636,88.8,129.7,22.1,58.9,60.6
636,91.3,134.6,22.2,62.5,63.6
636,94.1,140.1,22.3,61.9,62.4
636,97.3,145.9,22.4,59.5,61.5
636,101.3,152.7,22.5,61.3,59.5
636,105.4,160.3,22.6,60.1,61.3
636,110.7,168.9,22.7,60.3,58.9
636,116.8,179.1,22.8,61.5,59.1
636,134.4,207.5,23.0,61.5,57.0
636,158.5,244.8,23.2,65.7,57.0
637,89.5,75.0,19.5,65.0,114.5
637,89.0,76.4,19.7,67.3,93.0
637,89.5,80.2,20.1,58.9,78.1
637,89.5,82.2,20.3,63.1,87.7
637,89.9,84.8,20.5,64.7,81.8
637,92.9,93.6,21.1,66.0,61.9
637,93.6,95.5,21.2,64.2,71.3
637,94.3,97.5,21.3,61.4,68.2
637,95.4,99.5,21.4,60.5,61.9
637,98.0,104.2,21.6,66.3,63.7
637,101.6,109.2,21.8,60.6,56.9
637,103.5,112.4,21.9,64.3,59.2
637,105.3,115.6,22.0,61.3,60.0
637,108.0,119.1,22.1,61.0,52.4
637,110.6,122.9,22.2,59.4,55.2
637,114.1,127.0,22.3,60.0,50.3
637,117.9,131.9,22.4,63.3,51.9
637,122.3,136.9,22.5,58.8,48.4
637,127.1,142.9,22.6,62.9,51.6
637,132.7,149.3,22.7,59.7,48.9
637,139.4,156.7,22.8,61.0,47.8
637,157.7,176.9,23.0,63.2,47.7
637,180.8,201.6,23.2,66.2,47.0
639,98.6,77.1,20.4,63.7,82.6
639,99.0,78.1,20.5,62.5,66.6
639,99.4,79.1,20.6,61.6,67.7
639,99.9,80.1,20.7,58.9,67.4
639,100.3,81.2,20.8,63.2,70.3
639,101.4,84.0,21.0,63.0,59.0
639,104.1,88.4,21.3,62.7,58.7
639,105.0,89.9,21.4,58.8,59.1
639,107.8,93.6,21.6,65.7,55.8
639,111.1,97.7,21.8,61.2,50.4
639,113.0,99.9,21.9,63.5,48.5
639,115.1,102.4,22.0,65.7,50.5
639,117.2,105.0,22.1,63.8,51.2
639,119.9,107.7,22.2,63.0,45.7
639,126.1,114.6,22.4,67.2,46.4
639,130.0,118.2,22.5,63.1,43.0
639,134.3,122.2,22.6,63.1,42.8
639,139.1,126.9,22.7,66.4,44.4
639,144.6,132.1,22.8,66.0,43.2
641,75.0,88.9,21.6,63.5,85.0
641,75.5,92.2,21.8,59.4,82.7
641,75.5,93.8,21.9,60.0,90.2
641,75.7,95.7,22.0,63.4,82.4
641,76.0,97.7,22.1,65.5,83.0
641,76.3,99.7,22.2,60.3,80.8
641,76.7,101.8,22.3,58.7,79.0
641,78.2,106.5,22.5,64.5,72.1
641,79.9,111.9,22.7,62.5,78.4
641,81.0,115.2,22.8,65.0,72.1
641,82.5,118.9,22.9,66.7,68.1
641,83.9,122.8,23.0,64.2,70.2
641,92.7,141.1,23.4,58.8,61.0
641,104.1,162.3,23.7,59.2,60.3
641,109.4,171.2,23.8,60.3,59.5
641,115.5,181.7,23.9,61.2,60.0
641,122.1,194.0,24.0,60.6,61.6
641,131.2,208.3,24.1,59.8,57.6
642,77.0,101.8,21.8,67.0,69.6
642,81.5,109.4,22.1,64.9,61.9
642,83.3,112.2,22.2,61.7,58.1
642,85.3,115.4,22.3,61.7,56.5
642,90.6,122.2,22.5,60.8,51.0
642,97.5,130.2,22.7,59.5,48.7
642,101.5,135.1,22.8,61.5,50.9
642,112.7,147.9,23.0,64.6,48.6
642,125.8,162.1,23.2,66.1,45.6
648,78.0,71.9,25.5,63.4,130.9
648,75.3,76.6,26.1,60.0,117.9
648,74.9,78.7,26.3,60.1,98.4
648,73.5,84.6,26.8,64.6,98.2
648,74.3,95.5,27.5,63.2,79.6
648,74.7,97.4,27.6,63.4,80.1
648,75.0,99.4,27.7,61.0,79.8
648,76.1,104.4,27.9,62.4,74.0
648,77.7,110.0,28.1,64.8,74.3
648,81.5,120.1,28.4,59.7,66.8
648,82.9,124.0,28.5,62.4,70.3
648,84.9,128.4,28.6,64.4,65.3
648,87.2,133.3,28.7,64.4,64.9
648,89.9,139.0,28.8,66.3,64.9
648,92.8,145.0,28.9,62.6,63.9
648,96.5,151.9,29.0,63.7,62.0
648,100.9,159.8,29.1,63.9,61.0
648,119.2,191.9,29.4,61.1,59.6
648,128.1,206.4,29.5,62.3,58.6
648,139.0,223.6,29.6,60.6,57.5
648,152.4,244.9,29.7,61.3,58.0
649,88.7,73.8,26.6,67.1,109.2
649,88.3,78.8,27.1,62.0,91.3
649,88.2,79.8,27.2,63.1,94.0
649,88.7,83.2,27.5,63.0,77.4
649,89.4,85.8,27.7,63.9,75.8
649,90.3,88.9,27.9,66.9,73.2
649,91.4,92.6,28.1,65.9,80.8
649,93.3,96.7,28.3,62.3,55.3
649,93.7,98.9,28.4,67.3,78.6
649,94.4,101.3,28.5,65.8,75.1
649,96.7,106.5,28.7,60.2,61.5
649,98.5,109.3,28.8,64.7,59.2
649,102.8,116.4,29.0,66.2,70.9
649,104.5,120.0,29.1,60.2,64.6
649,112.4,129.6,29.3,65.0,42.4
649,114.4,135.1,29.4,66.8,69.8
649,117.8,140.8,29.5,61.7,59.0
649,121.8,147.6,29.6,65.9,59.7
649,127.1,155.4,29.7,66.3,55.9
649,133.2,164.5,29.8,66.9,56.1
649,140.4,175.3,29.9,67.5,56.4
649,149.2,187.6,30.0,65.1,54.6
649,160.0,202.4,30.1,65.3,53.9
649,173.1,219.8,30.2,62.9,52.9
650,77.3,76.9,26.7,66.4,94.8
650,76.7,78.8,26.9,67.5,106.7
650,76.3,79.8,27.0,63.8,110.8
650,76.1,80.8,27.1,59.4,105.6
650,75.9,86.8,27.6,65.1,80.1
650,75.5,89.6,27.8,65.3,95.8
650,75.5,91.0,27.9,58.7,90.1
650,75.5,92.6,28.0,61.3,89.7
650,75.7,94.5,28.1,65.2,86.4
650,76.1,98.6,28.3,63.2,83.4
650,76.5,100.7,28.4,61.3,79.5
650,76.7,103.1,28.5,66.1,84.1
650,77.2,105.7,28.6,66.1,79.2
650,79.1,111.0,28.8,63.2,71.2
650,80.1,114.2,28.9,65.6,73.1
650,81.1,117.5,29.0,61.1,72.0
650,82.5,121.1,29.1,60.5,68.9
650,94.1,146.6,29.6,63.4,61.8
650,97.4,153.8,29.7,64.0,65.2
650,101.6,161.8,29.8,62.7,62.5
650,107.1,171.1,29.9,62.8,59.4
650,113.6,182.1,30.0,64.0,59.3
650,121.3,195.2,30.1,64.5,59.7
651,90.0,71.2,26.3,59.2,138.0
651,88.3,75.5,26.8,65.0,99.0
651,75.7,102.0,30.0,65.6,82.6
651,76.5,104.4,30.1,63.6,70.8
651,77.3,107.0,30.2,64.2,73.1
651,78.5,109.9,30.3,66.7,67.6
651,81.1,115.5,30.5,59.0,62.3
651,82.4,119.0,30.6,63.0,70.5
651,83.8,122.7,30.7,61.8,69.1
651,86.2,126.8,30.8,61.8,59.3
651,89.7,136.3,31.0,63.5,70.7
651,95.3,147.7,31.2,61.0,64.3
651,99.0,154.5,31.3,59.9,61.5
651,103.2,162.3,31.4,59.7,61.3
651,113.9,181.1,31.6,59.9,60.9
653,81.2,69.0,26.6,67.1,116.9
653,77.4,73.8,27.3,66.3,117.7
653,75.3,78.9,27.9,63.9,118.4
653,75.1,80.0,28.0,66.4,98.9
653,74.4,83.6,28.3,64.7,104.0
653,74.3,84.8,28.4,60.2,94.8
653,74.5,87.4,28.6,64.8,80.6
653,74.8,93.5,29.0,62.0,84.0
653,75.4,97.5,29.2,65.8,81.7
653,76.5,103.8,29.5,64.8,78.6
653,77.1,106.2,29.6,61.9,75.2
653,77.9,108.8,29.7,60.3,73.9
653,78.9,111.6,29.8,59.7,69.8
653,80.1,114.6,29.9,61.2,67.3
653,81.2,118.0,30.0,62.2,72.7
653,84.7,125.3,30.2,61.7,66.9
653,96.7,151.2,30.7,59.1,61.2
653,99.9,158.7,30.8,60.8,66.7
653,104.7,167.4,30.9,62.5,61.1
653,109.7,177.2,31.0,60.9,63.0
653,116.0,188.6,31.1,60.4,60.9
656,76.0,75.5,28.9,67.6,121.9
656,73.3,82.8,29.5,65.3,104.8
656,72.6,92.5,30.2,62.1,88.4
656,73.3,98.4,30.5,64.8,85.0
656,73.7,100.5,30.6,61.0,77.7
656,75.6,108.2,30.9,65.6,70.0
656,76.5,111.2,31.0,66.3,73.2
656,77.6,114.2,31.1,61.3,70.2
656,78.8,117.8,31.2,67.3,70.8
656,82.3,125.0,31.4,60.5,65.9
656,84.4,129.6,31.5,64.3,64.9
656,86.9,134.4,31.6,61.4,62.9
656,89.8,139.9,31.7,64.1,62.6
656,92.8,145.9,31.8,60.9,63.0
656,96.6,152.6,31.9,61.5,60.2
656,100.9,160.2,32.0,60.4,60.6
656,105.9,168.8,32.1,60.4,59.7
656,111.7,178.8,32.2,60.8,60.1
656,118.8,190.5,32.3,60.4,58.8
656,127.2,204.1,32.4,60.0,58.4
656,137.5,220.3,32.5,58.9,57.4
656,150.1,239.9,32.6,58.7,57.3
660,119.8,109.3,29.9,65.2,46.8
660,126.7,116.2,30.1,64.5,42.3
660,130.2,119.9,30.2,62.2,47.4
660,139.5,129.5,30.4,59.3,45.4
660,144.6,134.6,30.5,61.2,45.2
660,150.7,140.4,30.6,62.0,43.3
660,157.9,147.0,30.7,62.8,42.5
660,166.3,154.3,30.8,60.8,40.9
660,175.6,162.9,30.9,62.6,42.9
660,186.5,172.3,31.0,59.4,40.8
660,199.6,183.8,31.1,61.4,41.0
660,215.4,197.3,31.2,61.3,40.7
660,233.9,213.5,31.3,60.3,41.2
668,211.4,95.0,36.0,62.4,200.4
668,201.3,91.0,36.2,61.7,203.7
668,193.1,87.4,36.4,65.1,204.2
668,185.8,84.4,36.6,63.7,205.2
668,174.4,79.6,37.0,66.8,207.7
668,170.1,77.4,37.2,65.7,210.6
668,168.0,76.2,37.3,66.3,209.5
668,165.9,75.2,37.4,59.1,205.5
668,162.6,73.4,37.6,64.2,216.4
671,88.4,91.2,39.3,62.5,85.4
671,89.1,93.0,39.4,66.4,69.3
671,89.9,94.9,39.5,63.7,67.4
671,97.8,113.3,40.2,65.6,63.5
671,99.8,117.0,40.3,67.2,61.5
671,107.2,130.3,40.6,66.9,62.3
671,114.7,142.3,40.8,59.8,58.1
671,118.8,148.9,40.9,62.7,58.2
671,124.2,156.9,41.0,66.1,55.9
671,130.2,165.8,41.1,63.9,56.2
671,137.0,176.4,41.2,65.6,57.2
671,145.4,189.1,41.3,66.0,56.4
671,155.5,203.8,41.4,63.9,55.6
671,167.8,221.7,41.5,63.6,55.4
671,182.7,244.2,41.6,64.4,56.6
673,99.9,75.1,38.5,61.6,86.0
673,100.0,76.0,38.6,63.8,84.9
673,100.2,78.1,38.8,66.1,82.1
673,101.2,81.8,39.1,64.3,64.2
673,101.7,82.9,39.2,59.7,68.3
673,103.1,85.7,39.4,63.8,62.2
673,103.9,87.2,39.5,64.9,59.4
673,104.9,88.7,39.6,63.7,56.9
673,110.0,96.5,40.0,63.9,57.6
673,112.0,98.6,40.1,62.3,46.4
673,116.4,103.6,40.3,61.7,44.0
673,124.8,113.1,40.6,67.5,49.8
680,164.3,88.0,42.3,63.7,210.4
680,161.0,86.4,42.4,61.5,205.4
680,153.5,81.0,42.7,62.4,219.4
685,221.2,113.8,44.1,64.4,202.6
685,212.8,110.0,44.2,64.7,203.9
685,205.2,106.8,44.3,63.4,203.3
685,198.4,103.8,44.4,62.8,203.7
685,192.4,101.1,44.5,60.7,203.6
685,186.6,98.8,44.6,59.0,202.4
685,181.8,96.5,44.7,61.2,205.5
685,177.2,94.2,44.8,65.6,206.5
685,173.4,92.3,44.9,59.5,206.9
685,169.7,90.5,45.0,60.3,205.8
685,166.0,88.6,45.1,64.0,206.3
685,160.0,85.1,45.3,63.0,210.9
685,153.3,81.2,45.6,66.1,215.3
685,151.9,80.0,45.7,62.5,222.4
696,92.5,68.1,49.6,62.8,84.2
696,91.6,69.9,50.0,66.8,112.2
696,90.8,70.9,50.2,59.2,120.5
696,89.2,75.3,50.7,60.3,112.5
696,88.8,77.7,50.9,65.9,92.6
696,89.9,82.9,51.4,62.2,72.9
696,90.3,85.8,51.6,64.2,80.9
696,92.9,94.6,52.1,65.9,69.4
696,93.8,96.6,52.2,66.1,67.0
696,94.9,98.7,52.3,65.3,62.0
696,99.0,106.7,52.6,64.5,61.7
696,101.1,109.7,52.7,67.0,55.7
696,103.5,112.9,52.8,65.3,53.4
696,108.7,120.5,53.0,65.7,53.1
696,111.9,125.0,53.1,67.7,54.1
696,120.4,135.6,53.3,66.7,51.8
696,139.2,157.4,53.6,67.3,47.6
696,147.3,166.7,53.7,65.4,48.9
696,157.2,177.5,53.8,65.0,47.2
696,169.3,190.7,53.9,66.9,47.6
696,184.3,205.9,54.0,63.7,45.4
704,226.6,108.2,52.2,62.5,203.3
705,92.5,67.4,51.5,65.9,130.9
705,89.6,72.0,52.2,60.9,109.8
705,88.7,73.8,52.4,67.2,111.1
705,88.3,77.0,52.8,62.2,97.3
705,88.3,78.0,52.9,63.8,94.1
705,88.2,79.0,53.0,61.3,96.2
705,88.2,80.0,53.1,59.3,87.1
705,88.8,83.8,53.4,64.6,70.2
705,90.6,89.6,53.8,66.6,71.9
705,92.0,93.1,54.0,62.9,60.5
705,92.7,95.0,54.1,66.0,69.6
705,93.5,96.9,54.2,61.3,67.9
705,95.6,101.6,54.4,65.1,63.3
705,97.2,104.2,54.5,67.6,57.9
705,98.7,106.8,54.6,63.5,60.8
705,100.3,109.9,54.7,67.7,62.4
705,102.1,113.0,54.8,62.6,60.5
705,104.4,116.6,54.9,65.6,56.1
705,107.4,120.2,55.0,61.7,50.8
705,110.5,124.3,55.1,63.2,52.7
705,118.2,134.6,55.3,66.2,51.8
705,122.7,140.3,55.4,63.1,51.6
705,128.1,146.9,55.5,64.8,50.7
705,134.4,154.3,55.6,63.6,49.5
705,141.9,162.9,55.7,63.8,48.9
705,150.3,172.4,55.8,61.3,48.5
705,160.5,184.1,55.9,64.5,49.0
705,172.9,197.5,56.0,61.9,47.2
707,71.9,86.1,52.9,62.4,90.8
707,72.1,92.2,53.3,67.5,81.7
707,72.4,95.6,53.5,67.1,85.1
707,72.7,97.6,53.6,64.1,80.6
707,73.5,99.5,53.7,61.3,70.1
707,74.3,104.5,53.9,61.7,79.0
707,74.9,107.2,54.0,67.6,77.4
707,75.9,110.1,54.1,65.1,70.2
707,77.0,113.0,54.2,61.5,69.8
707,78.4,116.1,54.3,60.1,65.1
707,81.8,122.9,54.5,60.0,61.8
707,84.1,127.4,54.6,67.2,63.7
707,87.1,132.0,54.7,62.9,57.0
707,89.4,137.2,54.8,62.2,65.4
708,98.2,76.0,52.6,66.7,90.5
708,99.4,81.1,53.1,59.9,60.0
708,100.0,83.9,53.3,61.2,82.9
708,103.9,91.4,53.8,64.8,63.6
708,104.9,93.1,53.9,60.4,60.0
708,106.3,95.1,54.0,67.0,55.0
708,111.3,101.4,54.3,62.3,52.4
708,113.4,104.0,54.4,65.7,51.7
708,118.2,109.3,54.6,62.3,47.4
708,121.2,112.7,54.7,67.1,49.0
708,124.6,116.0,54.8,61.6,43.9
708,128.4,119.8,54.9,62.4,44.8
708,132.8,123.8,55.0,62.1,43.0
708,137.5,128.5,55.1,63.4,44.2
708,143.1,133.6,55.2,63.3,42.4
708,149.4,139.2,55.3,62.3,42.1
708,156.4,145.7,55.4,62.9,42.7
708,164.6,152.7,55.5,60.2,40.5
708,174.2,161.0,55.6,62.6,40.8
708,185.1,170.6,55.7,61.5,41.1
708,198.2,181.6,55.8,60.9,40.1
708,213.4,194.2,55.9,59.0,39.7
709,74.8,78.2,54.1,59.4,117.5
709,73.1,84.6,54.7,62.7,112.6
709,72.7,88.5,55.0,63.1,88.7
709,72.9,91.3,55.2,64.4,86.7
709,73.3,94.5,55.4,64.1,87.5
709,73.4,96.4,55.5,63.8,86.9
709,74.1,100.6,55.7,59.8,80.8
709,75.2,107.5,56.0,66.2,78.8
709,76.0,110.2,56.1,62.0,73.7
709,77.2,116.1,56.3,61.3,79.1
709,80.5,122.8,56.5,58.7,58.5
709,82.4,126.9,56.6,62.3,66.4
709,88.1,137.9,56.8,67.1,63.7
709,93.1,148.9,57.0,62.0,54.8
709,101.7,162.6,57.2,59.4,60.8
712,89.9,85.7,55.4,63.9,77.3
712,90.2,87.1,55.5,64.1,74.7
712,90.8,88.7,55.6,65.5,70.8
712,92.0,91.8,55.8,64.7,68.1
712,92.7,93.5,55.9,64.5,69.7
712,95.8,99.7,56.2,66.9,64.8
712,96.8,102.2,56.3,67.3,67.4
712,98.1,104.6,56.4,60.3,60.7
712,106.3,117.1,56.8,66.9,53.7
712,118.8,133.5,57.2,61.4,52.9
712,123.2,138.7,57.3,58.8,50.0
712,128.3,144.6,57.4,60.0,49.3
712,134.0,151.2,57.5,59.4,48.8
712,140.6,158.7,57.6,60.1,48.9
712,148.9,167.7,57.7,62.0,47.4
713,76.3,75.8,55.7,65.6,120.9
713,75.8,76.7,55.8,63.8,118.6
713,75.4,77.6,55.9,60.5,111.5
713,73.6,83.7,56.5,59.5,107.2
713,73.5,87.7,56.8,59.5,90.5
713,73.9,90.7,57.0,67.2,86.8
713,74.9,95.6,57.3,60.2,75.1
713,75.2,97.6,57.4,64.8,79.4
713,75.6,99.6,57.5,60.0,79.5
713,76.2,101.6,57.6,59.2,73.3
713,80.3,112.2,58.0,59.3,68.2
713,81.9,115.3,58.1,61.5,62.2
713,91.3,135.7,58.6,60.9,67.2
713,93.7,141.2,58.7,60.5,66.1
713,105.3,162.1,59.0,59.6,59.9
713,110.3,170.9,59.1,59.6,60.4
713,116.8,181.3,59.2,60.7,57.8
714,74.5,80.1,57.0,66.4,88.5
714,74.5,81.1,57.1,60.6,91.5
714,74.1,82.2,57.2,62.0,109.5
714,73.8,85.9,57.5,60.2,106.1
714,73.6,88.8,57.7,62.1,92.4
714,73.9,91.8,57.9,60.5,84.7
714,74.0,93.6,58.0,67.3,88.0
714,74.0,95.5,58.1,65.2,88.8
714,75.2,99.5,58.3,59.3,71.0
714,76.0,103.8,58.5,58.8,78.8
714,76.4,106.4,58.6,65.9,80.2
714,77.6,109.2,58.7,64.7,67.4
714,80.4,115.4,58.9,63.6,65.3
714,81.9,118.8,59.0,61.4,66.4
714,85.5,126.4,59.2,65.1,65.8
714,93.9,142.3,59.5,60.5,63.5
714,97.8,148.8,59.6,63.4,58.7
714,102.1,155.8,59.7,60.5,58.9
714,119.2,184.6,60.0,58.7,58.2
714,127.2,197.0,60.1,59.3,57.2
714,137.1,212.0,60.2,59.8,56.7
714,163.9,252.3,60.4,60.0,55.7
715,89.3,80.0,56.8,60.8,73.3
715,91.0,88.0,57.5,60.5,82.8
715,97.4,101.7,58.2,66.6,60.1
715,99.0,104.3,58.3,67.1,58.1
715,105.4,112.7,58.6,67.7,54.2
715,107.7,116.1,58.7,62.7,56.5
715,121.3,133.2,59.1,65.5,49.7
715,125.7,138.9,59.2,64.3,52.1
715,144.0,160.1,59.5,59.0,49.2
715,152.1,169.0,59.6,59.8,47.6
715,161.9,179.6,59.7,62.0,47.7
719,89.8,71.1,57.8,66.9,122.5
719,89.5,71.8,57.9,66.5,111.9
719,88.2,76.6,58.5,62.9,107.3
719,88.1,78.8,58.7,66.0,101.9
719,88.1,79.8,58.8,60.6,87.8
719,88.2,81.8,59.0,59.6,86.2
719,90.8,91.5,59.7,66.2,77.2
719,92.6,95.4,59.9,67.4,63.1
719,93.6,97.3,60.0,62.5,63.9
719,94.7,99.5,60.1,64.0,63.4
719,100.9,109.5,60.5,67.1,57.0
719,103.1,112.8,60.6,67.0,56.6
719,109.0,120.5,60.8,63.4,53.0
719,124.0,139.2,61.2,60.6,52.3
719,142.4,160.6,61.5,59.6,47.8
719,150.7,169.7,61.6,61.2,47.7
719,160.9,180.3,61.7,61.0,46.2
719,173.1,193.0,61.8,61.8,46.0
719,187.3,207.8,61.9,60.5,46.2
719,204.3,226.1,62.0,61.1,47.2
721,75.7,77.7,58.5,60.4,107.2
721,75.6,78.7,58.6,64.0,98.9
721,74.9,86.8,59.3,66.1,88.6
721,75.2,92.6,59.7,61.4,79.8
721,75.5,96.8,59.9,59.8,82.2
721,75.9,98.7,60.0,59.6,78.8
721,76.3,100.9,60.1,65.1,79.8
721,77.5,106.1,60.3,66.8,77.2
721,78.4,108.7,60.4,61.2,70.9
721,79.4,111.6,60.5,64.1,70.8
721,80.4,114.9,60.6,64.5,72.1
721,83.6,122.8,60.8,63.5,70.6
721,89.4,136.4,61.1,60.5,64.6
721,91.9,141.8,61.2,60.3,65.9
721,103.0,163.7,61.5,59.2,60.9
721,108.2,173.2,61.6,62.5,61.2
721,114.4,183.7,61.7,59.2,59.2
721,122.3,196.2,61.8,60.5,57.9
721,131.6,210.7,61.9,59.0,57.3
721,143.1,228.7,62.0,60.3,57.4
721,157.5,250.5,62.1,59.1,56.7
723,71.6,88.1,58.7,59.2,92.6
723,71.9,94.7,59.1,65.5,91.2
723,72.0,96.6,59.2,62.5,86.1
723,73.0,101.3,59.4,63.7,72.8
723,73.6,103.5,59.5,59.7,75.5
723,74.1,105.9,59.6,61.0,78.8
723,77.3,117.7,60.0,60.4,79.3
723,78.4,121.3,60.1,61.6,72.8
723,80.4,125.4,60.2,63.7,64.9
723,82.6,130.0,60.3,65.3,64.2
723,85.2,135.0,60.4,63.3,61.8
723,87.1,140.7,60.5,64.0,71.7
723,90.5,146.8,60.6,62.4,60.9
723,99.0,163.4,60.8,64.6,62.6
724,99.7,71.9,59.6,61.4,106.9
724,99.5,72.7,59.7,67.2,101.8
724,100.3,80.6,60.6,61.5,71.2
724,102.6,84.4,60.9,66.0,59.1
724,108.4,94.6,61.5,63.0,56.7
724,109.1,96.5,61.6,59.4,72.1
724,111.4,100.6,61.8,59.5,84.1
724,113.0,102.9,61.9,59.3,55.0
724,114.6,105.4,62.0,59.6,56.5
724,118.1,108.2,62.1,64.1,39.2
724,119.7,111.3,62.2,64.4,63.3
724,122.1,114.6,62.3,62.3,53.3
724,125.0,118.1,62.4,59.7,49.8
724,130.9,121.9,62.5,62.9,33.3
724,136.9,126.3,62.6,64.6,36.0
724,138.3,131.3,62.7,62.8,75.0
724,147.0,142.0,62.9,59.0,48.5
724,152.9,148.7,63.0,61.5,48.5
724,160.2,156.4,63.1,62.0,46.4
724,181.2,177.3,63.3,63.8,44.7
724,206.8,202.6,63.5,66.2,44.7
725,75.0,81.0,59.5,64.3,98.2
725,74.8,85.0,59.8,67.2,102.0
725,74.9,90.0,60.2,59.1,78.6
725,75.0,91.7,60.3,66.5,85.8
725,75.6,95.0,60.5,63.3,76.5
725,76.0,96.9,60.6,64.3,80.0
725,77.2,101.6,60.8,63.4,78.6
725,78.3,103.8,60.9,58.7,62.8
725,83.5,118.7,61.4,61.6,67.1
725,85.0,122.6,61.5,63.0,67.7
725,87.1,126.8,61.6,63.8,64.5
725,89.5,131.6,61.7,65.2,63.5
725,91.9,137.0,61.8,64.4,65.2
725,94.4,142.8,61.9,63.0,67.3
725,98.3,149.7,62.0,66.1,60.2
725,102.3,157.2,62.1,62.7,62.3
725,107.0,165.7,62.2,62.9,61.0
725,113.0,175.8,62.3,63.5,59.3
725,119.7,187.4,62.4,62.9,60.1
725,128.3,201.1,62.5,62.3,57.8
725,138.7,217.8,62.6,62.8,58.1
725,152.0,238.3,62.7,62.6,57.0
726,79.0,70.8,59.5,62.6,131.6
726,75.9,75.0,60.1,63.9,106.5
726,74.8,77.6,60.4,63.4,112.4
726,73.7,81.8,60.8,59.8,104.4
726,73.6,86.1,61.2,61.2,72.7
726,73.4,87.5,61.3,64.5,97.1
726,73.1,91.8,61.6,60.9,94.5
726,73.3,94.7,62.5,64.9,87.9
726,73.7,96.5,62.6,59.5,77.7
726,74.1,98.6,62.7,66.7,79.3
726,74.5,100.6,62.8,60.1,79.2
726,74.9,102.8,62.9,60.7,80.6
726,75.6,105.3,63.0,64.7,74.6
726,78.6,114.3,63.3,63.7,70.7
726,84.5,128.8,63.7,60.6,67.9
726,92.1,144.4,64.0,58.8,61.1
726,95.4,151.1,64.1,61.8,63.3
726,99.8,159.3,64.2,67.1,62.1
726,103.6,167.6,64.3,59.1,65.3
727,88.0,75.0,60.1,61.1,98.2
727,87.9,75.8,60.2,58.7,96.7
727,87.8,78.8,60.5,66.9,90.3
727,87.8,79.8,60.6,64.6,90.1
727,87.8,80.9,60.7,59.9,86.5
727,89.8,88.3,61.3,66.8,71.3
727,91.3,92.6,61.6,64.0,64.7
727,92.4,94.4,61.7,62.6,59.5
727,93.0,96.3,61.8,61.0,72.3
727,94.1,98.3,61.9,63.6,61.5
727,95.0,100.4,62.0,60.2,65.9
727,97.1,105.1,62.2,63.3,65.6
727,100.0,110.4,62.4,62.0,60.0
727,101.8,113.5,62.5,62.6,60.2
727,103.7,116.8,62.6,60.6,59.6
727,106.3,120.3,62.7,59.0,54.1
727,108.7,124.4,62.8,62.1,58.7
727,114.6,133.2,63.0,59.5,54.6
727,118.5,138.6,63.1,61.1,54.0
727,128.7,152.2,63.3,59.8,52.0
727,141.0,168.7,63.5,65.3,51.9
727,168.8,203.7,63.8,66.7,51.2
730,202.8,105.6,61.6,66.3,201.7
730,184.0,97.0,61.9,63.7,204.4
730,179.3,94.9,62.0,60.4,204.9
730,175.0,92.8,62.1,62.9,205.4
730,166.8,88.9,62.3,64.7,205.4
730,163.8,87.1,62.4,66.5,211.3
733,87.9,87.5,62.1,63.2,87.3
733,88.1,89.1,62.2,66.0,82.3
733,89.5,93.4,62.5,64.0,65.0
733,90.6,96.9,62.7,59.0,68.3
733,91.6,101.6,62.9,62.0,73.9
733,92.9,103.9,63.0,60.4,59.6
733,96.8,112.6,63.3,63.1,65.5
733,100.2,119.0,63.5,61.5,60.0
733,120.5,154.0,64.2,60.6,60.8
733,126.2,162.3,64.3,63.2,55.7
733,158.3,207.9,64.7,65.6,54.4
733,170.8,226.8,64.8,63.7,56.5
734,77.4,107.3,62.3,66.8,70.0
734,78.6,110.0,62.4,59.9,65.7
734,84.3,123.3,62.8,61.2,65.6
734,86.3,127.8,62.9,65.2,65.6
734,88.5,132.4,63.0,61.5,64.8
734,91.5,137.7,63.1,63.3,60.4
734,98.7,151.9,63.3,65.3,61.1
734,119.6,188.6,63.7,60.3,59.7
734,151.6,238.8,64.0,59.0,57.0
736,99.9,69.2,63.8,62.3,128.3
736,97.7,75.8,64.7,63.6,104.4
736,98.3,76.6,64.8,58.7,56.0
736,99.1,78.7,65.0,62.6,76.6
736,103.0,87.0,65.6,61.2,52.7
736,104.0,88.5,65.7,61.4,55.8
736,105.1,90.0,65.8,60.4,54.8
736,107.4,93.7,66.0,66.2,57.4
736,109.1,95.6,66.1,65.0,49.7
736,110.2,97.7,66.2,61.3,61.6
737,74.1,80.7,63.1,60.8,85.2
737,73.6,81.7,63.2,59.8,113.3
737,73.6,92.6,64.0,59.8,90.6
737,74.5,100.1,64.4,65.6,81.0
737,78.6,109.6,64.8,64.1,69.4
737,81.6,117.8,65.1,61.0,67.0
737,89.2,133.3,65.5,63.9,67.1
737,93.2,144.0,65.7,60.2,67.9
737,109.2,173.8,66.1,59.1,61.4
737,114.9,184.3,66.2,58.8,61.4
737,123.4,198.5,66.3,67.5,59.2
738,91.5,94.9,64.0,64.0,61.4
738,94.3,101.1,64.3,66.3,60.3
738,95.5,103.7,64.4,66.7,64.7
738,97.1,106.1,64.5,58.9,56.6
738,101.8,114.0,64.8,59.6,59.8
738,114.5,133.5,65.3,65.0,56.7
738,132.5,158.0,65.7,61.7,54.6
738,138.8,166.6,65.8,60.1,53.4
738,194.4,235.9,66.3,66.2,51.4
742,99.9,72.9,66.0,63.5,94.0
742,99.7,75.8,66.3,62.6,94.6
742,99.5,77.6,66.5,64.6,98.4
742,99.7,78.6,66.6,59.3,76.8
742,99.1,82.4,66.9,63.3,85.1
742,99.8,83.7,67.0,64.9,60.1
742,100.9,86.1,67.2,62.8,51.9
742,101.7,87.6,67.3,65.1,62.7
742,112.4,106.4,68.2,63.0,59.0
742,113.9,109.3,68.3,63.4,62.1
742,116.6,112.6,68.4,66.0,50.3
742,125.9,124.1,68.7,59.6,51.9
742,134.9,134.6,68.9,66.4,50.1
742,151.5,142.8,69.4,67.5,306.8
745,142.2,138.0,67.3,67.2,47.9
745,148.0,144.5,67.4,65.1,48.2
745,158.0,152.0,67.5,66.7,36.9
745,169.6,167.4,67.7,59.2,66.2
745,202.7,205.4,68.0,59.7,46.2
745,218.9,223.4,68.1,61.1,47.9
746,88.9,73.0,68.0,65.9,146.7
746,88.2,73.9,68.1,64.2,129.2
746,88.5,74.7,68.2,60.7,68.7
746,88.3,75.9,68.4,60.4,101.8
746,88.1,76.9,68.5,67.1,97.6
746,88.1,78.9,68.7,60.5,90.6
746,88.2,79.9,68.8,59.5,86.4
746,88.2,82.0,69.0,60.4,89.4
746,89.0,85.7,69.3,67.4,65.4
746,92.2,94.7,69.9,62.6,67.8
746,96.9,103.1,70.3,67.1,60.3
746,101.1,110.5,70.6,59.8,66.3
746,103.8,113.7,70.7,64.2,50.3
746,106.4,117.0,70.8,62.2,52.4
746,109.4,120.8,70.9,62.9,51.2
746,112.7,124.8,71.0,60.4,50.1
746,125.4,140.0,71.3,59.6,48.6
746,148.8,167.4,71.7,58.7,49.4
750,204.3,189.0,69.5,61.3,40.9
750,221.2,203.6,69.6,61.0,40.6
750,241.5,221.5,69.7,61.5,41.5
750,259.2,242.7,69.8,59.5,50.2
751,73.2,96.9,70.1,64.1,83.5
751,73.5,99.1,70.2,66.5,82.8
751,75.3,106.5,70.5,63.3,73.2
751,76.0,109.2,70.6,62.3,74.5
751,80.3,119.6,70.9,66.0,67.3
751,82.9,123.7,71.0,67.4,58.5
751,85.0,128.0,71.1,62.8,63.2
751,97.4,152.6,71.5,63.7,60.9
751,102.1,160.9,71.6,66.8,60.9
751,107.3,170.4,71.7,65.0,61.2
751,113.7,181.5,71.8,65.2,59.9
751,121.9,194.6,71.9,64.7,57.9
751,131.4,210.4,72.0,64.6,59.0
751,143.2,229.2,72.1,63.1,57.9
761,95.6,101.9,0.2,63.6,61.1
761,101.0,110.7,0.5,66.0,66.4
761,120.8,136.2,1.1,59.9,45.0
761,125.4,141.9,1.2,61.1,51.0
761,131.6,148.4,1.3,62.3,46.7
761,138.8,155.9,1.4,62.9,46.3
761,146.3,164.5,1.5,61.8,48.7
761,155.4,174.2,1.6,61.0,46.8
761,166.4,185.5,1.7,61.0,45.9
761,179.7,198.8,1.8,60.3,44.9
761,195.0,214.8,1.9,60.0,46.3
763,98.1,74.6,0.3,67.1,86.2
763,97.9,75.5,0.4,62.5,102.0
763,100.0,83.1,1.1,60.1,65.3
763,100.9,86.0,1.3,61.1,76.4
763,106.7,94.7,1.8,66.2,55.3
763,108.4,96.7,1.9,63.8,48.9
763,110.0,98.7,2.0,60.6,51.6
763,111.9,100.8,2.1,59.7,48.3
763,119.7,109.2,2.4,62.0,45.8
763,122.9,112.2,2.5,61.8,43.2
763,126.6,115.5,2.6,61.5,41.8
763,130.8,119.2,2.7,63.3,41.5
763,135.3,123.2,2.8,61.0,41.5
763,140.3,127.8,2.9,63.6,42.2
763,152.9,139.1,3.1,64.2,40.8
764,113.4,129.4,0.3,59.8,53.0
764,117.6,134.8,0.4,67.6,52.2
764,122.4,140.9,0.5,66.2,51.5
764,135.6,156.7,0.7,66.9,50.5
764,151.5,175.0,0.9,67.5,48.5
764,186.0,212.8,1.2,58.9,47.4
764,224.6,254.9,1.4,59.9,48.2
767,76.3,96.7,1.2,67.5,85.4
767,77.0,98.8,1.3,65.0,71.4
767,77.2,101.1,1.4,67.3,84.8
767,80.0,109.3,1.7,64.5,77.2
767,82.7,115.6,1.9,60.2,62.7
767,83.7,119.2,2.0,62.9,73.4
767,85.6,123.2,2.1,65.3,64.8
767,87.3,127.8,2.2,67.2,69.7
767,90.1,132.8,2.3,67.0,61.0
767,92.8,138.4,2.4,66.2,64.7
767,99.3,152.2,2.6,65.0,65.8
767,104.2,160.1,2.7,64.3,58.5
767,109.8,169.6,2.8,65.7,59.3
767,116.1,180.6,2.9,65.3,60.3
767,123.9,193.1,3.0,62.5,57.9
767,133.5,208.2,3.1,63.1,57.6
774,222.1,97.8,5.6,63.1,200.5
774,208.9,93.0,5.8,62.7,200.3
774,190.6,86.1,6.2,63.6,201.6
783,217.7,102.7,10.4,59.4,203.9
783,210.0,100.2,10.5,59.5,198.0
783,187.1,90.7,10.9,62.8,205.6
790,105.1,64.0,14.0,66.4,126.6
790,103.6,65.6,14.3,60.9,100.5
790,103.1,66.2,14.4,64.8,132.3
790,99.1,80.8,16.1,61.7,71.2
790,101.2,85.9,16.5,62.1,67.1
790,102.2,89.2,16.7,66.2,66.1
790,103.2,90.7,16.8,60.1,59.0
790,105.2,94.5,17.0,66.4,60.4
790,106.5,96.7,17.1,67.3,58.2
790,109.3,101.4,17.3,65.4,57.0
790,116.3,110.3,17.6,65.7,50.2
790,122.4,117.4,17.8,59.3,47.3
790,125.8,121.2,17.9,61.5,48.2
790,129.8,125.7,18.0,65.2,47.8
790,139.4,136.8,18.2,65.9,47.2
790,145.5,143.1,18.3,65.4,46.1
790,152.1,150.3,18.4,64.5,47.5
790,160.6,158.2,18.5,62.8,43.0
790,169.8,167.7,18.6,64.4,45.8
790,207.8,207.6,18.9,61.3,45.4
790,225.8,225.8,19.0,60.3,45.4
790,248.3,250.4,19.1,64.8,47.4
791,75.7,80.7,14.4,62.1,92.8
791,75.4,81.7,14.5,60.0,105.0
791,75.0,85.2,14.8,60.5,96.2
791,75.4,88.1,15.0,63.0,85.7
791,75.4,89.6,15.1,62.6,87.5
791,75.7,92.5,15.3,64.0,84.3
791,75.8,94.2,15.4,59.5,87.1
791,76.1,95.9,15.5,58.7,81.8
791,77.0,99.7,15.7,59.6,77.9
791,78.3,104.7,15.9,63.9,73.8
791,79.2,107.2,16.0,61.4,70.4
791,81.3,112.9,16.2,66.2,71.5
791,82.8,116.2,16.3,63.8,65.5
791,85.9,123.1,16.5,60.0,64.3
791,88.4,127.5,16.6,65.4,60.6
791,90.4,132.1,16.7,61.3,66.2
791,93.2,137.4,16.8,63.8,62.0
791,96.2,143.1,16.9,61.8,62.8
791,99.7,149.4,17.0,60.4,60.8
791,103.7,156.6,17.1,60.7,60.8
791,108.5,164.9,17.2,61.2,60.1
791,114.0,174.2,17.3,59.8,59.2
791,120.9,185.2,17.4,60.8,57.7
791,129.0,198.0,17.5,60.5,57.8
791,138.6,213.4,17.6,60.5,58.1
792,87.2,84.1,15.9,61.6,80.1
792,87.8,86.9,16.1,61.5,74.1
792,87.9,88.3,16.2,60.3,84.2
792,88.3,89.8,16.3,62.4,75.0
792,88.8,91.5,16.4,63.3,73.2
792,91.3,97.5,16.7,64.1,63.0
792,92.1,99.7,16.8,66.8,69.1
792,97.8,109.4,17.2,63.3,59.8
792,101.6,116.3,17.4,65.6,59.6
792,107.0,123.7,17.6,67.0,55.6
792,118.0,138.5,17.9,59.9,51.0
792,122.7,144.4,18.0,60.5,51.7
792,128.0,151.0,18.1,59.9,50.7
792,135.1,158.9,18.2,63.3,48.5
792,142.5,167.8,18.3,61.8,50.2
792,150.8,177.7,18.4,59.2,50.0
792,160.8,189.5,18.5,60.2,49.7
792,173.3,203.4,18.6,60.1,48.2
793,76.1,96.3,15.9,67.3,80.3
793,78.5,102.4,16.2,59.8,69.0
793,79.7,104.8,16.3,61.7,62.5
793,80.1,107.3,16.4,60.8,81.5
793,82.6,112.8,16.6,62.9,67.8
793,84.0,116.0,16.7,60.1,65.7
793,85.5,119.4,16.8,61.1,65.9
793,87.4,123.1,16.9,60.5,63.3
793,92.2,131.5,17.1,60.6,62.2
793,95.1,136.6,17.2,61.7,60.7
793,98.1,142.3,17.3,61.6,61.4
793,110.8,162.7,17.6,59.4,57.4
794,74.4,87.3,16.2,66.5,100.9
794,74.2,90.9,16.4,62.4,87.6
794,74.0,92.6,16.5,63.0,98.1
794,74.8,96.4,16.7,63.5,78.8
794,75.5,100.8,16.9,62.5,81.5
794,75.9,103.2,17.0,66.8,81.1
794,76.6,105.7,17.1,62.2,72.8
794,77.2,108.3,17.2,62.7,77.3
794,78.3,111.2,17.3,62.7,69.4
794,79.3,114.2,17.4,61.5,71.5
794,80.5,117.4,17.5,59.2,69.4
794,82.0,121.1,17.6,63.4,68.4
794,88.0,133.8,17.9,58.8,62.7
794,90.8,139.2,18.0,62.9,62.6
794,93.7,145.1,18.1,61.1,63.8
794,97.1,151.6,18.2,59.7,62.3
794,101.1,158.9,18.3,59.6,61.2
794,106.0,167.5,18.4,61.9,60.9
794,111.6,177.1,18.5,59.2,59.2
794,118.4,188.4,18.6,59.9,59.2
796,72.3,87.3,17.1,65.2,94.7
796,72.4,88.8,17.2,64.9,88.0
796,72.3,90.4,17.3,66.8,93.4
796,72.5,93.6,17.5,66.1,84.7
796,76.8,113.3,18.3,62.3,72.1
796,79.0,120.3,18.5,59.5,72.5
796,80.7,124.1,18.6,61.0,65.5
796,87.5,139.4,18.9,63.8,68.1
796,90.7,145.8,19.0,66.4,63.5
796,94.4,153.0,19.1,65.8,63.3
796,109.3,180.5,19.4,60.1,62.4
796,116.5,192.6,19.5,61.3,59.4
796,124.5,207.4,19.6,62.7,61.7
799,87.6,83.2,17.9,61.5,85.3
799,88.5,86.0,18.1,60.5,76.7
799,90.2,90.4,18.4,66.7,64.1
799,91.5,92.0,18.5,62.3,50.3
799,91.9,93.8,18.6,60.5,78.7
799,94.3,100.2,18.9,66.9,62.2
799,95.4,102.7,19.0,67.2,67.2
799,96.9,105.3,19.1,65.3,58.9
799,106.5,118.0,19.5,64.7,58.9
799,108.8,121.7,19.6,60.0,58.0
799,112.0,125.8,19.7,61.3,52.0
799,115.6,130.7,19.8,66.4,53.7
799,120.2,136.3,19.9,66.5,50.6
799,125.0,142.2,20.0,62.7,50.5
799,139.9,157.9,20.2,64.4,46.4
799,165.8,186.2,20.5,59.3,46.0
799,179.2,199.8,20.6,60.9,45.6
800,73.9,87.0,18.7,67.1,101.6
800,73.8,89.5,18.9,58.8,89.4
800,73.8,91.0,19.0,62.4,89.5
800,74.1,92.7,19.1,64.0,80.4
800,74.7,96.6,19.3,66.1,78.4
800,75.3,98.7,19.4,63.7,75.4
800,75.9,100.8,19.5,64.5,72.9
800,77.6,106.0,19.7,65.6,70.9
800,80.0,111.2,19.9,62.6,62.5
800,81.7,114.5,20.0,66.9,62.7
800,84.6,122.5,20.2,64.9,66.8
800,88.5,130.8,20.4,61.4,66.3
800,91.4,135.7,20.5,60.8,59.1
800,94.7,141.7,20.6,66.2,61.0
800,98.4,148.2,20.7,64.3,60.7
800,102.4,155.6,20.8,63.8,61.3
800,107.3,163.9,20.9,63.0,59.8
800,112.9,173.7,21.0,63.3,59.8
800,119.9,184.9,21.1,62.7,58.0
800,128.0,198.4,21.2,63.4,59.2
800,137.9,214.2,21.3,61.5,57.7
801,80.5,113.7,18.9,62.7,70.8
801,81.9,117.3,19.0,66.3,68.7
801,83.9,120.7,19.1,58.8,59.4
801,85.1,124.9,19.2,66.5,74.8
801,90.0,133.5,19.4,59.7,56.5
801,93.0,138.7,19.5,61.6,60.2
801,95.8,144.7,19.6,62.7,65.0
801,100.0,151.1,19.7,59.3,56.6
801,103.6,158.5,19.8,60.8,63.9
801,108.5,167.1,19.9,61.7,60.5
801,113.9,176.9,20.0,60.7,61.2
802,101.9,84.6,19.6,59.8,58.1
802,104.2,89.4,19.9,65.3,66.1
802,105.2,91.0,20.0,60.6,56.9
802,113.6,101.7,20.5,65.1,52.5
802,115.8,104.4,20.6,67.1,50.0
802,121.6,110.4,20.8,64.5,44.0
802,133.5,121.9,21.1,63.7,42.2
802,138.9,126.5,21.2,65.6,40.2
802,144.0,131.3,21.3,61.9,43.6
802,149.6,137.0,21.4,65.2,45.1
802,157.1,143.4,21.5,65.3,40.6
802,165.7,150.7,21.6,65.1,40.5
802,175.6,159.0,21.7,64.2,39.7
802,187.2,168.7,21.8,64.9,40.2
802,201.2,179.9,21.9,63.4,38.6
810,210.1,94.3,25.0,62.7,199.9
810,204.7,92.1,25.1,64.1,202.0
810,190.5,86.0,25.4,66.0,200.0
811,101.5,112.5,34.1,60.7,63.7
811,105.6,119.1,34.3,59.2,58.7
811,111.9,126.8,34.5,59.7,51.8
811,115.6,131.2,34.6,58.8,49.8
811,120.2,136.5,34.7,63.2,48.9
811,124.1,142.2,34.8,60.7,56.2
811,173.1,196.4,35.4,66.3,45.3
811,186.8,211.8,35.5,59.7,48.1
815,124.2,113.0,27.1,66.6,51.0
815,155.5,143.8,27.7,63.2,43.6
815,163.4,151.2,27.8,65.3,42.9
815,173.0,159.7,27.9,65.3,41.6
817,105.8,90.0,27.5,59.9,59.7
817,106.8,91.7,27.6,64.7,58.5
817,111.2,96.9,27.9,61.0,52.1
817,119.6,106.8,28.3,59.1,46.8
817,124.8,112.6,28.5,61.0,47.1
817,128.2,115.9,28.6,60.2,44.8
817,136.2,123.3,28.8,59.5,43.2
817,140.9,127.7,28.9,60.8,43.1
817,146.2,132.6,29.0,62.2,43.3
817,152.4,138.0,29.1,60.5,40.7
817,159.5,144.7,29.2,65.5,43.3
817,167.2,151.4,29.3,58.9,40.9
818,101.7,81.5,27.5,64.1,70.7
818,102.5,82.8,27.6,67.1,60.3
818,103.7,85.3,27.8,65.3,62.3
818,104.6,86.8,27.9,63.8,59.0
818,108.0,91.7,28.2,61.8,58.3
818,110.7,94.8,28.4,61.6,49.4
818,112.3,96.9,28.5,66.5,53.3
818,118.2,103.9,28.8,63.3,51.1
818,120.4,106.5,28.9,61.5,49.1
818,126.0,112.1,29.1,59.1,45.9
818,129.4,115.4,29.2,60.5,44.0
818,133.2,119.0,29.3,61.9,44.3
818,138.0,123.4,29.4,66.4,42.0
818,153.4,136.7,29.7,59.0,41.4
819,101.5,85.0,28.7,66.8,68.2
819,102.0,86.3,28.8,61.1,69.1
819,103.1,87.9,28.9,66.6,53.6
819,106.3,92.9,29.2,64.7,55.2
819,107.6,94.8,29.3,61.6,54.3
819,114.4,103.5,29.7,64.8,50.9
819,116.8,106.3,29.8,66.5,49.5
819,125.1,115.4,30.1,60.3,46.8
819,128.8,119.0,30.2,60.7,44.3
819,149.5,138.4,30.6,66.7,43.5
821,74.4,93.3,31.2,62.7,90.9
821,75.3,99.8,31.5,63.8,81.1
821,81.3,118.5,32.1,64.2,65.0
821,82.9,122.2,32.2,62.0,67.5
821,84.6,126.7,32.3,67.0,68.6
821,90.2,137.6,32.5,61.0,61.1
821,93.2,143.6,32.6,64.0,63.4
821,97.4,150.8,32.7,67.6,59.9
821,101.6,158.9,32.8,67.0,62.5
821,106.7,168.1,32.9,65.5,61.0
821,121.8,192.2,33.1,65.6,57.2
821,130.8,207.5,33.2,65.0,59.5
822,86.6,80.3,32.3,59.4,94.0
822,87.1,82.9,32.5,63.4,69.8
822,87.4,85.1,32.7,58.7,83.4
822,88.2,87.9,32.9,65.4,73.4
822,88.8,89.3,33.0,61.1,67.8
822,89.1,90.8,33.1,60.4,77.0
822,90.6,94.0,33.3,61.8,61.0
822,92.3,97.7,33.5,61.7,68.2
822,94.8,101.8,33.7,61.9,60.0
823,77.2,99.7,32.1,61.3,57.3
823,82.0,113.8,32.6,64.0,58.9
823,83.2,117.4,32.7,65.2,71.7
823,86.5,125.5,32.9,63.6,62.6
823,91.6,135.6,33.1,65.0,64.1
823,94.2,141.6,33.2,66.7,66.7
823,102.7,155.9,33.4,63.0,63.2
823,107.7,164.6,33.5,65.3,60.1
823,113.6,174.7,33.6,65.0,59.9
823,120.9,186.9,33.7,66.1,58.6
823,129.6,200.7,33.8,63.3,57.9
824,104.0,86.3,33.4,67.0,72.4
824,105.0,87.8,33.5,63.8,55.2
824,109.0,93.4,33.8,65.2,49.5
824,110.5,95.5,33.9,67.5,53.8
824,113.9,99.9,34.1,61.7,51.6
824,115.8,102.4,34.2,66.1,53.1
824,120.4,107.5,34.4,63.6,46.1
824,123.5,110.4,34.5,61.6,43.1
824,130.8,117.6,34.7,63.5,42.8
824,134.9,121.5,34.8,61.3,42.8
824,151.9,136.7,35.1,60.7,40.1
824,159.1,143.0,35.2,63.8,40.8
824,167.5,150.0,35.3,63.3,39.9
824,191.3,169.8,35.5,67.0,39.3
824,219.0,191.5,35.7,59.0,38.1
825,346.6,161.8,39.4,64.0,197.6
825,275.8,133.1,39.8,59.0,203.3
825,251.6,122.9,40.0,59.1,202.8
825,232.6,114.7,40.2,61.0,203.8
825,224.6,111.1,40.3,60.0,204.5
825,217.0,107.6,40.4,62.9,204.3
825,210.4,104.7,40.5,59.7,204.2
825,204.4,101.8,40.6,61.4,205.3
825,184.8,92.6,41.0,62.4,213.0
834,89.9,71.7,45.8,64.2,102.9
834,88.7,75.0,46.2,58.9,93.1
834,87.9,80.9,46.8,59.2,85.3
834,88.2,83.7,47.0,61.2,82.1
834,91.3,92.8,47.6,58.9,75.8
834,92.1,94.5,47.7,60.9,64.0
834,93.3,96.4,47.8,63.8,58.5
834,93.8,98.5,47.9,63.2,76.9
834,94.9,100.7,48.0,61.9,63.0
834,98.1,105.8,48.2,61.2,53.9
834,99.7,108.6,48.3,63.6,59.6
834,101.7,111.5,48.4,62.0,56.1
834,103.6,115.0,48.5,67.5,61.5
834,116.6,131.5,48.9,66.8,52.4
834,121.0,136.7,49.0,61.6,50.1
834,125.8,142.6,49.1,63.1,51.0
834,131.5,149.2,49.2,61.2,48.9
834,138.4,156.6,49.3,61.3,46.9
834,146.4,165.1,49.4,61.4,47.1
834,155.4,175.2,49.5,62.7,48.1
834,165.9,186.3,49.6,58.9,46.8
834,178.2,199.7,49.7,59.8,47.3
834,193.1,215.5,49.8,59.0,46.8
835,76.2,105.8,46.2,63.2,72.3
835,80.0,115.4,46.5,60.4,75.5
835,85.0,126.8,46.8,64.9,65.6
835,92.0,143.3,47.1,64.1,65.1
835,95.4,150.0,47.2,63.8,63.2
835,99.7,157.6,47.3,63.6,60.4
835,111.9,178.6,47.5,66.7,59.3
835,126.4,202.8,47.7,60.2,58.9
835,137.3,219.2,47.8,60.9,56.5
835,150.2,239.7,47.9,61.9,57.9
838,75.7,87.7,47.2,60.6,86.8
838,75.9,93.1,47.5,63.4,83.3
838,76.2,94.8,47.6,60.1,80.7
838,76.4,96.6,47.7,60.7,83.4
838,76.5,98.6,47.8,62.3,85.3
838,77.2,100.8,47.9,64.9,72.5
838,78.7,106.1,48.1,67.4,72.8
838,79.7,108.8,48.2,63.9,69.9
838,82.1,115.3,48.4,61.9,70.8
838,83.3,119.0,48.5,67.5,71.5
838,84.9,122.8,48.6,61.0,67.4
838,87.5,127.0,48.7,63.4,58.4
838,89.9,131.9,48.8,66.7,63.7
838,92.5,137.3,48.9,64.7,64.9
838,95.9,143.3,49.0,64.4,60.1
838,99.9,150.4,49.1,66.9,60.6
838,104.0,157.9,49.2,62.8,61.3
838,109.5,166.8,49.3,64.0,58.4
838,116.3,177.1,49.4,64.0,56.4
838,123.9,189.2,49.5,64.1,58.0
838,133.1,203.1,49.6,61.3,56.5
838,144.1,220.0,49.7,62.2,56.9
842,88.8,74.6,48.6,61.8,98.8
842,88.7,81.0,49.2,60.1,89.2
842,90.1,86.1,49.6,60.6,68.6
842,90.7,89.1,49.8,62.1,74.1
842,93.1,94.6,50.1,67.2,80.3
842,93.9,96.6,50.2,62.7,66.1
842,98.0,104.4,50.5,59.2,62.7
842,101.6,109.6,50.7,62.6,61.1
842,109.3,120.7,51.0,65.4,52.8
842,112.9,124.9,51.1,64.6,49.8
842,116.8,129.8,51.2,65.8,51.0
842,133.4,149.1,51.5,59.1,48.5
842,140.4,157.0,51.6,64.5,48.3
842,148.7,165.8,51.7,62.4,46.5
842,159.0,176.6,51.8,66.4,46.7
843,75.3,91.4,49.3,67.2,89.5
843,77.3,97.6,49.6,67.7,73.8
843,77.4,99.8,49.7,66.4,87.2
843,77.7,101.9,49.8,59.8,81.0
843,79.7,107.3,50.0,65.7,71.5
843,80.4,109.9,50.1,59.0,75.4
843,81.5,113.1,50.2,65.9,71.0
843,83.0,116.5,50.3,64.6,65.6
843,88.4,129.3,50.6,60.9,59.5
843,91.0,134.4,50.7,64.3,62.7
843,93.6,140.2,50.8,66.3,66.4
843,97.1,146.8,50.9,66.7,61.8
843,101.0,153.8,51.0,62.0,60.8
843,105.7,162.2,51.1,65.4,61.1
843,110.9,171.5,51.2,62.4,60.8
843,117.5,182.7,51.3,64.4,59.1
843,159.6,252.0,51.7,60.0,58.5
846,72.3,89.5,50.0,63.7,92.7
846,72.3,94.9,50.3,61.1,87.4
846,73.2,99.4,50.5,59.9,77.6
846,73.8,101.6,50.6,63.6,73.8
846,77.0,113.3,51.0,67.1,68.7
846,78.2,116.9,51.1,67.5,71.4
846,79.7,120.5,51.2,62.6,67.2
846,86.9,135.4,51.5,60.8,68.3
846,89.5,141.3,51.6,65.8,66.2
846,92.8,147.8,51.7,64.2,62.9
846,97.9,155.0,51.8,63.6,54.7
846,106.8,174.0,52.0,59.5,65.2
846,113.8,185.0,52.1,61.7,57.8
846,122.4,198.5,52.2,63.4,57.2
846,132.5,214.2,52.3,61.9,57.3
849,90.9,90.0,50.7,62.2,76.2
849,97.8,103.7,51.3,62.4,60.1
849,101.9,109.7,51.5,62.4,61.0
849,106.3,116.7,51.7,64.8,55.2
849,109.2,120.5,51.8,63.8,52.1
849,116.7,130.0,52.0,61.1,48.8
849,121.4,135.4,52.1,65.8,49.2
849,126.5,141.4,52.2,64.3,49.1
849,139.9,156.6,52.4,65.6,46.6
849,147.7,165.6,52.5,64.0,48.9
849,157.4,176.4,52.6,66.1,48.3
849,169.1,188.6,52.7,63.2,46.3
853,99.1,77.2,53.9,62.6,90.0
853,102.6,86.9,54.7,59.2,56.2
853,103.1,88.3,54.8,60.1,67.7
853,104.5,89.8,54.9,61.1,48.8
853,105.6,91.6,55.0,66.9,57.6
853,108.2,95.5,55.2,64.2,53.4
853,109.3,97.6,55.3,62.7,62.2
853,118.4,107.4,55.7,61.6,45.7
853,121.3,110.3,55.8,62.7,46.0
853,124.4,113.5,55.9,61.5,45.1
853,127.9,117.1,56.0,64.2,46.0
853,131.7,120.9,56.1,62.3,44.8
853,136.0,125.1,56.2,62.2,44.7
853,148.3,136.6,56.4,66.3,41.9
853,161.4,148.5,56.6,61.4,41.2
853,170.2,156.1,56.7,61.6,40.7
853,180.4,164.9,56.8,62.3,41.1
853,192.6,174.9,56.9,60.3,39.1
856,86.8,79.5,55.1,65.0,91.2
856,87.3,82.6,55.4,67.4,75.8
856,88.9,89.0,55.9,60.1,79.8
856,95.8,104.3,56.7,63.7,63.2
856,97.2,107.0,56.8,64.1,63.1
856,100.6,112.5,57.0,63.7,55.0
856,102.6,116.0,57.1,64.9,59.8
856,107.7,122.8,57.3,59.2,54.6
856,110.8,126.9,57.4,58.9,52.2
856,114.2,131.3,57.5,59.3,52.5
856,118.3,136.9,57.6,65.3,53.8
856,128.3,148.7,57.8,60.4,49.7
856,143.3,165.8,58.0,63.3,48.7
857,77.7,112.5,54.6,61.0,69.4
857,79.0,115.6,54.7,60.6,68.4
857,80.1,119.3,54.8,65.7,72.3
857,83.4,127.1,55.0,64.1,66.7
857,85.5,131.8,55.1,63.7,65.6
857,87.9,136.8,55.2,61.7,64.6
857,91.1,142.8,55.3,64.9,61.7
857,94.5,149.6,55.4,65.3,63.5
857,109.0,175.2,55.7,60.3,58.2
857,115.7,186.3,55.8,60.6,58.9
857,124.0,199.3,55.9,60.8,57.6
857,133.9,214.7,56.0,59.7,56.9
857,146.1,233.9,56.1,61.3,57.8
860,74.6,80.7,56.1,67.5,106.8
860,74.2,81.8,56.2,63.3,110.8
860,73.2,88.4,56.7,63.5,89.3
860,73.5,93.1,57.0,59.9,82.5
860,73.7,94.8,57.1,59.9,84.0
860,73.9,96.7,57.2,63.2,82.6
860,74.6,101.1,57.4,63.8,79.7
860,75.3,103.5,57.5,67.0,75.3
860,77.4,108.9,57.7,59.8,67.0
860,81.3,119.7,58.0,64.5,70.9
860,84.4,126.8,58.2,60.6,68.0
860,87.9,131.2,58.3,62.2,52.0
860,90.2,136.3,58.4,62.0,65.4
860,93.0,142.0,58.5,62.2,64.0
860,97.1,148.5,58.6,64.4,57.6
860,101.7,155.6,58.7,61.7,57.6
860,112.7,175.4,58.9,64.4,60.0
860,120.2,187.2,59.0,64.1,57.7
861,89.2,79.7,56.6,64.4,85.9
861,89.2,80.8,56.7,64.9,88.8
861,90.6,86.3,57.2,62.3,74.8
861,92.4,92.5,57.6,64.2,62.2
861,92.9,94.3,57.7,62.9,75.2
861,96.1,100.5,58.0,66.0,65.5
861,100.0,107.1,58.3,60.5,58.2
861,101.7,110.0,58.4,62.4,59.4
861,105.8,116.1,58.6,62.5,56.7
861,115.6,128.2,58.9,65.4,51.6
861,119.8,133.3,59.0,64.2,50.1
861,134.0,149.8,59.3,60.6,48.7
861,141.6,158.2,59.4,67.7,47.9
865,75.9,80.6,57.1,62.0,116.7
865,75.3,84.1,57.4,60.3,100.1
865,75.2,89.5,57.8,65.2,90.3
865,75.1,91.2,57.9,67.6,93.0
865,75.5,92.8,58.0,61.1,76.0
865,75.7,94.5,58.1,59.0,81.2
865,77.3,100.1,58.4,60.1,76.1
865,79.0,104.6,58.6,64.7,64.2
865,79.9,107.3,58.7,64.3,71.8
865,81.1,110.2,58.8,66.5,67.4
865,83.7,116.8,59.0,62.0,68.6
865,86.5,123.2,59.2,59.7,66.4
865,88.6,127.4,59.3,61.4,63.7
865,96.8,143.4,59.6,60.4,62.7
865,100.3,149.8,59.7,61.3,61.4
865,110.1,164.7,59.9,60.3,57.0
865,115.9,174.2,60.0,61.3,58.6
865,123.3,185.4,60.1,61.9,56.6
866,88.9,75.0,57.7,64.2,92.9
866,88.9,82.9,58.4,62.5,89.9
866,89.6,85.2,58.6,60.0,77.8
866,91.2,90.1,58.9,66.2,77.9
866,93.7,94.9,59.2,59.5,65.9
866,98.9,104.2,59.6,64.7,59.8
866,100.5,106.9,59.7,63.5,58.6
866,102.4,109.6,59.8,60.7,54.6
866,107.3,116.6,60.0,66.1,54.1
866,110.3,120.3,60.1,63.9,51.1
869,75.0,81.7,57.9,67.0,108.0
869,74.6,84.7,58.2,63.5,96.4
869,75.6,97.4,59.0,64.0,81.1
869,80.4,113.6,59.7,62.0,69.2
869,81.7,116.9,59.8,63.2,68.9
869,84.5,124.0,60.0,59.6,68.4
869,86.9,128.0,60.1,59.1,60.1
876,75.5,96.5,60.6,67.2,70.5
876,75.8,98.6,60.7,65.4,81.8
876,76.4,100.7,60.8,62.7,75.0
876,77.1,103.1,60.9,66.4,72.5
876,85.7,122.3,61.5,61.3,67.1
876,87.4,126.7,61.6,66.3,69.1
876,94.8,142.7,61.9,62.9,66.3
876,99.2,149.1,62.0,62.6,56.1
876,103.2,156.4,62.1,61.7,60.8
876,108.1,164.9,62.2,63.0,60.0
876,113.4,174.7,62.3,63.3,61.8
876,120.8,186.1,62.4,62.5,56.8
876,129.0,199.7,62.5,62.9,59.2
876,139.2,215.9,62.6,62.0,57.7
878,101.6,66.9,64.6,59.0,124.0
878,100.2,69.0,64.9,62.3,116.5
878,99.5,72.8,65.4,65.6,109.0
878,99.3,74.1,65.6,65.2,94.2
878,99.2,75.0,65.7,63.8,92.9
878,99.5,76.9,65.9,64.6,81.4
878,99.9,79.2,66.1,64.5,77.9
878,101.0,83.0,66.4,65.1,63.5
878,102.7,85.4,66.6,59.6,54.7
878,104.4,88.5,66.8,64.0,62.8
878,106.5,91.7,67.0,65.8,54.2
878,109.3,95.6,67.2,61.8,53.3
878,111.0,97.8,67.3,66.0,50.5
878,112.8,100.0,67.4,63.3,51.5
878,114.7,102.6,67.5,67.4,53.2
878,117.2,105.2,67.6,64.5,46.5
878,123.2,110.7,67.8,62.6,44.5
878,130.4,118.1,68.0,62.2,42.3
878,134.7,121.9,68.1,60.8,42.0
878,158.4,142.9,68.5,60.8,40.1
878,166.8,150.0,68.6,63.5,40.3
878,176.3,158.1,68.7,63.7,40.3
878,187.5,167.5,68.8,63.7,40.4
878,201.0,178.0,68.9,60.4,37.6
878,216.9,190.7,69.0,62.4,38.8
878,235.2,205.5,69.1,60.1,38.8
879,75.6,81.6,64.6,64.0,96.8
879,75.7,84.6,64.8,62.5,89.2
879,76.2,93.4,65.4,64.3,81.4
879,77.6,98.6,65.7,65.6,66.5
879,77.9,100.8,65.8,64.2,82.4
879,80.0,108.2,66.1,61.1,75.4
879,80.8,111.0,66.2,60.7,73.6
879,82.2,114.1,66.3,63.2,66.5
879,83.5,117.3,66.4,59.8,67.9
879,85.1,120.9,66.5,61.1,65.5
879,87.0,124.7,66.6,59.8,64.1
879,94.1,139.5,66.9,60.2,64.3
879,97.8,145.5,67.0,61.4,58.5
879,101.2,152.0,67.1,58.9,62.2
879,105.6,159.5,67.2,61.1,59.7
879,110.9,168.6,67.3,63.6,59.6
879,124.4,189.0,67.5,58.7,56.8
879,132.9,202.5,67.6,60.1,57.9
880,89.4,86.6,64.9,62.1,83.6
880,90.4,89.3,65.1,63.1,70.1
880,95.2,100.7,65.7,58.7,66.0
880,100.3,108.8,66.0,60.0,53.9
880,102.4,112.1,66.1,67.5,57.1
880,104.8,115.3,66.2,62.3,52.7
880,107.7,118.9,66.3,62.5,51.3
880,110.8,122.6,66.4,60.3,50.5
880,114.2,126.8,66.5,60.6,50.3
880,118.5,131.8,66.6,65.9,49.6
880,134.6,150.0,66.9,61.2,48.6
880,141.6,157.6,67.0,61.2,46.8
880,149.9,166.3,67.1,61.9,46.7
880,159.5,176.4,67.2,61.3,46.4
880,170.9,188.4,67.3,62.0,46.4
880,184.4,202.3,67.4,60.1,45.8
880,200.9,219.1,67.5,60.1,45.5
880,221.0,239.4,67.6,59.3,45.2
881,99.9,75.7,64.7,65.2,82.2
881,100.4,79.9,65.1,60.9,71.0
881,100.8,81.0,65.2,61.3,69.5
881,101.9,83.9,65.4,62.0,64.4
881,105.8,89.6,65.8,67.7,58.4
881,108.4,93.4,66.0,65.7,63.5
881,109.9,95.4,66.1,65.4,54.0
881,111.7,97.5,66.2,64.9,48.5
881,120.9,106.8,66.6,59.0,42.1
881,127.5,113.3,66.8,59.0,45.2
881,131.0,116.6,66.9,59.1,43.0
881,135.1,120.3,67.0,61.2,42.2
881,140.1,124.7,67.1,65.3,41.5
881,145.4,129.6,67.2,65.1,42.4
881,151.2,134.9,67.3,63.1,42.5
881,158.5,140.6,67.4,61.4,38.4
881,166.6,147.5,67.5,64.9,40.4
881,175.8,155.0,67.6,61.2,39.0
881,186.4,163.9,67.7,63.4,39.9
881,198.8,173.6,67.8,59.7,38.0
881,213.6,184.9,67.9,59.7,37.7
882,89.0,88.2,65.5,61.5,59.5
882,90.9,91.4,65.7,61.9,50.3
882,92.7,95.0,65.9,59.6,61.9
882,92.8,96.8,66.0,58.9,85.1
882,94.1,98.8,66.1,61.4,57.2
882,95.4,101.2,66.2,66.3,60.3
882,98.2,106.5,66.4,64.9,63.6
882,100.2,109.4,66.5,64.9,55.4
882,102.3,112.3,66.6,60.3,54.4
882,114.1,127.7,67.0,63.4,53.6
882,118.4,132.9,67.1,66.2,50.5
882,122.9,138.4,67.2,63.8,50.9
882,128.4,144.3,67.3,60.6,47.3
882,134.2,150.9,67.4,59.7,48.3
882,141.4,158.9,67.5,63.1,47.8
882,149.6,167.8,67.6,61.3,47.5
882,159.2,177.7,67.7,59.5,45.9
882,170.3,190.0,67.8,62.0,47.8
882,184.5,204.0,67.9,59.7,44.7
882,201.4,221.0,68.0,59.7,45.0
883,99.4,72.7,66.5,66.8,79.4
883,99.4,74.0,66.7,59.0,77.1
883,99.2,74.8,66.8,59.2,103.6
883,99.3,77.9,67.1,63.7,83.2
883,100.0,79.9,67.3,62.6,65.7
883,101.1,83.7,67.6,64.4,69.9
883,103.3,87.9,67.9,62.9,56.4
883,104.3,89.6,68.0,65.6,59.9
883,108.0,95.4,68.3,63.5,58.6
883,109.5,97.4,68.4,61.5,52.2
883,111.3,99.5,68.5,61.5,50.4
883,113.2,101.7,68.6,61.0,49.7
883,115.5,104.4,68.7,66.7,48.8
883,117.7,107.3,68.8,66.8,52.5
883,120.6,110.3,68.9,64.5,46.5
883,123.8,113.6,69.0,63.5,45.2
883,127.2,117.1,69.1,61.7,45.8
883,140.7,130.5,69.4,62.5,46.4
883,146.7,136.1,69.5,65.1,43.0
883,153.4,142.0,69.6,61.9,41.2
883,161.4,148.9,69.7,63.4,40.9
883,170.4,156.4,69.8,61.0,39.9
883,180.8,165.6,69.9,63.8,41.3
883,193.0,176.1,70.0,62.6,40.8
883,207.2,188.1,70.1,60.9,40.2
883,224.5,202.8,70.2,62.0,40.4
883,245.7,220.1,70.3,60.3,39.2
887,107.2,92.1,68.8,67.4,67.4
887,109.9,96.0,69.0,61.2,50.6
887,116.9,103.8,69.3,63.3,47.7
887,118.6,106.5,69.4,60.7,57.7
887,127.7,116.1,69.7,65.7,48.0
887,131.7,119.9,69.8,63.6,43.9
887,136.0,124.0,69.9,62.8,43.8
887,141.1,128.8,70.0,65.3,43.3
887,146.8,134.4,70.1,66.9,44.5
887,153.2,140.3,70.2,63.3,42.4
887,160.8,146.6,70.3,60.8,40.2
887,169.5,154.2,70.4,63.4,41.1
887,179.7,163.0,70.5,63.8,40.5
889,75.1,78.9,69.4,65.3,108.4
889,74.6,79.9,69.5,60.8,114.9
889,73.8,86.0,70.0,63.2,98.9
889,75.0,98.5,70.7,62.3,81.3
889,75.6,100.7,70.8,65.7,74.5
889,77.1,105.8,71.0,62.2,72.1
889,82.2,119.0,71.4,63.4,71.4
889,83.9,122.9,71.5,64.5,67.4
889,91.6,138.4,71.8,60.7,63.2
889,94.7,144.8,71.9,67.2,63.6
889,98.5,151.9,72.0,65.4,62.3
889,103.1,159.8,72.1,64.2,59.7
889,123.4,193.6,72.4,62.9,58.6
889,133.3,209.1,72.5,64.2,57.3
889,145.4,228.1,72.6,64.4,57.5
889,160.6,251.6,72.7,63.6,57.1
903,91.9,85.0,0.4,58.8,80.0
903,92.4,86.2,0.5,59.2,65.7
903,94.1,91.2,0.8,65.3,73.4
903,95.0,93.0,0.9,65.4,62.9
903,98.7,99.5,1.2,64.1,62.4
903,100.0,101.8,1.3,65.2,59.6
903,101.5,104.5,1.4,66.8,61.2
903,103.3,107.3,1.5,66.6,57.0
903,105.3,110.3,1.6,64.4,56.0
903,110.5,117.2,1.8,62.9,51.7
903,113.4,121.1,1.9,63.3,53.2
903,116.9,125.4,2.0,64.3,51.2
903,137.1,149.3,2.4,61.0,48.2
903,144.2,157.0,2.5,63.1,47.3
903,152.4,166.0,2.6,64.0,47.7
903,162.3,176.3,2.7,62.6,46.3
903,173.9,188.8,2.8,64.3,47.1
903,188.0,203.3,2.9,62.0,45.7
904,73.8,87.8,0.3,61.8,91.4
904,74.5,93.2,0.6,65.5,72.6
904,75.2,99.5,0.9,62.6,80.8
904,75.9,101.7,1.0,63.7,74.3
904,78.1,110.4,1.3,65.3,70.9
904,79.0,113.4,1.4,63.5,73.8
904,80.2,116.6,1.5,60.3,69.1
904,83.5,124.9,1.7,66.9,67.6
904,88.4,135.0,1.9,65.9,63.7
904,91.3,141.0,2.0,67.0,64.1
904,109.0,174.2,2.4,62.2,61.6
904,115.4,185.5,2.5,62.6,60.1
904,123.5,198.8,2.6,62.4,58.7
904,133.2,215.3,2.7,64.0,59.5
911,92.8,133.3,2.5,67.0,64.0
911,95.3,138.9,2.6,65.5,66.1
911,98.9,145.4,2.7,66.3,60.4
911,102.5,152.3,2.8,62.9,62.4
911,106.9,160.0,2.9,61.6,60.6
911,112.6,169.2,3.0,64.0,58.4
911,119.2,179.8,3.1,63.3,58.1
911,127.0,192.3,3.2,63.2,58.0
911,136.6,206.9,3.3,62.0,56.6
929,269.1,118.5,7.3,64.2,202.6
929,258.6,114.5,7.4,59.1,200.9
929,248.7,110.7,7.5,62.0,201.1
936,74.3,77.7,9.0,66.2,118.5
936,74.0,78.7,9.1,64.0,102.3
936,73.1,82.0,9.4,67.1,111.8
936,72.9,86.1,9.7,62.8,111.6
936,72.6,87.5,9.8,64.5,99.0
936,72.7,88.9,9.9,63.4,88.4
936,73.0,90.5,10.0,67.2,77.7
936,74.4,96.4,10.3,64.3,71.1
936,74.5,98.4,10.4,63.0,86.8
936,75.1,100.4,10.5,61.2,74.6
936,76.2,105.4,10.7,66.4,77.5
936,79.3,114.8,11.0,64.4,64.0
936,93.5,150.6,12.7,59.1,62.3
936,96.8,158.5,12.8,65.0,66.9
936,101.9,167.6,12.9,65.3,60.9
936,107.8,178.1,13.0,65.0,60.6
936,114.7,190.9,13.1,66.6,61.6
936,123.2,205.8,13.2,64.6,60.5
936,133.6,223.0,13.3,61.6,58.8
937,82.1,66.3,8.5,63.5,141.3
937,81.3,66.9,8.6,59.2,145.9
937,74.5,75.5,9.8,59.3,124.5
937,72.0,89.0,10.9,65.9,89.7
937,72.0,90.6,11.0,65.8,89.5
937,72.7,96.5,11.3,64.8,77.3
937,73.6,101.0,11.5,58.7,79.6
937,74.1,103.4,11.6,64.7,77.5
937,76.2,112.0,11.9,64.8,78.2
937,76.9,115.4,12.0,66.2,78.0
937,78.0,118.9,12.1,63.6,72.4
937,79.1,122.9,12.2,65.5,74.2
937,84.0,132.6,12.4,59.2,64.5
942,100.2,68.0,10.2,61.7,124.6
942,99.8,68.7,10.3,63.3,118.7
942,99.3,74.0,11.0,65.7,101.6
942,99.1,74.9,11.1,64.2,102.9
942,100.0,80.0,11.6,64.5,89.2
942,100.7,82.8,11.8,67.4,77.9
942,101.2,84.0,11.9,59.0,66.3
942,101.8,85.5,12.0,66.6,64.9
942,102.6,86.8,12.1,60.9,62.2
942,107.0,94.4,12.5,67.7,67.2
942,108.8,96.3,12.6,62.8,47.0
942,114.8,103.9,12.9,63.3,65.5
942,116.4,106.6,13.0,64.0,58.9
942,122.8,112.6,13.2,63.0,43.3
942,140.7,130.5,13.6,67.5,43.5
942,153.9,142.4,13.8,65.7,42.0
942,171.8,157.9,14.0,63.2,39.9
942,182.5,167.4,14.1,64.6,41.6
942,195.0,178.5,14.2,63.8,41.4
942,210.4,191.4,14.3,63.1,40.2
942,228.8,207.0,14.4,63.0,40.3
945,95.3,149.5,11.7,66.9,63.8
945,102.4,164.8,11.9,63.6,64.2
945,107.8,175.1,12.0,66.5,62.4
945,121.9,199.5,12.2,61.4,60.2
950,190.2,90.7,14.8,66.5,209.8
950,186.1,88.9,14.9,58.7,202.8
950,182.3,87.1,15.0,66.4,206.0
951,203.4,96.6,15.4,60.0,201.1
951,193.7,92.2,15.6,65.9,204.2
951,188.4,90.2,15.7,66.6,201.0
951,181.3,87.0,15.9,62.3,206.3
951,177.7,85.3,16.0,64.8,205.1
951,166.7,80.2,16.4,66.3,209.8
951,164.5,78.9,16.5,66.2,210.3
951,161.8,77.8,16.6,60.7,202.6
951,159.8,76.7,16.7,64.1,208.9
951,152.6,72.1,17.2,58.8,209.6
951,150.7,70.7,17.4,59.2,225.6
951,149.6,69.9,17.5,62.4,217.4
952,199.6,88.0,16.3,62.1,204.2
952,185.0,81.7,16.7,61.0,202.2
952,170.9,75.8,17.3,67.5,209.1
952,167.2,73.9,17.5,60.7,210.8
961,210.1,91.2,18.4,61.1,205.0
961,205.2,89.2,18.5,63.1,201.8
961,200.9,87.3,18.6,67.1,204.5
961,183.3,80.6,19.1,59.2,202.6
961,172.8,75.8,19.5,60.7,203.5
965,109.9,120.2,19.1,65.4,51.0
965,113.5,124.5,19.2,65.7,50.0
965,128.4,141.4,19.5,66.7,48.3
965,134.5,148.2,19.6,65.7,48.2
965,142.1,156.1,19.7,65.1,45.7
965,150.9,165.2,19.8,66.1,46.4
965,161.1,175.6,19.9,64.1,45.6
965,173.2,188.1,20.0,64.9,45.7
965,188.0,203.1,20.1,64.6,45.4
969,89.8,81.9,22.1,63.4,113.1
969,91.4,87.9,22.5,62.2,78.3
969,97.4,99.6,23.1,64.0,55.4
969,100.3,104.7,23.3,62.6,56.8
969,102.5,107.4,23.4,64.6,51.5
969,104.6,110.5,23.5,66.7,55.5
969,112.9,121.9,23.8,65.1,52.5
969,116.6,126.3,23.9,64.9,49.6
969,120.6,131.4,24.0,67.1,51.8
969,125.1,136.9,24.1,65.4,51.0
969,143.6,158.1,24.4,61.4,48.2
969,174.0,191.1,24.7,61.4,47.5
969,188.0,205.9,24.8,61.5,46.7
969,205.4,223.8,24.9,61.3,45.8
969,226.7,246.1,25.0,61.2,46.4
979,107.9,91.8,29.0,63.8,52.3
979,123.7,109.4,29.7,66.2,49.6
979,126.5,112.6,29.8,64.5,49.0
979,129.5,116.3,29.9,65.8,51.1
979,133.2,120.1,30.0,63.3,45.8
979,138.0,124.7,30.1,67.2,43.5
979,143.5,129.7,30.2,67.0,42.3
979,149.7,135.3,30.3,67.1,42.0
979,156.6,141.3,30.4,63.3,41.2
979,185.1,165.4,30.7,59.9,39.6
979,198.0,176.0,30.8,63.7,39.6
980,88.6,80.1,31.0,64.5,84.6
980,88.9,83.8,31.3,60.6,86.3
980,90.4,88.2,31.6,65.8,76.3
980,90.7,89.8,31.7,62.1,77.6
980,92.0,93.5,31.9,65.6,70.3
980,94.0,97.6,32.1,64.6,66.3
980,95.1,99.6,32.2,60.2,61.8
980,97.9,104.6,32.4,63.7,59.0
980,100.1,107.4,32.5,66.8,53.0
980,101.7,110.3,32.6,63.6,60.7
980,103.9,113.7,32.7,67.5,57.4
980,106.9,117.3,32.8,66.6,50.4
980,109.7,121.1,32.9,62.2,53.0
980,113.3,125.3,33.0,64.5,49.8
980,132.2,148.5,33.4,60.6,48.7
980,155.8,175.4,33.7,60.6,48.1
980,166.8,187.2,33.8,62.5,47.3
980,179.9,201.1,33.9,61.2,46.7
980,195.8,218.2,34.0,62.1,46.9
986,215.9,95.2,33.8,60.4,198.4
986,209.7,92.9,33.9,64.5,199.9
986,204.3,90.7,34.0,66.8,202.1
986,199.2,88.8,34.1,62.9,200.1
986,194.6,87.1,34.2,64.0,201.3
986,190.8,85.2,34.3,67.4,205.7
986,174.6,78.5,34.8,66.3,206.5
986,172.1,77.3,34.9,65.9,205.8
986,165.4,73.9,35.2,66.6,202.4
992,87.1,78.8,36.4,61.6,104.5
992,87.3,79.8,36.5,65.8,82.7
992,87.9,83.8,36.8,65.8,73.2
992,89.3,88.7,37.1,65.7,71.4
992,89.8,90.3,37.2,63.8,73.7
992,91.5,94.2,37.4,66.2,62.5
992,92.6,96.2,37.5,65.7,61.3
992,97.2,103.5,37.8,65.4,50.3
992,105.6,116.5,38.2,64.9,56.1
992,112.5,124.7,38.4,64.3,54.2
992,125.6,140.8,38.7,62.8,50.5
992,131.7,147.8,38.8,67.5,48.9
992,138.4,155.5,38.9,64.6,48.7
992,146.3,164.5,39.0,65.9,49.0
992,155.8,175.1,39.1,65.6,47.9
992,167.1,187.3,39.2,64.3,47.2
992,180.6,201.9,39.3,64.4,47.4
992,197.1,219.8,39.4,64.2,47.4
994,184.2,95.1,37.3,60.5,205.3
994,167.4,87.3,37.7,65.5,207.1
994,164.7,85.6,37.8,65.5,212.6
994,159.4,82.9,38.0,64.6,207.3
994,155.1,79.8,38.2,62.1,213.2
994,152.6,78.6,38.3,67.2,206.6
994,145.8,74.3,38.7,63.3,212.9
994,143.2,72.7,38.9,61.8,213.3
994,142.0,71.8,39.0,64.4,216.3
995,86.9,78.5,40.1,67.2,98.3
995,86.8,79.5,40.2,65.1,97.9
995,86.8,80.6,40.3,65.0,87.7
995,87.7,85.9,40.7,66.1,76.3
995,87.9,87.2,40.8,61.8,82.0
995,88.3,88.8,40.9,65.1,74.4
995,90.6,94.2,41.2,64.7,65.5
995,94.2,100.7,41.5,65.0,60.3
995,97.2,106.0,41.7,64.2,57.6
995,99.0,108.8,41.8,64.6,57.2
995,104.0,116.2,42.0,67.0,54.4
995,109.3,123.1,42.2,61.5,52.1
995,120.9,139.4,42.5,62.8,51.5
995,126.4,145.4,42.6,60.8,47.9
995,132.4,152.4,42.7,62.5,49.2
995,139.5,160.3,42.8,61.4,48.3
995,148.0,169.9,42.9,64.6,48.3
995,157.8,180.4,43.0,60.5,47.0
995,169.4,193.2,43.1,62.1,47.7
995,183.4,208.3,43.2,61.4,47.3
995,200.5,226.6,43.3,61.0,46.9
999,89.2,70.7,39.2,67.1,126.7
999,88.2,72.5,39.5,66.0,116.9
999,72.5,91.5,43.0,58.9,104.1
999,77.5,110.4,43.8,64.0,70.3
999,78.4,113.5,43.9,65.1,73.2
999,79.6,117.1,44.0,67.5,71.1
999,81.0,120.7,44.1,62.3,68.7
999,83.1,124.8,44.2,64.8,63.3
999,85.3,129.5,44.3,67.6,65.1
999,88.3,134.6,44.4,65.6,59.7
999,106.9,171.3,44.9,59.5,61.9
999,130.4,210.4,45.2,60.1,58.3
1000,103.5,88.9,39.6,64.8,61.7
1000,104.6,90.5,39.7,61.4,55.1
1000,107.7,96.4,40.0,66.3,60.6
1000,112.4,103.3,40.3,61.8,50.6
1000,114.0,105.9,40.4,60.2,58.1
1000,118.7,112.3,40.6,65.9,53.6
1000,124.1,119.7,40.8,61.9,52.6
1000,127.7,123.8,40.9,62.4,48.6
1000,137.1,134.5,41.1,59.8,52.4
1000,141.8,140.0,41.2,60.1,50.0
1000,146.8,146.3,41.3,60.7,51.8
1000,153.9,153.6,41.4,61.9,45.5
1000,161.8,162.0,41.5,62.8,46.7
1000,170.5,171.7,41.6,61.8,48.2
1000,180.7,183.0,41.7,62.0,47.9
1000,193.3,196.3,41.8,61.2,46.3
1000,229.9,235.7,42.0,62.6,48.7
1001,75.6,90.4,39.5,61.8,85.1
1001,77.6,100.8,40.0,65.0,80.6
1001,78.6,105.9,40.2,62.3,75.8
1001,82.4,115.5,40.5,66.9,70.7
1001,83.9,119.1,40.6,65.4,68.2
1001,85.8,123.0,40.7,63.8,63.9
1001,87.8,127.5,40.8,66.7,66.2
1001,98.0,145.2,41.1,59.4,60.5
1001,102.1,152.0,41.2,61.5,58.8
1001,106.9,160.0,41.3,64.4,59.0
1001,112.3,169.3,41.4,64.9,59.7
1001,118.9,180.0,41.5,63.7,58.6
1001,127.3,192.5,41.6,62.9,56.0
1001,137.4,207.2,41.7,62.1,55.5
1001,150.0,225.2,41.8,62.6,54.9
1012,89.6,87.6,43.5,65.3,64.5
1012,90.0,89.1,43.6,60.7,76.2
1012,90.5,90.7,43.7,63.9,71.1
1012,91.0,92.4,43.8,65.1,75.8
1012,93.1,96.3,44.0,65.2,62.6
1012,94.3,98.4,44.1,63.9,60.9
1012,96.8,103.3,44.3,64.4,63.0
1012,98.5,106.1,44.4,67.7,59.0
1012,102.7,112.2,44.6,62.1,55.6
1012,110.9,123.0,44.9,60.1,54.5
1012,118.6,133.2,45.1,62.0,52.5
1012,123.0,138.6,45.2,62.0,51.0
1012,128.2,144.8,45.3,62.5,50.0
1012,134.0,151.4,45.4,60.0,48.9
1012,141.1,159.5,45.5,63.5,48.8
1012,149.1,168.8,45.6,63.4,49.1
1014,73.6,89.5,44.5,64.1,89.0
1014,73.9,96.3,44.9,66.9,83.8
1014,75.8,105.6,45.3,58.7,79.2
1014,76.6,108.3,45.4,65.7,74.7
1014,77.6,111.3,45.5,66.1,71.8
1014,80.0,118.1,45.7,62.5,71.9
1014,81.5,121.9,45.8,63.3,68.7
1014,83.2,126.0,45.9,62.4,67.5
1014,90.8,141.5,46.2,59.4,63.2
1014,94.0,147.9,46.3,63.8,63.6
1014,98.6,155.1,46.4,63.0,57.2
1014,102.8,163.4,46.5,63.0,63.1
1014,107.8,172.9,46.6,62.4,62.2
1014,114.0,184.3,46.7,64.6,61.6
1014,121.4,197.4,46.8,62.6,60.5
1016,93.0,93.4,43.1,65.3,69.4
1016,101.6,107.7,43.7,63.1,57.9
1016,104.1,110.6,43.8,64.8,49.3
1016,108.3,117.5,44.0,61.2,53.3
1016,111.2,121.3,44.1,62.2,52.3
1016,114.5,125.8,44.2,67.4,54.3
1016,118.4,130.8,44.3,66.4,51.5
1016,122.7,136.2,44.4,65.0,51.6
1016,159.5,175.6,44.9,61.2,46.3
1018,89.2,80.7,43.9,60.6,63.7
1018,89.6,81.8,44.0,62.7,68.3
1018,89.7,85.0,44.2,66.9,84.3
1018,93.6,94.6,44.8,62.4,73.6
1018,94.2,96.5,44.9,60.8,70.9
1018,98.0,103.4,45.2,65.8,63.6
1018,99.8,105.9,45.3,62.3,53.4
1018,101.6,108.6,45.4,62.0,56.4
1018,103.7,111.8,45.5,67.0,57.1
1018,105.7,115.3,45.6,65.1,59.6
1018,108.8,118.9,45.7,63.2,49.5
1018,111.8,122.8,45.8,62.2,52.4
1018,114.9,126.9,45.9,59.5,53.1
1018,134.4,150.4,46.3,64.1,49.9
1018,141.0,158.1,46.4,61.4,48.9
1018,148.9,166.9,46.5,61.5,48.3
1018,158.1,177.0,46.6,61.1,47.8
1018,169.0,189.0,46.7,61.6,47.8
1019,76.2,75.0,44.4,65.8,121.2
1019,74.1,80.1,44.9,67.2,109.6
1019,74.0,82.8,45.1,61.7,92.0
1019,73.8,83.9,45.2,60.3,101.4
1019,74.2,89.2,45.6,63.9,93.5
1019,74.3,90.8,45.7,64.9,84.7
1019,76.5,102.5,46.3,63.6,75.9
1019,77.5,104.8,46.4,59.9,65.7
1019,77.6,107.4,46.5,63.9,88.3
1019,78.1,110.3,46.6,64.3,79.3
1019,79.3,113.3,46.7,62.5,68.2
1019,80.7,116.7,46.8,63.1,67.7
1019,84.4,124.9,47.0,63.9,66.9
1019,89.2,133.7,47.2,63.5,64.1
1019,90.9,138.9,47.3,60.4,71.4
1019,93.4,144.8,47.4,61.1,66.9
1019,110.3,177.0,47.8,59.4,61.4
1019,126.4,205.2,48.0,63.2,60.1
1025,177.5,86.3,45.9,59.8,202.9
1025,168.0,81.8,46.2,60.4,205.2
1025,155.7,75.0,46.8,65.7,208.0
1025,152.1,73.0,47.0,64.3,211.3
1027,76.1,85.2,46.6,60.0,91.8
1027,76.9,95.2,47.2,62.5,70.7
1027,77.7,99.5,47.4,65.7,86.8
1027,80.2,104.5,47.6,61.1,53.1
1027,81.0,109.6,47.8,66.9,73.8
1027,86.4,123.8,48.2,62.9,66.5
1027,89.3,128.0,48.3,62.1,55.1
1027,91.8,132.8,48.4,63.9,63.0
1027,94.2,138.3,48.5,64.4,66.3
1027,97.7,144.4,48.6,64.1,60.4
1027,102.1,151.4,48.7,64.5,57.4
1027,106.8,159.2,48.8,63.4,58.6
1027,112.3,167.9,48.9,61.8,57.9
1027,118.7,177.7,49.0,60.1,56.9
1027,126.2,189.4,49.1,61.1,57.3
1027,135.7,203.2,49.2,61.1,55.6
1027,146.6,219.5,49.3,59.8,56.2
1027,160.3,239.3,49.4,59.3,55.3
1030,172.3,89.4,47.2,62.8,208.2
1030,165.2,85.8,47.4,62.4,206.8
1030,156.4,80.8,47.7,61.8,204.1
1038,89.7,82.6,51.8,61.0,81.8
1038,89.7,83.8,51.9,62.8,92.0
1038,91.2,89.9,52.3,61.3,70.5
1038,96.9,102.6,52.9,61.1,63.7
1038,98.1,105.3,53.0,66.8,66.8
1038,107.0,118.7,53.4,63.2,51.5
1038,110.2,122.7,53.5,64.4,51.0
1038,113.8,127.1,53.6,64.9,51.6
1038,122.5,138.2,53.8,66.6,49.5
1038,128.0,144.5,53.9,64.5,49.1
1038,134.2,151.9,54.0,65.7,50.0
1038,160.7,180.8,54.3,60.4,47.2
1038,173.3,193.9,54.4,63.3,46.2
1038,188.4,209.3,54.5,61.9,45.5
1049,100.5,118.5,58.9,59.7,59.9
1049,108.6,131.7,59.2,62.9,56.4
1049,120.2,149.2,59.5,60.6,56.2
1049,125.1,156.4,59.6,59.6,55.7
1049,130.9,164.7,59.7,60.4,54.9
1049,137.7,174.3,59.8,60.6,54.9
1049,145.8,185.4,59.9,60.0,53.7
1049,155.1,198.3,60.0,59.5,54.3
1049,166.4,213.7,60.1,59.4,53.8
1050,169.8,76.0,59.2,64.5,211.0
1050,167.7,75.0,59.3,62.0,206.2
1050,166.1,74.0,59.4,60.3,211.0
1050,153.0,66.2,60.5,60.5,222.6
1051,75.3,79.7,63.8,64.2,95.5
1051,74.9,84.4,64.2,67.1,95.2
1051,75.0,87.2,64.4,65.7,89.7
1051,75.1,90.3,64.6,60.5,85.1
1051,75.5,91.8,64.7,61.5,77.4
1051,76.1,95.7,64.9,63.4,80.8
1051,76.5,97.5,65.0,60.6,78.1
1051,77.2,99.6,65.1,62.6,71.6
1051,77.7,101.8,65.2,61.9,77.2
1051,78.4,104.3,65.3,66.6,74.7
1051,79.2,107.0,65.4,67.4,72.8
1051,80.5,109.6,65.5,59.5,63.4
1051,83.4,116.1,65.7,62.9,63.0
1051,91.5,132.7,66.1,59.9,64.9
1051,93.9,137.7,66.2,59.2,63.9
1051,101.7,151.6,66.4,66.1,61.3
1051,116.5,175.9,66.7,61.1,57.7
1051,155.8,235.4,67.1,59.5,55.6
1054,210.8,99.6,59.6,64.1,200.6
1054,204.4,97.3,59.7,60.3,200.1
1054,193.8,92.9,59.9,64.5,203.2
1054,185.0,89.0,60.1,59.0,202.3
1054,174.1,84.2,60.4,61.2,205.0
1054,165.7,80.5,60.7,64.2,205.8
1054,163.5,79.2,60.8,63.2,210.2
1054,157.3,75.8,61.1,62.7,211.4
1054,155.8,74.8,61.2,60.7,214.1
1054,154.3,73.9,61.3,59.6,211.7
1058,91.5,90.5,61.2,65.4,68.0
1058,93.2,94.4,61.4,65.1,65.5
1058,95.3,98.6,61.6,62.9,66.0
1058,96.6,100.8,61.7,61.9,60.2
1058,101.5,108.4,62.0,59.9,55.6
1058,103.8,111.5,62.1,65.7,54.7
1058,111.6,123.4,62.4,67.4,58.3
1058,118.8,132.2,62.6,63.0,50.6
1058,123.6,137.5,62.7,61.8,47.9
1058,141.2,158.0,63.0,61.9,47.6
1058,149.1,166.7,63.1,60.7,47.7
1058,158.1,176.6,63.2,60.2,47.8
1061,87.7,125.7,64.7,66.6,65.6
1061,96.1,142.1,65.0,61.8,61.8
1061,100.1,149.0,65.1,67.1,59.4
1061,104.3,156.6,65.2,65.2,61.7
1061,109.6,165.3,65.3,63.9,58.3
1061,116.2,175.6,65.4,65.5,57.5
1061,124.3,187.8,65.5,65.6,56.4
1061,133.7,201.9,65.6,63.4,56.3
1061,145.5,218.7,65.7,62.7,54.9
1062,193.8,99.0,64.5,67.1,203.7
1062,188.4,96.7,64.6,60.1,202.7
1062,183.7,94.4,64.7,65.8,206.4
1062,174.4,90.2,64.9,60.1,205.8
1062,170.8,88.4,65.0,64.0,206.8
1062,156.2,80.9,65.5,63.0,206.7
1065,73.0,81.7,65.7,64.3,97.5
1065,72.4,86.8,66.1,64.8,95.3
1065,72.3,90.0,66.3,65.2,88.5
1065,73.2,97.3,66.7,67.0,80.8
1065,74.2,101.7,66.9,60.2,81.2
1065,75.5,106.9,67.1,64.2,73.5
1065,76.8,109.6,67.2,62.5,63.8
1065,79.3,116.3,67.4,60.2,69.2
1065,80.8,119.6,67.5,59.6,65.7
1065,82.4,123.7,67.6,66.1,68.2
1065,84.4,127.9,67.7,61.8,65.0
1065,86.7,132.9,67.8,66.4,65.2
1065,89.5,138.4,67.9,65.1,62.9
1065,92.8,144.3,68.0,61.7,60.4
1065,96.7,151.0,68.1,63.1,60.3
1065,101.2,158.8,68.2,63.8,59.5
1068,193.4,86.1,67.6,58.9,199.3
1068,189.4,84.4,67.7,67.5,202.9
1068,179.3,80.5,68.0,62.5,203.7
1068,173.8,77.9,68.2,59.0,202.0
1068,166.6,74.6,68.5,64.7,203.7
1068,161.9,71.8,68.8,58.7,206.9
1068,153.3,66.8,69.5,61.5,215.7
1070,142.0,223.2,68.7,61.0,57.0
1072,99.0,76.0,69.4,65.7,72.0
1072,99.0,76.9,69.5,61.0,87.0
1072,99.3,77.9,69.6,63.7,75.9
1072,99.6,78.9,69.7,59.9,73.6
1072,103.6,88.1,70.4,61.7,63.3
1072,104.7,89.8,70.5,66.2,55.4
1072,107.2,93.5,70.7,66.8,58.3
1072,108.6,95.5,70.8,67.1,56.7
1072,110.2,97.6,70.9,64.8,52.0
1072,112.1,100.0,71.0,66.4,51.1
1072,114.0,102.5,71.1,66.6,53.2
1072,116.3,105.1,71.2,65.0,48.6
1072,119.3,108.0,71.3,65.7,44.5
1072,122.0,111.0,71.4,62.6,47.9
1072,125.4,114.4,71.5,64.7,44.8
1072,129.1,118.0,71.6,62.7,44.3
1072,133.5,122.0,71.7,63.3,42.1
1072,138.1,126.6,71.8,65.6,44.9
1072,149.7,137.3,72.0,61.4,41.2
1072,157.0,143.7,72.1,64.1,41.0
1072,165.3,150.6,72.2,61.5,39.9
1073,87.5,86.7,69.5,59.8,86.2
1073,87.9,88.1,69.6,61.5,73.8
1073,88.2,89.7,69.7,64.6,76.8
1073,90.4,95.6,70.0,60.5,72.1
1073,91.2,97.6,70.1,65.0,69.8
1073,92.4,99.8,70.2,64.0,61.2
1073,94.9,104.8,70.4,62.4,62.8
1073,96.6,107.5,70.5,64.4,57.9
1073,103.3,117.9,70.8,66.4,58.0
1073,106.5,122.0,70.9,66.6,51.8
1073,113.4,131.7,71.1,67.3,54.4
1073,117.7,137.4,71.2,67.0,53.0
1073,122.7,143.6,71.3,65.3,51.1
1073,128.8,150.7,71.4,65.2,49.6
1073,135.6,158.6,71.5,63.0,48.9
1073,143.5,167.8,71.6,64.2,49.7
1073,153.0,178.5,71.7,63.3,48.1
1073,164.4,191.3,71.8,64.4,48.5
1073,178.1,206.0,71.9,61.5,47.1
1073,195.0,224.4,72.0,63.0,47.3
1074,75.5,79.9,69.7,63.2,94.3
1074,75.4,90.5,70.5,67.6,84.9
1074,75.7,92.1,70.6,61.3,77.9
1074,76.6,95.7,70.8,60.6,67.5
1074,77.1,97.7,70.9,63.1,75.2
1074,77.7,99.8,71.0,65.8,74.8
1074,78.9,104.6,71.2,60.0,72.8
1074,81.1,110.3,71.4,65.9,68.1
1074,82.2,113.2,71.5,59.2,70.3
1074,83.8,116.3,71.6,58.9,62.3
1074,85.1,119.9,71.7,64.1,69.8
1074,86.3,124.0,71.8,63.4,73.2
1074,89.5,128.1,71.9,61.3,52.3
1074,91.6,133.2,72.0,65.8,67.7
1074,93.6,138.4,72.1,61.7,68.9
1074,96.8,144.3,72.2,61.5,62.0
1074,109.7,168.3,72.5,66.4,60.8
1074,121.7,188.3,72.7,59.8,58.3
1075,88.4,78.6,70.4,65.6,100.8
1075,88.7,80.8,70.6,61.4,77.8
1075,89.2,84.7,70.9,60.5,69.4
1075,94.1,96.3,71.6,60.0,61.3
1075,95.5,98.5,71.7,67.3,56.1
1075,98.1,103.8,71.9,64.1,61.4
1075,99.8,106.4,72.0,63.4,56.4
1075,101.4,109.3,72.1,64.7,61.2
1075,104.0,112.2,72.2,61.9,48.7
1075,109.4,120.1,72.4,59.6,56.9
1075,120.6,134.2,72.7,65.7,51.3
1075,137.8,153.6,73.0,63.0,49.2
1075,146.0,161.6,73.1,60.9,44.3
1075,154.9,170.7,73.2,60.0,45.7
1075,165.0,181.7,73.3,62.2,47.3
1077,75.4,75.9,70.2,64.0,99.7
1077,73.4,83.0,70.8,62.8,98.7
1077,73.3,85.3,71.0,65.3,90.3
1077,73.1,86.8,71.1,66.6,100.0
1077,73.6,91.2,71.4,63.8,87.8
1077,74.0,92.9,71.5,63.6,74.8
1077,74.2,94.7,71.6,63.7,84.4
1077,74.8,98.7,71.8,62.5,81.3
1077,76.1,103.5,72.0,64.6,80.1
1077,94.1,147.3,73.1,58.9,67.7
1077,98.7,154.0,73.2,59.3,55.5
1077,102.1,161.8,73.3,60.6,66.6
1077,114.5,183.7,73.5,65.0,59.3
1082,81.5,122.8,74.0,64.6,61.5
1082,83.3,127.1,74.1,64.1,68.2
1082,85.4,132.0,74.2,66.5,66.6
1082,88.2,137.5,74.3,66.2,63.2
1082,91.3,143.5,74.4,64.5,62.5
1082,94.8,150.1,74.5,62.6,61.6
1082,99.8,157.9,74.6,65.5,57.6
1082,104.6,166.8,74.7,64.7,61.9
1082,110.5,176.9,74.8,63.0,59.5
1082,117.8,188.8,74.9,63.2,58.3
1088,87.1,76.9,0.6,65.8,100.0
1088,86.9,78.0,0.7,67.7,96.3
1088,86.8,78.9,0.8,59.9,98.9
1088,86.7,80.0,0.9,63.3,94.4
1088,86.7,81.1,1.0,63.1,93.1
1088,90.9,95.6,1.9,67.7,65.2
1088,92.9,100.0,2.1,64.7,60.6
1088,94.4,102.4,2.2,67.1,59.5
1088,96.0,105.1,2.3,67.7,59.1
1088,100.6,111.2,2.5,63.3,55.8
1088,102.9,114.4,2.6,63.6,54.1
1088,109.1,122.6,2.8,60.9,56.0
1088,112.4,127.0,2.9,63.9,52.8
1088,121.1,137.9,3.1,65.8,50.1
1088,132.6,151.7,3.3,63.9,49.2
1088,159.1,181.0,3.6,62.1,47.2
1088,171.5,194.1,3.7,63.3,46.6
1088,186.2,209.6,3.8,62.5,46.6
1088,204.4,229.0,3.9,63.2,46.8
1090,82.3,109.2,0.2,64.0,69.4
1090,85.4,116.4,0.4,67.5,65.5
1090,87.0,120.2,0.5,67.3,67.4
1090,89.2,124.3,0.6,64.7,61.5
1090,91.8,129.1,0.7,67.6,61.3
1090,94.5,134.2,0.8,66.2,63.0
1090,97.6,140.2,0.9,67.4,62.7
1090,101.3,146.7,1.0,65.4,60.2
1090,105.7,154.1,1.1,65.7,59.2
1090,145.2,213.9,1.6,60.5,55.4
1090,159.0,233.4,1.7,62.3,54.9
1091,76.6,77.8,0.2,60.9,110.7
1091,76.4,78.8,0.3,61.8,107.3
1091,75.9,79.8,0.4,65.8,111.3
1091,75.6,83.8,0.7,66.7,93.2
1091,75.6,85.0,0.8,59.9,89.0
1091,77.4,98.7,1.6,60.0,75.8
1091,78.8,103.6,1.8,63.1,66.7
1091,80.0,109.3,2.0,67.0,77.1
1091,81.2,112.4,2.1,66.3,70.1
1091,83.6,119.3,2.3,59.9,69.6
1091,87.6,128.4,2.5,61.3,65.4
1091,89.9,133.4,2.6,64.3,64.6
1091,99.7,152.9,2.9,64.2,62.8
1091,103.9,161.1,3.0,65.0,62.7
1091,109.2,170.8,3.1,66.1,61.5
1091,115.9,182.3,3.2,66.5,59.6
1091,123.8,196.1,3.3,67.2,60.4
1096,89.5,69.8,3.5,59.7,126.7
1096,88.8,71.6,3.7,63.7,119.4
1096,87.8,73.6,4.0,61.1,111.7
1096,87.0,78.9,4.5,63.6,87.7
1096,87.1,80.9,4.7,62.7,84.7
1096,88.5,88.7,5.3,66.9,70.5
1096,90.2,93.9,5.6,65.9,70.1
1096,92.8,100.1,5.9,63.7,69.6
1096,94.4,102.5,6.0,66.8,57.4
1096,96.0,105.1,6.1,66.9,58.8
1096,97.4,107.7,6.2,60.0,60.0
1096,101.7,114.3,6.4,60.2,61.3
1096,103.9,117.8,6.5,63.0,57.9
1096,106.9,121.5,6.6,62.2,51.6
1096,110.0,125.7,6.7,63.0,53.7
1096,118.4,136.6,6.9,59.3,52.6
1096,122.8,142.3,7.0,60.7,52.6
1096,128.2,149.0,7.1,62.6,50.5
1096,134.6,156.6,7.2,62.9,50.0
1096,141.9,165.1,7.3,61.9,49.5
1096,150.7,175.2,7.4,62.6,48.8
1096,161.2,186.9,7.5,61.7,48.0
1096,174.1,200.9,7.6,62.5,47.6
1096,189.2,217.3,7.7,60.2,47.2
1096,208.1,237.3,7.8,59.8,46.6
1098,75.4,84.9,3.8,66.6,91.9
1098,75.4,87.7,4.0,66.7,90.5
1098,75.6,90.9,4.2,58.8,84.4
1098,76.6,96.5,4.5,59.2,75.6
1098,77.3,98.5,4.6,63.1,71.0
1098,79.8,106.7,4.9,62.5,70.5
1098,81.6,112.0,5.1,65.1,72.2
1098,82.9,115.3,5.2,64.2,68.1
1098,84.4,118.9,5.3,64.2,66.8
1098,88.5,127.5,5.5,61.4,65.6
1098,90.6,132.1,5.6,61.6,65.3
1098,100.5,151.0,5.9,63.1,60.9
1098,104.8,158.9,6.0,64.2,61.1
1098,110.2,167.9,6.1,64.2,59.3
1098,116.7,178.6,6.2,65.1,58.7
1098,146.1,223.9,6.5,60.8,56.7
1098,160.8,245.4,6.6,61.2,55.6
1099,77.6,110.3,4.1,62.4,74.3
1099,82.2,121.5,4.4,62.8,71.7
1099,84.0,125.3,4.5,58.8,65.4
1099,86.6,129.9,4.6,65.3,60.5
1099,102.2,164.6,5.1,62.5,63.4
1099,107.7,174.7,5.2,64.8,61.4
1099,114.1,186.7,5.3,66.2,61.9
1099,145.3,240.2,5.6,62.6,59.2
1118,79.3,108.6,24.0,59.6,72.3
1118,80.1,111.5,24.1,62.5,74.2
1118,84.8,122.7,24.4,62.3,69.2
1118,87.0,126.9,24.5,63.3,62.4
1118,92.7,137.7,24.7,67.6,62.5
1118,100.7,151.8,24.9,61.3,60.3
1118,105.9,159.6,25.0,63.0,56.4
1118,111.7,168.9,25.1,65.1,57.8
1118,118.4,180.1,25.2,66.7,59.1
1118,126.4,193.1,25.3,65.4,58.5
1118,136.6,208.4,25.4,64.0,56.2
1119,86.0,77.9,24.1,61.2,81.6
1119,87.3,88.5,24.9,65.9,80.6
1119,87.7,90.0,25.0,60.3,75.6
1119,88.1,91.7,25.1,63.5,74.0
1119,88.8,93.3,25.2,59.1,67.6
1119,91.4,99.8,25.5,59.9,55.7
1119,93.0,102.1,25.6,63.5,55.3
1119,94.0,104.6,25.7,64.7,68.8
1119,95.4,107.1,25.8,60.1,60.2
1119,97.0,109.9,25.9,61.5,61.0
1119,114.4,135.7,26.5,59.2,62.2
1119,119.3,141.3,26.6,61.5,49.2
1119,122.8,148.0,26.7,63.9,62.1
1119,174.4,196.4,28.5,61.1,46.2
1123,74.5,80.3,28.2,66.4,100.9
1123,74.1,82.4,28.4,66.1,98.4
1123,73.5,87.5,28.8,63.4,97.4
1123,73.5,90.9,29.0,62.0,91.6
1123,73.5,92.5,29.1,60.9,88.2
1123,73.7,94.3,29.2,67.2,83.9
1123,79.5,115.6,30.0,60.1,69.7
1123,84.4,127.5,30.3,63.1,68.3
1123,86.7,132.4,30.4,64.5,64.9
1123,89.4,138.0,30.5,67.1,63.6
1123,92.6,144.2,30.6,66.2,63.1
1123,96.6,151.3,30.7,66.3,60.3
1123,101.1,159.2,30.8,64.8,60.8
1123,106.2,168.6,30.9,66.3,61.5
1123,112.5,179.5,31.0,65.6,59.7
1123,120.1,192.4,31.1,65.6,59.5
1130,101.2,77.1,30.5,61.7,73.9
1130,101.8,78.1,30.6,65.8,57.3
1130,103.8,83.0,31.0,59.2,59.4
1130,104.5,84.2,31.1,59.6,60.1
1130,108.2,90.3,31.5,58.7,55.1
1130,109.3,91.9,31.6,60.3,54.3
1130,115.5,99.8,32.0,59.9,51.6
1130,120.0,105.0,32.2,61.0,50.1
1130,122.4,107.7,32.3,61.1,48.2
1130,125.4,110.5,32.4,59.5,44.1
1130,133.0,118.5,32.6,66.8,45.4
1130,152.8,136.4,33.0,59.8,41.6
1130,159.7,142.2,33.1,60.3,40.4
1131,91.5,95.7,31.4,64.2,66.9
1131,92.4,97.8,31.5,65.2,65.4
1131,98.0,108.4,31.9,64.4,59.0
1131,100.1,111.4,32.0,62.9,54.6
1131,105.1,118.8,32.2,65.7,56.8
1131,108.3,122.9,32.3,65.5,51.2
1131,149.6,171.1,33.0,61.7,47.5
1131,160.2,182.7,33.1,65.1,47.6
1132,88.7,84.7,31.2,63.6,79.2
1132,89.3,87.7,31.4,61.0,77.8
1132,93.8,97.9,31.9,64.1,58.2
1132,95.2,100.2,32.0,67.4,58.9
1132,96.6,102.6,32.1,65.2,59.5
1132,98.1,105.3,32.2,67.4,60.6
1132,101.9,111.3,32.4,64.2,58.0
1132,118.2,133.3,32.9,65.8,53.5
1132,122.6,138.9,33.0,63.9,51.8
1132,128.1,145.5,33.1,65.6,50.1
1134,88.1,77.8,34.9,61.4,90.5
1134,88.0,78.9,35.0,67.6,93.0
1134,88.5,83.9,35.4,65.6,81.7
1134,88.8,85.3,35.5,65.9,78.6
1134,90.3,89.9,35.8,61.8,61.5
1134,95.2,100.5,36.3,63.1,60.6
1134,96.6,102.9,36.4,65.2,59.7
1134,98.2,105.5,36.5,64.4,59.7
1134,102.1,111.5,36.7,62.4,56.5
1134,107.0,119.0,36.9,67.0,55.8
1134,110.1,122.8,37.0,61.6,50.9
1134,113.6,127.4,37.1,66.3,52.8
1134,117.2,132.6,37.2,66.6,55.0
1134,121.8,138.4,37.3,66.6,51.9
1134,127.2,144.9,37.4,65.4,50.1
1134,133.1,152.1,37.5,64.7,50.9
1134,158.6,181.5,37.8,60.7,48.0
1135,87.1,78.8,32.3,63.6,92.7
1135,87.0,79.9,32.4,61.9,95.2
1135,87.0,80.9,32.5,62.7,88.5
1135,87.5,85.0,32.8,66.7,70.3
1135,88.2,87.8,33.0,67.7,75.4
1135,90.6,94.7,33.4,60.8,68.6
1135,91.3,96.7,33.5,66.7,72.4
1135,93.7,101.3,33.7,61.2,63.2
1135,107.1,119.9,34.3,61.7,52.7
1135,110.4,123.9,34.4,62.2,49.8
1135,114.1,128.5,34.5,65.1,51.7
1135,118.3,133.9,34.6,67.7,51.5
1135,123.3,139.7,34.7,65.5,49.5
1135,128.9,146.3,34.8,65.3,50.1
1135,135.6,153.5,34.9,62.6,46.9
1135,143.1,162.2,35.0,65.4,49.2
1135,152.0,171.8,35.1,62.6,47.1
1135,162.6,183.3,35.2,64.1,47.3
1137,106.5,92.9,33.3,63.8,59.0
1137,107.9,94.8,33.4,64.7,54.5
1137,109.5,96.9,33.5,65.3,51.2
1137,113.3,101.9,33.7,66.2,50.8
1137,122.1,111.3,34.0,59.1,46.9
1137,133.4,123.1,34.3,62.8,44.5
1137,179.3,164.8,34.9,67.5,41.0
1137,192.1,175.6,35.0,65.4,40.1
1137,207.7,188.4,35.1,65.0,39.4
1137,226.6,204.0,35.2,65.4,39.4
1138,111.3,99.2,36.6,63.3,55.6
1138,115.3,103.7,36.8,65.4,48.9
1138,117.7,106.2,36.9,59.3,46.7
1138,120.5,109.1,37.0,64.8,46.2
1138,127.2,116.3,37.2,66.8,44.9
1138,131.4,120.4,37.3,67.5,44.6
1138,136.0,124.7,37.4,64.6,43.2
1138,155.0,142.1,37.7,58.9,40.0
1138,163.0,149.1,37.8,64.1,41.2
1138,172.2,157.0,37.9,63.3,40.7
1138,183.2,166.2,38.0,63.6,39.9
1138,196.4,176.9,38.1,63.2,39.0
1140,79.6,72.5,35.6,64.9,97.4
1140,78.7,75.0,35.9,63.0,125.0
1140,77.7,77.9,36.2,66.7,116.4
1140,77.0,79.8,36.4,59.8,113.7
1140,76.4,80.8,36.5,59.8,118.0
1140,75.9,83.6,36.7,61.4,98.5
1140,75.7,88.9,37.1,60.3,76.7
1140,76.2,90.4,37.2,64.4,73.0
1140,76.5,92.0,37.3,64.2,81.5
1140,76.3,93.7,37.4,60.0,94.2
1140,76.5,95.6,37.5,65.0,86.4
1140,77.1,100.3,37.7,62.5,87.4
1140,77.3,102.7,37.8,66.3,84.5
1140,78.0,105.3,37.9,67.6,76.3
1140,79.2,107.7,38.0,58.7,63.0
1140,79.9,110.6,38.1,62.4,75.9
1140,80.9,113.7,38.2,63.9,72.0
1140,81.6,117.1,38.3,62.8,79.2
1140,82.8,121.0,38.4,66.9,72.0
1140,84.6,125.2,38.5,65.4,67.7
1140,89.0,135.2,38.7,59.7,69.4
1140,91.4,140.8,38.8,62.5,66.6
1140,94.3,147.0,38.9,62.9,65.3
1140,98.0,154.2,39.0,63.3,62.5
1140,102.1,162.6,39.1,65.0,64.1
1140,107.0,172.2,39.2,64.3,63.0
1140,112.9,184.0,39.3,66.8,63.0
1140,120.2,196.7,39.4,61.2,60.3
1140,129.0,212.3,39.5,62.5,60.5
1140,139.8,231.0,39.6,61.4,60.2
1140,153.1,254.4,39.7,61.6,60.3
1143,107.6,92.6,36.8,65.3,53.4
1143,110.3,96.6,37.0,65.6,56.0
1143,118.5,106.7,37.4,59.6,53.8
1143,121.7,109.7,37.5,63.8,42.2
1143,128.9,117.4,37.7,61.1,47.4
1143,132.9,121.2,37.8,61.5,44.1
1143,137.4,125.5,37.9,63.1,43.6
1143,142.7,130.6,38.0,66.1,43.6
1143,149.0,136.3,38.1,66.9,42.3
1143,156.1,142.4,38.2,63.2,40.9
1143,164.1,149.7,38.3,66.2,42.5
1143,173.4,158.0,38.4,65.1,41.6
1143,184.7,167.6,38.5,65.1,40.4
1150,76.4,76.7,45.3,62.7,115.6
1150,75.5,80.9,45.7,62.5,95.8
1150,74.8,84.1,46.0,59.5,98.4
1150,74.8,85.4,46.1,66.7,89.8
1150,74.8,86.8,46.2,63.7,91.0
1150,74.6,88.3,46.3,66.9,96.1
1150,74.6,89.8,46.4,63.4,91.3
1150,74.7,91.4,46.5,64.1,86.0
1150,75.2,94.8,46.7,65.1,80.7
1150,76.4,100.9,47.0,61.2,76.6
1150,78.8,108.4,47.3,60.1,73.0
1150,79.6,111.2,47.4,62.6,74.7
1150,80.7,114.4,47.5,63.1,70.7
1150,83.9,122.2,47.7,64.8,71.6
1150,87.6,130.1,47.9,60.1,63.6
1150,90.0,135.0,48.0,61.9,64.2
1150,92.5,140.3,48.1,59.9,64.2
1150,95.7,146.6,48.2,64.2,63.6
1150,99.4,153.4,48.3,60.8,61.3
1150,103.9,161.2,48.4,61.2,60.1
1150,109.0,170.4,48.5,62.7,60.8
1150,114.9,180.5,48.6,60.1,59.8
1150,122.5,192.9,48.7,62.2,58.5
1150,131.1,207.3,48.8,60.8,59.1
1150,141.7,224.5,48.9,60.0,58.4
1151,92.2,93.6,45.9,64.6,66.9
1151,92.9,95.5,46.0,63.4,69.5
1151,93.7,97.5,46.1,62.0,68.7
1151,94.7,99.6,46.2,60.9,62.8
1151,97.1,103.9,46.4,59.0,60.5
1151,98.3,106.4,46.5,59.7,65.0
1151,100.4,109.3,46.6,64.9,53.3
1151,101.8,112.2,46.7,59.7,65.0
1151,116.1,136.7,47.3,60.5,60.7
1151,119.6,142.4,47.4,60.1,58.1
1151,123.5,148.7,47.5,59.8,58.6
1151,134.4,166.2,47.7,63.8,57.2
1151,146.3,185.6,47.9,58.8,57.5
1153,92.2,69.7,46.4,66.4,137.9
1153,90.5,72.8,46.8,67.4,114.8
1153,89.1,77.9,47.3,66.0,99.0
1153,88.9,78.9,47.4,63.5,98.0
1153,88.9,81.0,47.6,66.0,88.5
1153,88.7,83.7,47.8,63.3,94.4
1153,89.4,87.8,48.1,62.8,80.0
1153,89.8,89.4,48.2,67.7,77.5
1153,90.3,91.1,48.3,67.1,72.9
1153,90.9,92.7,48.4,61.1,69.2
1153,94.0,101.7,48.8,63.1,67.8
1153,96.2,107.1,49.0,66.0,68.9
1153,99.4,113.5,49.2,65.8,59.9
1153,103.9,122.1,49.4,66.1,61.1
1153,108.9,130.9,49.6,64.6,59.0
1153,116.0,143.0,49.8,66.3,58.7
1153,120.5,150.1,49.9,65.9,57.4
1153,126.1,158.4,50.0,67.4,56.1
1153,132.2,167.9,50.1,66.0,57.0
1153,139.6,179.0,50.2,65.7,56.3
1153,148.4,191.9,50.3,65.0,55.7
1153,159.0,207.2,50.4,63.7,55.4
1153,172.4,226.3,50.5,65.0,55.0
1158,84.3,119.5,52.0,66.0,69.0
1158,92.1,137.6,52.4,65.8,65.2
1158,94.9,143.6,52.5,63.4,64.9
1158,98.6,150.3,52.6,63.1,61.2
1158,102.4,157.5,52.7,60.1,62.2
1158,107.2,166.0,52.8,62.0,60.3
1158,112.9,175.8,52.9,62.2,60.0
1158,119.8,187.1,53.0,61.3,58.5
1159,93.7,92.9,51.9,63.7,69.3
1159,94.8,94.7,52.0,63.3,58.7
1159,96.9,98.9,52.2,59.9,65.7
1159,100.8,105.9,52.5,59.5,61.5
1159,103.1,108.4,52.6,59.6,48.8
1159,105.2,111.4,52.7,62.5,54.7
1159,107.7,114.8,52.8,65.1,53.5
1159,110.1,118.4,52.9,62.9,56.0
1159,113.1,122.2,53.0,62.4,53.0
1159,124.8,137.0,53.3,60.8,50.5
1159,129.8,142.8,53.4,60.7,49.1
1159,135.7,149.6,53.5,62.7,49.2
1159,142.7,157.1,53.6,61.2,47.1
1159,150.7,165.6,53.7,60.3,46.6
1159,160.0,175.5,53.8,60.7,46.7
1159,171.0,187.1,53.9,60.8,46.5
1159,184.4,200.7,54.0,59.9,45.4
1159,200.4,216.8,54.1,59.4,45.3
1160,74.1,95.5,51.8,61.7,86.7
1160,77.3,107.7,52.3,60.7,67.8
1160,78.3,110.6,52.4,64.2,70.5
1160,79.9,113.6,52.5,63.2,63.6
1160,81.3,116.8,52.6,60.5,65.4
1160,82.4,120.4,52.7,61.1,73.6
1160,83.8,124.2,52.8,61.2,69.8
1160,86.0,128.3,52.9,60.1,61.4
1160,88.3,133.4,53.0,66.3,65.6
1160,97.8,151.5,53.3,61.3,61.1
1160,107.1,167.1,53.5,60.8,59.4
1160,112.7,176.7,53.6,59.6,59.8
1160,119.6,188.3,53.7,62.0,59.3
1160,128.1,201.6,53.8,60.1,57.5
1160,138.2,217.6,53.9,60.1,57.6
1173,92.5,68.0,58.1,63.2,132.7
1173,88.6,77.1,59.3,62.0,106.2
1173,88.4,78.1,59.4,63.2,97.7
1173,88.7,82.9,59.8,60.9,79.5
1173,90.0,86.8,60.1,59.7,69.3
1173,90.5,88.3,60.2,64.0,71.0
1173,92.6,93.6,60.5,66.9,67.3
1173,93.3,95.6,60.6,64.9,69.7
1173,97.1,102.7,60.9,62.9,60.6
1173,98.5,105.2,61.0,64.8,61.2
1173,105.2,115.2,61.3,62.4,58.8
1173,107.6,118.7,61.4,61.4,55.9
1173,110.7,122.6,61.5,62.7,51.4
1173,114.2,127.2,61.6,66.2,52.8
1173,123.1,138.1,61.8,65.7,50.0
1173,128.1,144.7,61.9,67.3,52.9
1173,134.3,151.7,62.0,62.2,48.0
1176,75.8,81.8,59.3,59.6,104.8
1176,75.7,83.0,59.4,65.9,96.3
1176,75.8,85.8,59.6,66.4,90.4
1176,75.8,90.0,59.9,62.3,89.3
1176,76.5,97.7,60.3,67.4,71.2
1176,76.5,99.8,60.4,61.8,89.3
1176,77.4,104.3,60.6,65.8,73.6
1176,78.9,110.1,60.8,66.6,74.9
1176,79.7,113.2,60.9,65.4,75.7
1176,80.9,116.6,61.0,64.4,70.6
1176,82.0,120.3,61.1,63.8,73.1
1176,85.6,129.3,61.3,64.1,67.2
1176,87.5,134.1,61.4,61.3,68.2
1176,90.0,139.6,61.5,63.5,65.5
1176,93.2,145.9,61.6,64.8,63.3
1176,96.7,152.9,61.7,63.7,63.2
1176,100.9,161.2,61.8,65.4,63.2
1176,105.6,170.3,61.9,62.9,62.8
1176,111.5,181.0,62.0,62.7,61.0
1179,90.7,68.9,60.5,62.0,126.9
1179,88.7,71.5,60.9,63.8,115.0
1179,86.6,79.2,61.8,59.8,90.7
1179,86.6,81.7,62.0,67.1,89.5
1179,86.9,82.8,62.1,59.9,74.9
1179,87.1,84.0,62.2,60.8,81.6
1179,87.6,87.0,62.4,59.4,81.1
1179,89.2,91.7,62.7,60.0,68.9
1179,89.7,93.3,62.8,59.9,72.1
1179,92.6,99.7,63.1,66.8,63.4
1179,93.9,102.0,63.2,64.1,60.8
1179,95.3,104.6,63.3,66.5,62.0
1179,96.7,107.4,63.4,65.9,63.5
1179,98.5,110.3,63.5,62.7,57.5
1179,100.4,113.6,63.6,67.1,60.7
1179,102.7,117.1,63.7,63.7,56.6
1179,105.5,121.0,63.8,65.7,55.0
1179,108.6,125.1,63.9,61.9,52.0
1179,115.9,135.8,64.1,67.3,55.5
1179,126.9,148.9,64.3,59.1,47.2
1179,133.3,156.2,64.4,61.1,48.6
1179,140.7,164.9,64.5,62.9,49.7
1183,75.7,88.0,63.6,61.8,91.8
1183,75.7,89.6,63.7,65.2,89.6
1183,75.7,91.1,63.8,62.1,89.0
1183,76.0,92.8,63.9,62.6,80.5
1183,76.5,94.6,64.0,67.2,76.5
1183,78.1,101.5,64.3,62.4,83.3
1183,79.5,106.4,64.5,66.8,73.4
1183,83.0,126.9,65.0,67.0,68.5
1183,85.4,131.7,65.1,64.9,63.5
1183,87.7,137.2,65.2,66.2,66.5
1183,94.5,150.9,65.4,61.0,63.1
1183,98.5,158.2,65.5,60.8,60.9
1183,103.5,166.7,65.6,61.8,59.6
1183,109.4,176.9,65.7,64.1,60.4
1183,116.3,188.5,65.8,61.6,59.2
1183,124.8,202.5,65.9,62.8,58.7
1183,135.0,219.2,66.0,62.0,58.5
1183,147.7,240.1,66.1,63.0,58.7
1213,75.0,81.6,1.0,63.7,108.1
1213,74.7,82.8,1.1,61.3,104.4
1213,74.6,93.6,1.8,62.7,84.7
1213,76.9,105.6,2.3,58.7,72.2
1213,77.4,108.3,2.4,63.6,78.6
1213,78.5,111.1,2.5,63.2,69.6
1213,80.9,118.1,2.7,64.9,68.5
1213,82.5,121.9,2.8,64.5,68.0
1213,84.2,126.3,2.9,66.5,68.5
1213,86.3,131.2,3.0,67.4,66.9
1213,89.3,136.7,3.1,66.9,61.7
1213,92.2,142.8,3.2,66.4,63.9
1213,96.2,149.5,3.3,65.0,59.4
1213,100.3,157.0,3.4,63.5,61.5
1213,105.1,165.7,3.5,63.7,60.8
1213,111.1,176.1,3.6,65.8,60.1
1213,118.4,188.0,3.7,64.2,58.8
1213,127.1,201.9,3.8,62.7,57.7
1213,137.9,218.6,3.9,62.5,57.1
1213,151.1,239.3,4.0,62.5,57.5
1221,90.0,71.4,4.3,61.3,123.6
1221,89.1,80.7,5.3,61.6,90.1
1221,89.4,82.8,5.5,61.3,73.3
1221,90.4,87.1,5.8,60.7,74.7
1221,90.8,88.6,5.9,63.1,74.4
1221,96.4,100.5,6.5,62.1,65.9
1221,99.7,105.6,6.7,62.5,53.4
1221,101.5,108.3,6.8,63.1,57.1
1221,103.8,111.4,6.9,65.8,53.1
1221,109.0,118.9,7.1,66.6,54.3
1221,112.3,122.8,7.2,62.5,49.6
1221,115.8,127.4,7.3,66.1,53.2
1221,120.1,132.6,7.4,67.0,50.5
1221,124.7,138.1,7.5,63.6,50.0
1221,130.1,144.2,7.6,62.7,48.7
1221,136.4,151.1,7.7,62.0,47.2
1221,143.9,159.2,7.8,64.4,47.4
1221,152.2,168.5,7.9,63.3,48.3
1221,162.1,179.3,8.0,63.2,47.5
1221,174.4,191.9,8.1,62.2,45.6
1221,188.4,206.7,8.2,61.0,46.6
1224,100.8,78.9,5.1,64.9,67.2
1224,105.0,87.0,5.7,61.0,52.8
1224,108.6,92.4,6.0,67.3,55.1
1224,118.4,104.1,6.5,67.3,49.2
1224,120.9,107.0,6.6,66.2,48.2
1224,123.8,110.1,6.7,65.7,47.2
1224,127.1,113.3,6.8,62.8,44.7
1224,135.3,121.2,7.0,65.4,43.5
1224,146.0,131.2,7.2,67.5,42.5
1224,152.5,136.9,7.3,66.4,41.8
1224,159.8,143.3,7.4,64.4,40.9
1224,168.7,150.6,7.5,65.4,39.5
1224,178.6,159.2,7.6,65.9,41.0
1224,190.5,168.9,7.7,64.2,39.1
1227,244.2,112.0,6.5,64.5,201.5
1227,235.0,108.5,6.6,61.6,200.9
1227,226.7,105.4,6.7,60.0,200.3
1227,218.8,102.6,6.8,60.3,199.5
1227,212.3,99.9,6.9,61.5,202.4
1227,206.4,97.5,7.0,59.2,202.0
1227,190.7,91.7,7.3,60.3,203.1
1227,186.5,89.8,7.4,63.4,204.4
1227,182.2,87.9,7.5,66.4,203.6
1227,175.5,85.0,7.7,66.8,208.8
1227,164.7,79.7,8.1,61.6,207.1
1227,156.9,75.7,8.5,60.2,204.9
1227,154.1,74.0,8.7,58.8,214.2
1228,93.2,94.3,7.5,59.0,66.5
1228,94.4,96.4,7.6,66.8,60.2
1228,100.6,106.7,8.0,66.2,68.9
1228,102.6,109.6,8.1,64.3,55.2
1228,107.7,116.8,8.3,66.5,51.1
1228,110.6,120.4,8.4,59.7,51.4
1228,117.6,129.7,8.6,66.6,55.5
1228,122.0,135.0,8.7,65.2,50.8
1228,127.6,141.2,8.8,66.7,47.1
1228,134.0,148.0,8.9,65.6,47.2
1228,141.2,155.8,9.0,65.1,47.1
1228,148.1,164.7,9.1,64.4,52.3
1238,219.2,96.7,14.5,65.8,199.7
1238,212.9,94.4,14.6,61.7,199.8
1238,206.6,92.1,14.7,67.1,199.7
1238,202.0,90.3,14.8,58.9,202.2
1238,197.5,88.5,14.9,59.6,201.4
1238,189.6,85.3,15.1,63.9,204.7
1240,183.0,93.2,15.9,65.6,208.2
1240,180.2,91.2,16.0,61.7,215.7
1240,177.2,89.3,16.1,61.6,211.9
1240,163.8,81.6,16.6,60.8,212.3
1248,74.2,77.5,19.3,67.0,116.5
1248,73.4,80.8,19.6,59.6,93.7
1248,72.8,84.6,19.9,62.2,89.4
1248,72.9,86.0,20.0,67.2,87.4
1248,73.0,87.4,20.1,67.3,86.1
1248,72.8,88.9,20.2,65.5,95.7
1248,72.9,90.5,20.3,66.4,85.2
1248,75.1,100.7,20.8,64.6,83.4
1248,76.5,106.2,21.0,60.3,78.9
1248,77.0,109.1,21.1,65.6,80.7
1248,77.9,112.0,21.2,63.5,72.3
1248,84.4,127.1,21.6,63.2,70.8
1248,87.4,131.9,21.7,65.0,57.8
1248,89.3,137.3,21.8,65.2,70.7
1248,91.6,143.5,21.9,65.9,69.8
1248,95.6,150.4,22.0,65.6,59.6
1248,99.5,158.2,22.1,65.0,63.5
1248,103.3,167.3,22.2,65.1,67.2
1248,108.4,177.8,22.3,64.8,64.1
1248,115.6,190.1,22.4,64.9,60.0
1248,123.7,204.3,22.5,62.1,60.2
1248,133.6,221.9,22.6,63.8,60.7
1250,88.8,72.7,21.3,64.9,105.1
1250,89.2,73.4,21.4,59.4,56.6
1250,88.0,77.7,21.9,66.6,95.9
1250,87.8,78.6,22.0,59.0,102.9
1250,87.4,79.7,22.1,63.5,109.6
1250,87.4,80.8,22.2,62.8,91.2
1250,87.8,84.0,22.5,61.5,75.7
1250,88.0,85.4,22.6,67.4,80.7
1250,88.3,86.9,22.7,65.6,78.6
1250,89.3,91.5,23.0,67.3,83.3
1250,93.9,100.7,23.5,58.7,44.4
1250,95.4,106.0,23.7,67.1,64.6
1250,101.0,117.5,24.1,62.4,60.5
1250,102.9,121.1,24.2,59.5,61.2
1250,105.7,125.0,24.3,58.7,54.4
1250,108.1,129.5,24.4,62.8,62.3
1250,111.5,134.3,24.5,59.8,54.6
1250,115.1,139.9,24.6,61.8,57.1
1250,119.3,145.7,24.7,58.7,54.2
1250,123.4,152.5,24.8,59.8,59.0
1250,128.7,160.3,24.9,61.0,55.6
1250,141.7,179.1,25.1,60.3,56.5
1251,97.6,154.4,20.1,58.8,62.2
1251,115.9,185.5,20.4,65.6,59.0
1251,125.0,199.1,20.5,63.7,56.1
1251,134.8,215.1,20.6,62.3,58.6
1251,147.0,234.5,20.7,61.4,57.9
1251,162.8,258.5,20.8,60.8,56.7
1253,101.2,67.8,21.2,61.6,125.7
1253,99.6,72.5,21.9,66.9,90.2
1253,99.6,73.3,22.0,61.3,92.7
1253,99.6,74.0,22.1,59.5,88.9
1253,103.4,86.7,23.1,62.0,58.4
1253,105.2,90.1,23.3,58.8,64.3
1253,107.7,94.0,23.5,66.8,55.2
1253,109.1,96.0,23.6,62.1,53.8
1253,113.0,101.2,23.8,66.3,53.6
1253,115.2,103.7,23.9,63.9,49.0
1253,117.5,106.6,24.0,67.0,51.7
1253,120.0,109.5,24.1,62.8,48.7
1253,126.7,116.7,24.3,65.8,45.8
1253,130.6,120.8,24.4,66.6,46.3
1253,135.2,125.1,24.5,64.5,43.1
1253,146.1,135.9,24.7,64.7,44.5
1253,160.2,149.6,24.9,64.9,43.0
1253,169.2,158.0,25.0,65.9,42.9
1257,76.4,80.6,24.4,59.9,115.2
1257,75.8,83.0,24.6,65.7,102.6
1257,75.1,89.0,25.0,61.9,92.3
1257,75.1,90.7,25.1,67.2,90.9
1257,76.4,101.2,25.6,66.2,73.9
1257,77.8,106.6,25.8,60.6,76.2
1257,78.6,109.5,25.9,65.5,74.3
1257,80.6,116.3,26.1,65.7,78.0
1257,85.4,129.8,26.4,59.4,68.0
1257,88.4,135.0,26.5,66.4,60.7
1257,90.9,141.0,26.6,67.5,66.9
1257,94.2,147.8,26.7,66.9,64.4
1257,98.4,155.4,26.8,66.9,61.2
1257,108.7,175.2,27.0,59.4,62.5
1257,115.3,186.9,27.1,63.6,60.4
1257,124.0,201.3,27.2,66.0,59.0
1257,134.4,218.5,27.3,64.6,58.7
1257,147.8,240.0,27.4,64.9,58.1
1258,89.5,85.2,24.4,65.4,71.5
1258,90.9,88.0,24.6,60.3,72.3
1258,92.1,91.3,24.8,63.7,66.5
1258,92.7,93.0,24.9,61.6,71.0
1258,94.5,96.5,25.1,62.2,62.4
1258,95.5,98.5,25.2,60.5,62.2
1258,96.7,100.6,25.3,61.1,62.3
1258,98.1,103.1,25.4,66.1,59.1
1258,114.5,128.1,26.2,58.9,60.0
1258,138.6,157.3,26.7,58.9,50.2
1258,155.4,176.1,26.9,66.3,47.8
1260,88.5,83.1,26.0,67.5,76.3
1260,89.5,85.9,26.2,63.8,64.5
1260,90.9,90.4,26.5,62.7,62.0
1260,92.6,93.9,26.7,59.3,65.5
1260,93.7,95.8,26.8,64.0,60.6
1260,96.6,100.4,27.0,59.6,60.8
1260,97.5,102.7,27.1,61.0,69.1
1260,101.4,108.1,27.3,63.0,50.6
1260,102.7,111.0,27.4,60.7,65.8
1262,74.9,95.7,25.9,61.8,73.8
1262,75.6,99.7,26.1,62.6,80.0
1262,76.2,101.9,26.2,61.9,75.2
1262,78.0,107.6,26.4,58.9,70.5
1262,78.8,110.4,26.5,61.6,72.9
1262,80.2,113.4,26.6,62.5,66.4
1262,81.9,116.5,26.7,59.9,60.5
1262,89.7,133.0,27.1,61.7,60.1
1262,92.2,138.4,27.2,62.6,65.5
1262,95.2,144.3,27.3,62.6,62.9
1262,99.1,151.2,27.4,63.9,60.7
1262,103.2,158.7,27.5,61.3,61.3
1262,108.4,167.3,27.6,62.0,58.7
1264,72.8,83.9,27.8,61.8,90.7
1264,72.9,86.7,28.0,62.5,91.4
1264,73.5,94.5,28.5,66.4,84.9
1264,74.4,98.6,28.7,66.2,73.8
1264,74.9,100.9,28.8,67.5,78.0
1264,75.9,106.0,29.0,66.1,76.4
1264,81.2,122.2,29.5,59.9,67.6
1264,82.7,126.6,29.6,66.8,70.9
1264,87.4,137.2,29.8,60.4,63.8
1264,89.6,143.0,29.9,63.1,68.9
1264,92.8,149.9,30.0,65.7,65.5
1264,96.6,157.3,30.1,62.9,62.7
1264,101.2,165.9,30.2,62.8,61.7
1264,106.8,175.9,30.3,63.5,60.9
1264,113.7,187.7,30.4,64.1,59.8
1264,121.7,201.5,30.5,62.8,59.9
1264,131.6,218.2,30.6,62.8,59.5
1266,155.5,175.8,28.5,65.0,48.4
1266,166.4,187.9,28.6,62.8,48.0
1266,179.2,201.9,28.7,61.3,47.5
1266,194.7,218.6,28.8,60.6,47.4
1266,213.6,238.7,28.9,59.1,46.6
1267,77.0,75.8,28.4,59.4,98.0
1267,76.0,77.8,28.6,66.8,114.4
1267,75.5,79.9,28.8,61.1,98.0
1267,75.5,80.9,28.9,60.2,90.4
1267,75.1,86.4,29.3,64.6,92.2
1267,74.9,87.8,29.4,62.7,97.1
1267,74.8,90.7,29.6,65.7,85.0
1267,75.4,97.8,30.0,64.5,87.9
1267,76.0,100.0,30.1,65.0,74.3
1267,76.8,104.8,30.3,63.0,78.3
1267,77.9,107.6,30.4,66.8,68.8
1267,78.6,110.4,30.5,62.1,74.2
1267,79.6,113.4,30.6,62.7,72.8
1267,86.2,128.7,31.0,65.9,65.3
1267,88.9,133.5,31.1,62.8,60.3
1267,90.9,139.0,31.2,63.3,69.9
1267,101.7,159.5,31.5,59.1,62.3
1267,106.4,168.0,31.6,59.9,61.1
1267,112.6,178.1,31.7,61.8,58.5
1267,119.6,189.8,31.8,61.3,59.2
1267,127.9,203.3,31.9,59.7,58.2
1267,138.4,219.7,32.0,60.3,57.5
1268,87.0,78.9,29.1,66.3,99.1
1268,87.2,81.6,29.3,66.5,81.7
1268,87.6,84.1,29.5,60.6,72.4
1268,89.2,88.9,29.8,63.8,60.9
1268,89.7,90.5,29.9,62.4,73.4
1268,91.0,94.1,30.1,64.0,69.8
1268,96.2,103.4,30.5,67.4,51.2
1268,101.5,113.0,30.8,66.2,60.2
1268,104.2,116.4,30.9,63.3,51.6
1268,107.1,120.3,31.0,65.6,53.2
1268,123.7,142.1,31.4,61.1,52.1
1268,129.4,148.8,31.5,63.8,49.9
1268,136.3,156.7,31.6,65.4,48.7
1268,144.7,165.8,31.7,65.2,47.6
1268,154.2,176.7,31.8,66.3,48.7
1268,165.7,189.6,31.9,66.2,48.5
1268,180.0,204.9,32.0,65.1,46.9
1268,196.8,223.4,32.1,63.9,47.6
1269,75.0,85.5,30.1,66.9,91.0
1269,75.2,86.9,30.2,67.2,84.8
1269,75.3,89.9,30.4,59.1,84.0
1269,75.8,93.3,30.6,64.7,79.8
1269,77.9,99.1,30.9,62.7,75.6
1269,77.9,101.5,31.0,67.3,89.9
1269,78.7,103.8,31.1,62.6,69.9
1269,79.7,106.4,31.2,64.6,69.7
1269,83.4,115.7,31.5,64.9,71.7
1269,84.9,119.1,31.6,60.7,66.3
1269,86.7,122.9,31.7,61.6,64.6
1269,89.1,127.4,31.8,67.5,62.9
1269,91.4,132.4,31.9,65.7,64.8
1269,93.9,137.5,32.0,61.4,64.2
1269,96.9,143.4,32.1,62.7,62.8
1269,110.7,166.7,32.4,62.6,60.7
1269,116.9,176.5,32.5,60.9,57.4
1269,124.4,188.3,32.6,62.7,57.6
1269,133.4,202.1,32.7,61.9,56.8
1271,91.9,91.2,30.5,62.7,60.9
1271,95.4,98.0,30.8,63.4,50.5
1271,97.8,102.8,31.0,63.5,60.9
1271,99.7,105.5,31.1,66.9,54.3
1271,101.9,108.4,31.2,67.2,52.8
1271,106.5,115.4,31.4,60.5,55.8
1271,109.0,118.8,31.5,60.6,54.5
1271,112.2,122.9,31.6,64.3,52.1
1271,115.9,127.5,31.7,66.3,51.4
1271,120.4,132.7,31.8,66.4,48.9
1271,125.0,138.4,31.9,66.0,51.3
1271,130.7,145.0,32.0,66.7,48.9
1271,136.9,152.1,32.1,62.6,48.6
1271,165.0,181.6,32.4,61.9,46.4
1271,177.9,195.1,32.5,64.0,46.1
1271,193.6,211.1,32.6,63.1,45.6
1272,106.5,90.7,31.0,66.5,53.1
1272,109.1,94.6,31.2,63.5,49.9
1272,112.7,99.6,31.4,64.6,51.0
1272,114.9,101.9,31.5,60.9,46.1
1272,117.2,104.6,31.6,66.7,49.3
1272,122.8,110.5,31.8,62.9,46.8
1272,126.1,114.1,31.9,67.7,47.0
1272,130.2,117.8,32.0,66.2,43.1
1272,134.5,122.0,32.1,65.6,43.4
1272,145.6,132.4,32.3,63.1,45.6
1272,151.7,138.0,32.4,62.9,42.4
1272,159.6,144.4,32.5,64.2,39.1
1272,168.8,151.9,32.6,64.9,38.9
1272,179.2,160.6,32.7,66.2,40.2
1272,191.3,170.6,32.8,64.1,39.3
1275,177.2,85.9,31.0,65.0,205.0
1275,173.7,84.3,31.1,65.2,204.7
1275,170.4,82.9,31.2,61.9,203.0
1275,159.1,76.9,31.7,62.8,209.2
1275,154.4,74.0,32.0,63.9,215.1
1275,148.7,70.0,32.5,61.2,218.0
1277,76.2,89.7,32.5,59.8,88.9
1277,76.3,91.3,32.6,62.9,86.9
1277,77.5,98.6,33.0,62.5,80.6
1277,78.0,100.8,33.1,65.2,77.0
1277,80.0,108.2,33.4,61.6,74.7
1277,81.1,110.9,33.5,60.2,68.5
1277,82.4,114.2,33.6,66.1,68.1
1277,83.3,117.8,33.7,65.8,75.3
1277,86.1,124.9,33.9,63.3,68.0
1277,88.5,129.6,34.0,65.5,62.7
1277,90.3,134.7,34.1,64.4,70.1
1277,92.7,140.1,34.2,61.5,66.6
1277,95.3,146.5,34.3,64.3,67.3
1277,103.3,161.1,34.5,64.8,65.9
1277,107.8,169.7,34.6,58.8,62.3
1282,301.2,135.6,33.3,61.5,200.5
1282,285.2,129.2,33.4,65.9,201.8
1282,271.9,124.1,33.5,60.3,201.0
1282,259.7,119.3,33.6,62.7,201.4
1282,247.7,114.9,33.7,65.4,200.2
1282,239.0,111.2,33.8,60.2,203.0
1282,230.6,107.7,33.9,62.8,202.6
1282,223.1,104.7,34.0,59.0,201.6
1282,215.8,101.8,34.1,63.2,201.7
1282,198.1,95.1,34.4,62.0,202.6
1282,193.0,93.0,34.5,60.2,202.1
1282,188.3,90.9,34.6,66.7,204.5
1282,183.3,89.0,34.7,64.2,200.4
1282,176.4,86.1,34.9,63.3,205.7
1282,173.3,84.5,35.0,61.5,206.6
1282,167.2,81.8,35.2,65.0,205.9
1284,74.8,103.4,34.0,63.1,84.3
1284,75.7,106.0,34.1,66.4,72.1
1284,77.0,108.7,34.2,65.6,64.1
1284,79.7,115.2,34.4,66.4,65.3
1284,81.3,118.6,34.5,62.4,65.4
1284,83.1,122.4,34.6,62.5,64.6
1284,87.2,131.2,34.8,59.0,62.5
1284,89.4,136.1,34.9,59.5,66.1
1284,92.4,141.6,35.0,61.4,61.2
1284,95.3,147.8,35.1,61.3,64.9
1284,98.9,154.8,35.2,61.1,62.9
1284,104.3,162.4,35.3,58.9,54.4
1288,90.7,68.8,38.6,64.1,148.3
1288,89.9,69.9,38.8,63.8,112.5
1288,89.5,70.5,38.9,61.0,120.0
1288,88.8,72.2,39.1,61.0,118.2
1288,86.8,80.3,39.9,61.9,89.4
1288,86.8,81.5,40.0,64.8,89.1
1288,87.2,83.9,40.2,58.8,79.2
1288,88.0,86.8,40.4,66.2,73.7
1288,91.2,97.8,41.0,59.7,73.0
1288,92.3,99.9,41.1,60.9,61.1
1288,93.5,102.3,41.2,66.3,64.6
1288,94.8,104.9,41.3,65.5,62.7
1288,96.3,107.4,41.4,60.8,60.2
1288,97.6,110.4,41.5,64.3,66.4
1288,101.6,117.7,41.7,67.7,59.1
1288,117.9,142.2,42.2,59.0,55.3
1288,134.6,166.2,42.5,60.8,54.1
1288,142.1,176.3,42.6,62.3,53.5
1288,150.6,188.7,42.7,64.4,55.5
1288,160.9,202.8,42.8,61.5,53.9
1288,173.5,220.0,42.9,62.2,53.9
1288,188.9,241.6,43.0,63.0,54.5
1290,102.0,81.8,38.9,59.0,55.2
1290,102.5,83.1,39.0,63.7,66.8
1290,106.4,89.8,39.4,60.3,51.3
1290,114.2,100.5,39.9,65.4,55.3
1290,116.4,103.0,40.0,64.8,48.9
1290,119.0,105.7,40.1,64.0,45.2
1290,121.7,108.6,40.2,65.9,47.7
1290,132.4,120.0,40.5,66.7,45.2
1290,136.5,124.5,40.6,67.7,47.7
1290,156.1,143.1,40.9,64.5,41.8
1290,172.6,157.2,41.1,62.8,39.8
1290,183.4,166.7,41.2,65.2,41.6
1290,196.3,177.7,41.3,64.3,40.4
1290,212.0,190.6,41.4,63.3,39.3
1290,231.0,206.2,41.5,63.7,39.4
1290,253.9,225.0,41.6,62.0,39.3
1293,282.8,128.3,40.2,61.6,199.4
1293,269.3,123.2,40.3,61.2,200.6
1293,256.2,118.7,40.4,61.6,199.0
1293,246.0,114.5,40.5,62.4,202.2
1293,236.8,110.9,40.6,59.3,201.2
1293,219.1,104.2,40.8,59.0,199.5
1293,211.8,101.1,40.9,67.0,202.8
1293,201.6,96.7,41.1,59.2,204.5
1293,174.6,86.0,41.7,59.1,196.9
1293,166.2,81.4,42.0,67.6,216.9
1293,151.5,72.6,42.9,65.6,213.1
1293,150.4,71.7,43.0,63.5,220.6
1296,105.2,113.6,43.1,64.6,56.6
1296,108.7,117.1,43.2,64.0,44.8
1296,115.9,124.8,43.4,61.6,47.0
1296,119.0,129.2,43.5,60.1,54.4
1296,122.7,134.6,43.6,66.8,56.2
1296,131.4,146.0,43.8,59.7,52.1
1296,137.2,152.8,43.9,59.3,49.5
1296,144.2,160.6,44.0,59.7,47.7
1296,152.2,169.9,44.1,61.8,49.4
1305,356.3,143.0,46.1,59.1,198.9
1305,305.2,125.4,46.4,59.0,199.2
1305,279.7,116.4,46.6,60.1,199.7
1305,218.7,104.1,47.3,58.9,203.0
1305,212.5,101.2,47.4,62.9,205.1
1305,206.8,98.7,47.5,59.5,203.4
1305,199.5,96.2,47.6,65.7,198.6
1305,194.5,93.9,47.7,64.3,205.0
1305,189.9,92.0,47.8,60.1,203.0
1305,185.5,89.9,47.9,66.6,205.0
1305,174.8,85.1,48.2,66.2,206.0
1305,169.1,82.4,48.4,58.9,205.8
1305,166.5,81.0,48.5,66.4,209.8
1305,162.0,78.7,48.7,62.1,207.6
1307,90.6,85.0,46.2,59.1,70.7
1307,91.8,89.5,46.5,66.5,68.4
1307,92.4,91.0,46.6,60.7,68.1
1307,94.3,94.7,46.8,63.2,67.7
1307,97.8,100.7,47.1,59.9,61.4
1307,98.9,102.9,47.2,59.7,64.2
1307,102.3,107.6,47.4,60.5,55.3
1307,104.3,110.3,47.5,58.7,52.6
1307,106.1,113.4,47.6,62.0,60.3
1307,111.0,120.1,47.8,60.0,54.8
1307,114.0,124.0,47.9,59.6,51.6
1307,121.5,133.0,48.1,61.3,49.0
1307,125.7,138.3,48.2,60.6,51.7
1307,130.5,144.1,48.3,59.5,50.3
1310,79.0,71.9,47.5,65.9,126.5
1310,77.1,75.1,47.9,65.5,113.5
1310,77.0,76.0,48.0,67.2,95.6
1310,76.3,76.9,48.1,63.9,127.6
1310,75.5,78.9,48.3,63.9,110.4
1310,75.1,81.3,48.5,61.0,103.1
1310,74.9,83.7,48.7,63.4,93.8
1310,75.1,87.7,49.0,62.2,85.7
1310,75.5,92.9,49.3,64.4,69.8
1310,75.9,94.8,49.4,66.8,78.1
1310,76.5,96.5,49.5,59.6,71.0
1310,76.9,98.4,49.6,58.8,77.1
1310,77.1,100.4,49.7,59.0,83.9
1310,78.9,105.6,49.9,59.3,72.4
1310,79.9,110.7,50.1,62.8,78.5
1310,81.3,114.0,50.2,66.8,67.1
1310,82.4,117.4,50.3,64.8,72.1
1310,84.1,121.1,50.4,62.0,65.5
1310,85.8,125.0,50.5,61.7,66.6
1310,87.8,129.6,50.6,65.1,66.5
1310,90.2,134.5,50.7,61.7,63.4
1310,96.3,147.7,50.9,63.9,64.8
1310,108.0,170.4,51.2,61.2,64.8
1310,113.4,180.9,51.3,61.8,62.7
1310,120.4,193.0,51.4,60.8,60.0
1310,128.7,207.2,51.5,59.8,59.4
1310,139.0,224.7,51.6,61.1,59.7
1310,151.7,245.6,51.7,59.4,58.6
1313,92.3,67.7,47.8,61.0,134.2
1313,88.3,76.4,48.9,66.2,87.7
1313,87.3,79.7,49.2,60.3,122.0
1313,87.7,83.2,49.5,63.5,83.6
1313,88.3,87.3,49.8,65.6,80.9
1313,88.6,88.7,49.9,58.7,79.3
1313,88.8,90.2,50.0,62.6,81.2
1313,89.2,91.9,50.1,62.0,75.7
1313,90.4,95.4,50.3,65.3,72.0
1313,91.1,97.5,50.4,66.3,71.4
1313,93.0,102.2,50.6,65.3,67.2
1313,95.8,108.1,50.8,67.5,61.0
1313,100.5,117.7,51.1,64.2,62.9
1313,102.6,121.8,51.2,66.2,62.7
1320,73.9,79.5,51.0,59.6,109.0
1320,72.7,84.8,51.4,64.4,104.1
1320,73.1,92.6,51.9,66.7,84.0
1320,73.9,98.7,52.2,66.2,78.7
1320,74.1,100.9,52.3,63.7,84.5
1320,76.8,108.7,52.6,60.4,75.5
1320,78.7,115.1,52.8,62.6,69.9
1320,80.4,118.8,52.9,66.6,65.3
1320,82.2,122.6,53.0,63.3,64.4
1320,84.1,126.8,53.1,63.2,65.0
1320,86.5,131.3,53.2,61.5,62.5
1320,89.1,136.4,53.3,62.4,62.2
1320,100.6,156.1,53.6,60.8,59.2
1320,105.7,164.6,53.7,63.6,58.7
1320,127.0,198.9,54.0,59.1,56.1
1320,137.0,214.4,54.1,60.6,57.1
1320,149.6,233.8,54.2,61.5,56.9
1321,75.7,110.5,51.1,62.2,75.7
1321,77.6,117.4,51.3,62.8,79.0
1321,79.0,121.1,51.4,64.1,69.8
1321,80.4,125.1,51.5,62.5,70.6
1321,82.3,129.8,51.6,65.9,68.0
1321,84.3,134.8,51.7,64.2,68.6
1321,90.7,147.2,51.9,64.5,60.8
1321,94.2,154.3,52.0,63.0,63.4
1321,98.6,162.5,52.1,63.7,62.2
1321,102.6,171.5,52.2,60.7,66.0
1321,114.4,193.4,52.4,59.6,61.7
1321,121.8,207.2,52.5,58.7,61.9
1321,131.5,223.9,52.6,58.8,59.7
1322,100.7,117.7,51.1,58.7,61.4
1322,105.3,126.4,51.3,65.9,61.7
1322,112.0,137.0,51.5,63.1,55.9
1322,115.7,143.4,51.6,66.7,59.5
1322,120.3,150.3,51.7,63.5,56.3
1322,125.7,157.8,51.8,61.7,54.4
1322,131.3,166.7,51.9,62.8,57.7
1322,138.2,177.1,52.0,63.2,56.6
1322,146.3,189.1,52.1,62.1,55.9
1322,156.2,202.9,52.2,60.5,54.6
1322,167.9,219.8,52.3,61.1,55.1
1322,182.0,240.8,52.4,61.5,56.0
1325,102.3,159.5,52.9,64.4,63.4
1325,107.6,168.5,53.0,63.1,59.5
1325,113.3,178.5,53.1,60.8,60.1
1325,121.1,190.2,53.2,61.1,56.4
1325,129.7,203.7,53.3,59.5,57.5
1332,74.9,98.9,55.5,58.7,78.8
1332,75.2,101.0,55.6,62.4,82.7
1332,78.6,111.9,56.0,67.2,71.7
1332,80.0,115.3,56.1,67.0,68.8
1332,83.4,123.4,56.3,62.9,67.4
1332,87.0,131.7,56.5,61.1,65.9
1332,89.8,136.8,56.6,62.1,61.7
1332,92.5,142.4,56.7,61.6,64.0
1332,95.7,149.0,56.8,63.8,64.1
1332,100.3,156.6,56.9,65.0,59.0
1332,104.9,165.1,57.0,62.8,61.5
1332,110.8,174.6,57.1,61.2,58.2
1332,117.9,185.7,57.2,61.6,57.6
1332,126.4,198.9,57.3,61.3,56.9
1333,167.8,80.9,55.8,59.4,208.7
1333,162.7,78.0,56.0,67.0,208.1
1333,154.6,73.8,56.4,64.4,213.4
1333,153.1,72.9,56.5,62.1,211.8
1348,208.3,92.6,62.1,60.6,200.5
1348,198.0,88.5,62.3,62.8,200.2
1348,190.0,85.3,62.5,66.3,204.2
1348,168.2,75.8,63.3,61.3,206.9
1348,165.7,74.8,63.4,66.4,203.3
1349,179.6,80.2,62.2,60.0,202.4
1349,174.1,77.8,62.4,62.6,205.0
1349,171.8,76.6,62.5,65.6,207.5
1349,167.8,74.3,62.7,65.2,209.4
1349,161.5,71.0,63.1,60.5,213.1
1355,269.1,141.4,64.3,66.3,203.9
1355,252.7,134.5,64.4,67.0,203.0
1355,220.5,118.7,64.7,61.9,207.0
1355,204.3,110.5,64.9,59.1,207.1
1355,199.3,107.2,65.0,62.2,213.5
1355,192.3,104.2,65.1,63.0,203.3
1355,187.1,101.3,65.2,65.5,208.9
1355,169.5,91.7,65.6,66.1,211.3
1355,166.0,89.8,65.7,66.6,209.5
1355,160.5,86.7,65.9,63.5,214.9
1355,148.8,78.7,66.5,59.6,202.2
1359,200.7,102.4,65.7,67.3,203.3
1359,183.5,94.7,66.0,60.6,202.2
1359,179.0,92.8,66.1,59.1,203.2
1359,174.9,90.8,66.2,65.7,206.4
1361,163.1,84.7,66.6,62.7,211.1
1361,160.1,83.2,66.7,65.6,206.4
1361,154.9,80.0,66.9,62.4,211.3
1361,152.9,78.8,67.0,62.6,210.9
1361,149.0,76.8,67.2,63.7,209.9
1361,147.3,75.8,67.3,63.8,211.9
1361,143.1,72.8,67.6,65.4,213.0
1361,141.8,71.9,67.7,62.9,212.7
1361,140.8,71.1,67.8,60.5,218.3
1361,138.5,69.2,68.0,60.5,208.8
1361,137.0,68.0,68.2,61.9,222.3
1393,228.5,116.6,2.6,63.3,204.3
1393,219.7,112.5,2.7,65.2,204.6
1393,201.6,105.2,2.9,67.6,202.9
1393,196.5,102.4,3.0,60.0,208.6
1393,184.3,97.1,3.2,66.7,203.6
1393,178.0,95.1,3.3,61.1,198.0
1393,174.4,93.0,3.4,62.1,210.2
1393,170.2,91.0,3.5,64.5,205.2
1393,166.1,89.1,3.6,67.2,204.8
1393,163.0,87.4,3.7,62.4,208.4
1399,178.2,94.0,5.2,64.6,207.8
1399,166.7,88.2,5.5,58.9,207.6
1399,161.1,85.2,5.7,66.1,213.0
1399,157.6,82.5,5.9,59.4,214.8
1399,155.7,81.0,6.0,67.6,218.2
1399,150.7,78.8,6.2,67.3,200.9
1399,142.0,73.8,6.7,62.8,210.4
1399,140.4,72.1,6.9,60.8,227.2
1399,139.1,70.6,7.1,67.7,238.9
1411,74.9,76.3,9.6,65.9,104.9
1411,72.3,82.7,10.2,61.0,111.4
1411,72.2,84.0,10.3,67.6,98.0
1411,72.0,85.3,10.4,65.3,97.3
1411,75.7,111.9,11.7,60.6,79.8
1411,79.6,123.3,12.0,63.4,66.1
1411,85.8,137.9,12.3,64.8,69.0
1411,88.3,143.6,12.4,61.7,66.6
1411,91.8,150.5,12.5,65.3,62.9
1411,95.9,158.2,12.6,63.9,61.8
1411,100.3,167.1,12.7,64.9,63.9
1411,105.5,177.3,12.8,63.4,62.9
1411,113.1,189.9,12.9,66.6,58.8
1411,120.6,204.1,13.0,62.7,62.2
1411,130.4,221.3,13.1,62.4,60.2
1411,142.9,242.5,13.2,62.6,59.6
1413,196.0,102.8,11.0,67.4,204.8
1413,189.5,100.0,11.1,65.4,202.8
1413,184.1,97.7,11.2,60.0,203.4
1413,179.7,95.3,11.3,65.9,208.7
1413,175.5,93.2,11.4,61.1,205.7
1413,168.3,89.2,11.6,66.1,207.9
1413,154.9,82.0,12.1,64.2,214.0
1413,150.9,79.3,12.3,60.2,217.7
1413,149.4,78.1,12.4,64.3,219.4
1413,145.9,75.1,12.7,64.1,226.3
1413,143.9,73.3,12.9,66.6,221.7
1413,140.8,70.0,13.3,59.7,325.6
1419,119.2,145.7,14.4,67.3,57.7
1419,123.5,152.6,14.5,60.7,57.9
1419,150.5,192.0,14.9,59.4,53.3
1419,160.5,206.2,15.0,59.4,54.7
1430,175.9,93.2,15.3,65.6,203.6
1430,172.2,91.2,15.4,63.2,208.1
1430,168.2,89.3,15.5,64.2,204.7
1430,159.6,84.7,15.8,63.1,213.8
1430,157.6,83.3,15.9,61.3,216.3
1430,148.7,78.4,16.3,65.6,212.2
1430,139.7,71.9,17.0,63.0,216.3
1430,138.2,70.5,17.2,64.3,221.1
1430,137.7,69.7,17.3,60.6,234.2
1432,227.8,115.6,15.9,67.7,204.1
1432,218.3,111.8,16.0,63.2,201.7
1432,209.9,108.2,16.1,65.0,202.8
1432,202.6,105.2,16.2,62.6,202.8
1432,189.6,99.0,16.4,64.0,207.6
1432,180.2,94.9,16.6,64.2,207.0
1432,168.7,89.6,16.9,61.8,207.9
1434,179.0,93.9,16.0,62.5,205.6
1434,175.0,91.9,16.1,62.5,206.6
1434,171.2,90.0,16.2,63.7,206.8
1437,94.7,139.2,17.2,59.1,61.4
1437,102.3,153.6,17.4,58.9,63.3
1437,106.6,161.3,17.5,59.9,60.7
1437,112.3,170.4,17.6,62.2,57.9
1437,119.5,181.1,17.7,62.9,56.1
1437,127.9,193.3,17.8,60.9,55.6
1437,137.2,208.2,17.9,62.5,58.0
1438,197.5,94.3,17.8,61.4,200.8
1438,192.8,92.2,17.9,63.5,204.7
1438,188.1,90.3,18.0,61.7,201.8
1438,183.3,88.4,18.1,66.0,201.7
1438,166.8,81.0,18.6,65.2,209.2
1438,164.5,79.6,18.7,67.7,210.8
1438,162.4,78.3,18.8,65.9,211.1
1438,152.2,72.3,19.4,64.4,216.4
1438,148.2,69.5,19.8,66.9,219.2
1444,154.2,81.9,19.8,62.2,210.4
1444,144.9,76.0,20.3,61.8,211.3
1444,134.2,64.7,21.8,58.8,264.8
1445,178.1,93.8,18.4,65.7,206.6
1445,170.3,90.5,18.6,64.2,207.9
1445,153.3,80.4,19.2,63.5,205.1
1445,149.1,77.8,19.4,60.8,207.6
1450,169.4,90.4,20.4,60.7,213.0
1450,163.1,86.6,20.6,65.2,209.5
1450,160.6,85.0,20.7,65.0,212.4
1450,152.2,80.9,21.0,62.3,213.6
1450,150.2,79.7,21.1,62.7,211.4
1450,148.5,78.6,21.2,59.5,213.0
1450,147.2,77.3,21.3,67.3,223.5
1450,145.6,76.3,21.4,63.8,213.7
1450,139.5,71.7,21.9,65.0,219.0
1450,138.6,70.8,22.0,66.8,226.7
1450,135.8,68.7,22.3,64.3,217.2
1452,170.7,90.5,21.9,65.7,208.3
1452,163.6,86.9,22.1,58.9,208.1
1452,143.1,75.0,23.1,61.9,215.2
1452,138.4,70.7,23.6,64.8,221.5
1452,137.7,69.9,23.7,60.7,229.7
1452,135.3,66.1,24.3,64.2,248.1
1456,253.4,136.8,22.8,58.9,206.6
1456,231.1,124.8,23.0,65.7,212.7
1456,220.2,119.9,23.1,66.7,204.3
1456,212.1,115.6,23.2,64.6,208.1
1456,184.4,101.7,23.6,60.6,206.2
1456,174.6,96.3,23.8,61.0,208.2
1456,164.6,90.5,24.1,60.0,213.1
1456,151.8,82.4,24.6,62.0,214.9
1456,139.7,72.0,25.6,60.5,237.5
1461,110.2,128.6,25.5,65.7,59.0
1461,131.1,162.3,26.0,62.5,55.8
1461,137.3,171.7,26.1,61.7,56.8
1461,144.4,182.4,26.2,60.3,56.3
1461,164.9,210.3,26.4,64.5,52.7
1461,194.4,251.7,26.6,62.9,56.1
1467,135.5,176.4,28.1,65.5,56.6
1467,143.3,188.4,28.2,62.7,57.0
1467,152.1,202.8,28.3,63.0,58.3
1467,164.7,220.2,28.4,63.2,54.2
1467,178.9,241.1,28.5,61.2,55.8
1473,177.7,93.6,29.1,61.7,202.3
1473,155.5,81.6,29.8,61.0,222.6
1473,147.0,76.9,30.2,59.0,208.1
1473,139.6,71.5,30.8,59.4,212.9
1473,138.7,70.8,30.9,59.9,222.0
1482,208.6,99.1,32.0,63.6,200.9
1482,179.7,86.8,32.6,59.4,205.5
1482,170.1,82.7,32.9,61.3,203.8
1482,167.6,81.4,33.0,59.4,206.9
1482,160.8,77.7,33.3,58.7,211.1
1482,157.8,75.9,33.5,66.8,219.2
1482,155.9,74.9,33.6,61.4,207.9
1482,153.3,73.0,33.8,61.2,216.2
1483,181.6,96.0,32.1,62.0,206.6
1483,168.8,89.9,32.4,63.6,206.8
1483,165.6,88.0,32.5,66.1,210.3
1483,152.6,80.6,33.0,59.8,200.9
1483,149.1,78.4,33.2,59.5,212.2
1483,146.7,76.5,33.4,60.4,223.3
1483,142.8,73.7,33.7,59.9,223.2
1483,141.5,72.7,33.8,64.8,217.1
1489,187.9,98.3,33.5,66.7,205.3
1489,183.4,95.9,33.6,64.0,207.6
1489,170.3,90.3,33.9,63.9,205.4
1489,164.4,86.7,34.1,59.8,211.3
1489,161.5,85.1,34.2,66.7,210.3
1489,154.1,80.9,34.5,64.8,220.0
1489,144.7,74.7,35.1,61.4,222.3
1489,143.6,73.7,35.2,65.7,221.8
1493,97.6,150.9,35.1,61.5,58.3
1493,104.8,166.1,35.3,59.9,63.4
1493,118.0,187.0,35.5,61.0,57.8
1500,142.7,160.1,37.2,65.0,46.9
1500,174.9,195.0,37.5,59.2,45.6
1500,189.6,210.6,37.6,61.8,46.6
1503,173.6,91.6,38.1,60.7,207.3
1503,169.8,89.8,38.2,61.0,205.5
1503,166.3,88.1,38.3,62.6,206.1
1503,159.6,84.8,38.5,65.2,209.7
1503,154.5,81.9,38.7,60.3,207.4
1503,150.6,79.4,38.9,63.1,213.1
1503,148.3,78.3,39.0,62.9,206.2
1503,142.7,74.0,39.4,65.2,221.6
1503,139.4,71.5,39.7,66.7,226.4
1503,137.1,69.0,40.0,62.3,223.0
1503,136.1,67.6,40.2,60.8,241.6
1504,107.1,166.6,37.6,62.8,60.6
1504,113.0,176.7,37.7,63.3,60.0
1504,130.7,205.6,37.9,61.9,58.1
1506,139.6,72.6,38.8,65.1,226.4
1506,137.9,70.0,39.1,58.9,237.9
1506,136.5,68.7,39.3,59.7,222.3
1506,135.4,66.2,39.7,58.9,249.4
1519,233.7,102.8,41.6,61.1,197.8
1519,226.2,100.0,41.7,61.4,200.0
1519,207.8,92.9,42.0,63.2,200.2
1519,202.9,90.9,42.1,62.7,203.0
1519,194.3,87.8,42.3,61.8,203.3
1519,186.9,84.8,42.5,66.4,204.9
1519,180.7,82.3,42.7,60.7,204.9
1519,172.4,78.4,43.0,61.8,204.6
1519,166.4,75.7,43.3,61.5,205.9
1520,100.3,115.2,42.2,61.6,56.5
1520,108.7,125.0,42.5,60.4,49.5
1520,112.2,130.0,42.6,67.7,55.4
1520,116.2,135.4,42.7,65.8,53.3
1520,120.4,141.6,42.8,67.6,56.0
1520,131.1,154.7,43.0,59.5,50.9
1520,138.3,163.2,43.1,63.3,49.6
1520,146.4,172.9,43.2,62.6,50.2
1520,181.5,215.3,43.5,60.1,50.6
1523,236.5,128.7,44.6,64.4,218.5
1523,220.3,118.2,44.8,65.6,206.8
1523,216.8,113.8,44.9,66.2,231.1
1523,212.0,110.1,45.0,64.0,218.1
1523,202.8,103.4,45.2,60.7,212.4
1523,191.8,97.8,45.4,59.2,201.0
1523,171.4,86.0,46.0,62.6,213.9
1526,165.0,86.5,44.9,64.9,215.2
1526,158.8,83.3,45.1,64.5,207.9
1526,156.3,81.9,45.2,62.3,208.3
1526,147.0,76.0,45.7,60.5,213.3
1526,144.1,73.9,45.9,61.0,226.6
1526,141.2,71.0,46.2,63.1,231.0
1526,139.4,69.8,46.4,64.2,237.2
1531,156.2,83.1,46.9,63.4,205.5
1531,151.3,79.8,47.1,66.7,208.9
1531,148.9,78.7,47.2,63.7,204.9
1531,145.5,76.7,47.4,60.7,209.8
1532,104.5,165.0,47.1,67.4,59.3
1532,111.6,174.9,47.2,63.7,54.4
1532,118.4,186.4,47.3,63.1,59.3
1532,127.8,200.8,47.4,66.1,56.9
1532,137.8,216.8,47.5,60.6,58.0
1532,153.3,237.2,47.6,63.3,52.8
1538,184.9,95.9,50.0,61.7,205.8
1538,179.7,93.6,50.1,67.3,203.8
1538,170.7,89.9,50.3,67.2,204.0
1538,168.1,88.0,50.4,65.5,216.5
1538,158.6,83.5,50.7,60.6,201.2
1538,150.4,78.6,51.1,60.1,213.9
1538,144.1,74.7,51.5,63.6,214.0
1541,93.9,147.8,49.9,59.1,69.0
1541,102.0,162.2,50.1,60.7,61.8
1541,106.6,170.9,50.2,59.2,62.1
1541,119.4,192.6,50.4,59.2,58.2
1541,127.8,206.5,50.5,59.2,58.8
1541,138.4,223.6,50.6,60.4,58.0
1544,94.0,141.3,51.5,62.2,62.8
1544,105.4,164.4,51.8,63.1,61.3
1544,115.9,183.2,52.0,61.4,61.1
1544,123.2,195.4,52.1,59.3,59.1
1544,131.8,210.0,52.2,59.9,59.6
1548,185.1,90.3,52.1,62.8,203.9
1548,181.2,88.4,52.2,64.6,205.4
1548,177.1,86.7,52.3,65.5,203.1
1548,174.1,85.0,52.4,64.8,209.4
1548,161.7,78.7,52.9,67.6,212.5
1549,159.0,84.4,52.2,65.0,205.3
1549,150.1,78.8,52.6,65.3,213.0
1549,146.5,77.0,52.8,62.3,218.0
1549,142.4,74.0,53.1,61.6,215.3
1549,138.2,70.0,53.6,61.2,233.7
1549,137.5,69.3,53.7,62.9,229.4
1550,207.2,99.3,52.6,62.7,200.2
1550,201.1,96.9,52.7,62.1,201.5
1550,190.9,92.8,52.9,59.9,201.5
1550,185.9,90.8,53.0,64.5,202.2
1550,181.9,88.9,53.1,66.1,205.8
1556,101.3,153.9,53.6,65.0,62.0
1556,110.4,172.1,53.8,60.0,61.2
1556,124.2,194.7,54.0,61.8,62.3
1560,101.5,85.5,54.0,61.1,67.6
1560,102.7,86.9,54.1,62.4,49.7
1560,105.0,90.0,54.3,60.3,49.5
1560,111.0,97.9,54.7,58.9,49.5
1560,117.4,105.4,55.0,60.9,49.6
1560,134.7,123.9,55.5,65.3,47.9
1560,139.7,128.6,55.6,65.2,43.6
1560,145.5,134.0,55.7,65.0,42.3
1560,152.0,139.8,55.8,63.2,41.8
1560,168.9,154.5,56.0,63.9,40.6
1560,179.4,163.7,56.1,65.9,40.9
1560,191.5,173.5,56.2,61.0,39.2
1560,206.1,184.9,56.3,59.9,37.8
1560,223.2,198.8,56.4,61.8,39.3
1560,244.2,215.6,56.5,61.3,38.6
1560,269.8,236.8,56.6,62.1,39.5
1563,162.5,85.7,55.0,60.8,208.3
1563,159.5,84.2,55.1,66.3,207.7
1563,149.6,78.7,55.5,65.9,211.1
1563,140.7,72.5,56.1,65.2,217.5
1569,164.4,86.8,57.7,59.0,212.4
1569,156.2,82.2,58.0,63.5,214.7
1569,154.1,80.9,58.1,60.7,211.2
1569,149.7,78.8,58.3,65.0,210.1
1569,145.0,75.5,58.6,63.8,214.7
1569,139.1,70.1,59.2,65.7,247.3
1569,136.7,68.0,59.5,62.5,222.5
1570,161.7,86.6,58.3,60.2,206.1
1570,151.1,80.7,58.7,66.1,209.1
1570,144.2,76.5,59.1,67.3,217.1
1570,142.0,74.6,59.3,59.4,219.0
1572,119.2,110.9,58.4,66.2,46.6
1572,137.3,128.8,58.8,67.3,43.2
1572,164.2,152.9,59.2,62.4,40.2
1572,174.0,161.0,59.3,61.2,39.6
1572,200.9,183.4,59.5,59.1,41.3
1572,217.3,197.7,59.6,64.8,41.3
1572,237.7,214.3,59.7,61.4,39.0
1574,90.4,94.7,59.5,61.3,64.3
1574,98.3,108.1,60.1,63.4,61.9
1574,102.8,114.2,60.3,67.6,52.1
1574,107.3,120.9,60.5,59.6,54.1
1574,113.9,129.1,60.7,60.7,51.3
1574,117.5,134.1,60.8,62.8,54.6
1574,140.8,161.4,61.2,67.3,47.8
1574,149.1,170.8,61.3,62.3,48.6
1576,168.0,88.7,59.6,61.9,204.8
1576,165.1,87.0,59.7,62.8,209.8
1576,154.1,80.8,60.1,66.3,215.1
1578,123.0,195.4,60.1,61.2,59.1
1578,130.6,210.7,60.2,62.5,63.7
1578,142.1,231.0,60.3,66.9,60.4
1581,200.2,94.2,61.6,63.0,207.5
1581,195.3,92.2,61.7,61.1,202.7
1581,190.9,90.3,61.8,58.9,202.7
1581,183.2,87.1,62.0,65.8,206.6
1582,183.5,96.1,62.4,59.9,209.0
1582,154.8,81.4,63.3,60.7,207.0
1582,146.0,75.8,63.8,62.7,215.2
1582,144.9,74.7,63.9,67.4,226.4
1586,113.2,126.5,63.8,61.0,47.1
1586,125.1,138.2,64.1,62.8,51.7
1586,130.4,144.3,64.2,61.9,48.7
1590,161.6,85.5,64.1,65.7,209.8
1590,143.6,75.1,65.0,58.7,210.4
1590,138.6,70.6,65.5,64.5,226.9
1590,137.1,69.1,65.7,65.2,223.0
1590,135.2,66.7,66.1,59.5,236.6
1607,113.7,186.0,69.2,60.0,61.5
1611,123.3,110.2,69.8,66.2,43.6
1611,130.4,117.7,70.0,62.5,50.1
1611,134.0,121.6,70.1,61.0,46.5
1611,151.5,137.5,70.4,60.2,45.7
1611,158.6,143.7,70.5,62.5,41.1
1611,166.9,150.6,70.6,61.1,39.7
1611,176.5,159.2,70.7,66.9,42.3
1611,188.0,168.9,70.8,64.3,39.9
1611,201.7,180.6,70.9,65.3,40.5
1611,218.6,193.9,71.0,62.8,38.2
1611,238.3,209.9,71.1,62.3,39.1
1613,111.2,124.6,70.1,59.4,50.4
1613,129.2,147.3,70.5,59.8,50.6
1613,150.1,171.6,70.8,66.4,51.8
1613,160.1,183.2,70.9,64.2,49.3
1613,172.3,197.4,71.0,66.1,49.2
1613,186.7,212.8,71.1,59.3,46.8
1614,232.8,126.7,70.7,61.8,204.7
1614,214.0,116.6,70.9,66.4,207.4
1614,205.9,112.7,71.0,64.1,205.6
1614,186.8,103.3,71.3,58.9,205.2
1614,181.7,100.5,71.4,65.2,208.7
1614,173.4,95.3,71.6,61.3,210.1
1614,165.8,91.6,71.8,60.2,208.3
1614,162.9,89.7,71.9,63.6,212.7
1614,155.0,84.6,72.2,67.1,218.9
1615,134.3,131.7,71.6,61.0,48.6
1615,177.7,178.6,72.2,61.9,51.8
1615,191.5,191.4,72.3,63.1,42.9
1619,175.1,93.3,73.3,67.5,204.7
1619,170.6,91.4,73.4,61.7,203.2
1619,163.7,87.7,73.6,59.4,205.2
1619,160.9,86.1,73.7,61.8,209.6
1619,158.2,84.6,73.8,62.3,209.1
1619,153.9,81.5,74.0,62.4,213.8
1619,149.6,79.3,74.2,60.0,208.5
1619,148.0,78.2,74.3,60.4,214.4
1619,146.3,77.1,74.4,59.3,211.1
1622,93.9,100.5,74.0,64.4,56.6
1622,95.2,102.9,74.1,63.5,61.3
1622,96.5,105.5,74.2,65.6,63.0
1622,100.2,111.9,74.4,65.1,56.2
1622,105.0,119.5,74.6,61.3,56.5
1622,108.2,123.8,74.7,67.3,53.4
1622,111.7,128.2,74.8,63.2,51.4
