id,x_px,y_px,timestamp_s,speed_mph,direction_deg
0,292.9,144.9,0.25,51.2,246.8
0,291.2,140.9,0.334,56.7,246.6
0,289.6,138.0,0.417,45.7,241.1
0,287.2,131.4,0.584,50.1,247.7
0,284.6,125.6,0.75,47.4,247.0
0,283.1,122.8,0.834,54.6,240.9
0,281.7,120.5,0.917,49.3,240.0
0,277.7,111.3,1.251,46.8,246.3
0,276.6,109.0,1.334,58.4,242.6
0,275.1,105.5,1.501,54.5,244.9
0,274.4,103.9,1.584,48.5,246.3
0,273.4,102.0,1.668,56.9,243.5
0,269.3,93.2,2.168,57.3,245.5
0,267.1,88.6,2.501,51.9,241.6
0,264.9,83.9,2.835,51.4,244.0
0,263.3,80.2,3.168,53.3,244.5
0,262.4,78.9,3.335,45.9,249.9
0,262.1,78.1,3.419,49.5,246.4
0,261.8,77.2,3.502,51.1,250.9
0,261.4,76.4,3.585,54.2,247.8
0,260.6,75.0,3.752,46.6,241.0
0,259.9,73.4,3.919,55.3,254.8
0,259.3,72.1,4.086,52.6,244.3
0,259.0,71.4,4.169,54.3,247.1
0,258.2,69.5,4.419,45.9,251.5
0,257.7,68.9,4.503,51.6,236.6
0,257.4,68.3,4.586,52.9,243.9
1,323.1,161.5,0.167,54.9,238.3
1,320.3,157.2,0.25,48.8,237.0
1,314.8,148.5,0.417,48.9,237.0
1,310.2,140.9,0.584,48.4,236.8
1,308.0,137.3,0.667,55.8,238.7
1,302.4,128.4,0.917,46.3,236.0
1,301.0,125.5,1.001,56.1,244.7
1,299.4,123.0,1.084,49.3,237.5
1,294.9,115.4,1.334,53.6,239.4
1,289.8,107.5,1.668,55.1,235.2
1,288.9,105.7,1.751,49.9,243.3
1,286.9,102.2,1.918,47.4,238.9
1,285.8,100.5,2.001,55.0,236.3
1,284.1,97.7,2.168,48.4,235.4
1,283.4,96.4,2.251,46.3,241.8
1,282.4,94.9,2.335,58.1,239.9
1,281.7,93.6,2.418,46.3,239.8
1,280.2,90.9,2.585,51.6,240.7
1,279.4,89.7,2.668,47.3,234.1
1,278.6,88.7,2.752,46.4,233.1
1,275.9,84.0,3.085,49.6,244.6
1,275.3,82.9,3.168,54.6,238.6
1,274.6,81.9,3.252,51.2,236.2
1,274.0,81.0,3.335,49.7,238.6
1,271.7,77.1,3.752,50.5,239.8
1,270.1,74.9,4.002,48.2,228.1
1,269.9,74.1,4.086,56.4,254.6
1,268.8,72.7,4.252,46.6,230.5
1,268.3,72.0,4.336,52.1,236.8
1,267.5,70.5,4.503,47.6,229.8
1,265.4,67.0,5.003,49.4,239.4
1,264.1,65.0,5.336,58.1,241.6
1,263.8,64.5,5.42,50.9,244.7
1,262.1,61.6,5.92,49.2,239.1
2,190.3,113.8,0.417,52.1,116.6
2,188.0,118.9,0.584,52.8,115.2
2,182.6,130.7,0.917,56.6,113.0
2,179.6,137.6,1.084,52.4,114.7
2,176.0,145.1,1.251,54.7,115.4
2,171.9,153.8,1.417,48.8,115.9
2,167.2,163.9,1.584,52.0,114.3
2,164.4,169.7,1.668,58.3,116.2
2,161.8,175.3,1.751,53.0,114.4
2,155.8,188.6,1.918,50.2,114.2
2,148.4,204.5,2.085,49.8,115.3
2,139.9,223.3,2.251,50.1,114.5
2,129.4,246.0,2.418,49.6,114.9
3,365.6,240.0,0.334,56.9,238.7
3,360.0,229.9,0.417,49.4,240.7
3,348.9,211.0,0.584,47.4,239.9
3,340.2,195.2,0.75,48.0,241.5
3,328.9,175.5,1.001,58.0,241.8
3,322.0,165.6,1.167,53.2,232.4
3,317.4,156.4,1.334,57.6,242.5
3,312.7,148.4,1.501,57.7,239.5
3,310.6,144.8,1.584,49.2,240.5
3,306.7,137.5,1.751,47.8,243.2
3,304.9,134.2,1.834,53.5,241.7
4,156.2,198.0,0.167,57.7,111.9
4,153.4,205.4,0.25,49.3,110.4
4,149.4,214.8,0.334,57.9,113.1
4,145.8,223.4,0.417,47.7,112.9
4,141.1,234.8,0.5,58.1,112.3
4,137.1,245.0,0.584,47.0,111.4
4,131.8,258.7,0.667,57.3,111.1
10,386.0,214.7,0.167,54.8,232.3
10,380.1,207.2,0.25,46.3,231.8
10,368.4,191.9,0.417,47.1,231.6
10,358.9,179.0,0.584,46.8,231.6
10,354.0,173.0,0.667,55.2,230.8
10,350.4,168.2,0.75,48.1,233.5
10,345.9,162.8,0.834,56.1,230.0
10,343.0,158.5,0.917,48.6,235.7
10,339.5,153.8,1.001,57.2,233.8
10,330.9,142.8,1.251,46.4,233.7
10,317.3,124.5,1.751,45.9,231.8
10,314.5,121.8,1.834,55.6,224.6
10,310.0,114.7,2.085,52.0,239.8
10,308.4,112.6,2.168,51.0,231.9
10,306.9,110.6,2.251,50.4,232.5
10,305.3,108.6,2.335,55.1,233.1
10,304.0,106.9,2.418,47.1,231.4
10,300.0,101.8,2.668,52.3,231.0
10,297.9,98.4,2.835,51.2,230.3
10,296.9,96.9,2.918,54.3,239.7
10,294.7,94.1,3.085,56.2,235.0
10,293.6,92.8,3.168,53.3,231.1
10,291.9,90.3,3.335,53.4,234.7
10,291.0,89.1,3.419,52.7,235.3
10,290.0,87.8,3.502,56.7,231.2
10,289.4,86.8,3.585,48.6,239.5
10,288.4,85.7,3.669,48.2,226.3
10,287.8,84.7,3.752,48.3,238.6
10,286.8,83.8,3.836,46.5,223.0
10,286.1,82.9,3.919,47.7,236.1
10,285.3,81.8,4.002,58.2,231.4
10,284.4,80.9,4.086,49.2,225.6
10,283.7,79.9,4.169,56.6,235.6
10,282.4,78.0,4.336,50.0,230.2
10,281.1,76.6,4.503,58.2,230.0
10,279.9,75.1,4.669,55.0,235.3
10,276.4,71.0,5.17,54.5,228.6
10,275.0,69.0,5.42,55.0,232.6
10,269.7,62.0,6.587,58.4,236.4
10,266.6,59.4,7.171,46.5,224.5
11,292.1,101.3,0.167,51.7,240.6
11,291.3,99.7,0.25,53.0,244.1
11,290.4,98.3,0.334,48.9,239.6
11,288.5,94.0,0.584,47.6,245.5
11,287.7,92.8,0.667,46.5,238.0
11,285.7,89.1,0.917,48.2,240.1
11,285.1,87.9,1.001,51.1,239.1
11,284.6,86.9,1.084,47.1,248.4
11,284.1,85.8,1.167,53.0,242.6
11,283.6,84.8,1.251,45.8,244.0
11,283.0,83.8,1.334,49.5,237.0
11,282.3,82.0,1.501,50.4,242.3
11,281.8,81.0,1.584,54.1,243.2
11,281.2,80.0,1.668,54.5,238.4
11,280.2,78.3,1.834,54.7,238.2
11,279.4,77.0,2.001,49.1,237.9
11,278.5,75.5,2.168,56.4,240.9
11,276.7,72.4,2.501,57.4,233.1
11,272.4,66.1,3.419,50.4,238.5
14,185.1,100.5,0.167,49.5,117.2
14,183.1,103.7,0.334,55.6,121.1
14,181.0,106.9,0.5,51.4,123.2
14,180.4,108.7,0.584,48.0,110.8
14,179.2,110.7,0.667,51.3,119.9
14,177.1,114.6,0.834,53.4,118.8
14,176.1,116.6,0.917,45.8,117.8
14,174.6,119.2,1.001,56.0,119.9
14,170.6,125.6,1.251,47.8,115.6
14,168.9,128.5,1.334,53.1,120.0
14,167.5,131.4,1.417,50.5,117.1
14,165.9,134.5,1.501,51.8,116.2
14,164.4,137.4,1.584,46.3,118.1
14,162.5,140.7,1.668,49.5,120.2
14,160.8,143.8,1.751,45.8,118.2
14,158.9,147.7,1.834,52.2,115.8
14,154.4,155.5,2.001,52.7,118.3
14,149.5,164.4,2.168,53.3,119.0
14,144.4,174.4,2.335,53.0,117.3
14,138.1,185.8,2.501,53.9,119.0
14,131.1,198.9,2.668,53.8,117.3
14,122.7,214.3,2.835,53.4,118.4
14,113.0,232.7,3.002,53.7,118.3
14,101.7,254.2,3.168,52.7,117.3
16,205.0,84.2,0.167,56.6,109.1
16,202.2,90.1,0.584,51.9,107.2
16,201.6,91.2,0.667,48.8,117.0
16,200.6,94.0,0.834,46.2,114.7
16,199.4,96.8,1.001,58.3,113.0
16,198.8,98.2,1.084,46.4,112.5
16,197.9,99.8,1.167,53.2,120.0
16,197.4,101.6,1.251,57.0,106.2
16,196.6,103.2,1.334,50.3,115.6
16,195.8,104.9,1.417,48.6,116.0
16,194.9,106.8,1.501,52.6,113.9
16,194.3,108.8,1.584,54.0,107.0
16,193.3,110.8,1.668,53.9,117.3
16,192.5,112.9,1.751,51.2,109.5
16,191.6,115.3,1.834,58.0,111.2
16,188.3,122.5,2.085,47.5,114.0
16,183.8,133.9,2.418,48.1,107.2
16,182.2,137.3,2.501,54.9,115.0
16,181.1,140.6,2.585,49.1,109.5
16,179.4,144.5,2.668,56.2,113.3
16,178.0,148.1,2.752,49.5,110.9
16,176.2,152.4,2.835,54.8,112.8
16,174.5,156.4,2.918,47.5,112.9
16,170.6,166.4,3.085,48.7,112.2
16,168.3,172.3,3.168,58.0,111.1
16,166.1,177.7,3.252,49.4,112.1
16,163.5,184.5,3.335,57.0,111.1
16,161.2,190.5,3.419,47.4,111.0
16,158.0,198.5,3.502,57.8,111.5
16,155.1,206.0,3.585,49.6,111.3
16,151.3,215.5,3.669,58.3,111.7
16,148.0,224.1,3.752,47.5,111.3
16,143.4,235.4,3.836,57.5,111.9
16,139.4,245.7,3.919,47.3,111.0
16,134.2,259.8,4.002,57.9,110.5
18,279.7,90.1,0.167,46.6,240.4
18,277.5,86.5,0.417,47.1,238.7
18,276.6,85.2,0.5,58.2,235.8
18,276.3,84.3,0.584,46.6,253.7
18,275.6,83.2,0.667,55.4,237.2
18,275.2,82.2,0.75,52.3,246.9
18,274.5,81.2,0.834,53.1,233.9
18,273.7,79.7,1.001,56.8,248.3
18,272.1,77.3,1.251,49.6,234.3
18,270.4,74.1,1.584,50.8,250.8
18,269.3,71.9,1.834,46.1,239.6
18,265.6,66.2,2.668,54.9,246.9
18,264.7,65.1,2.835,50.1,231.5
18,262.8,63.1,3.252,46.5,227.5
18,260.8,60.7,3.669,50.5,229.5
19,278.8,110.2,0.167,56.8,246.7
19,278.1,108.3,0.25,49.9,249.6
19,275.8,103.0,0.5,54.1,253.9
19,275.0,101.3,0.584,52.3,245.6
19,274.1,99.7,0.667,52.7,241.2
19,273.6,98.3,0.75,47.4,247.5
19,272.8,96.9,0.834,47.6,242.0
19,271.6,94.2,1.001,54.8,247.6
19,271.1,93.0,1.084,47.4,246.2
19,269.6,90.2,1.251,51.5,240.9
19,269.0,88.9,1.334,52.1,241.5
19,268.5,87.8,1.417,50.1,247.5
19,268.1,86.7,1.501,51.5,250.2
19,266.1,82.7,1.834,49.3,238.4
19,265.7,81.8,1.918,47.2,242.5
19,264.9,80.0,2.085,55.4,250.5
19,263.7,77.3,2.335,52.7,249.3
19,262.9,75.9,2.501,55.4,241.4
19,262.5,75.2,2.585,50.6,243.3
19,262.0,74.4,2.668,50.4,239.5
19,261.1,73.0,2.835,52.4,247.8
19,260.3,71.4,3.002,54.9,231.3
19,259.4,69.0,3.335,51.8,256.8
19,259.3,68.4,3.419,55.3,253.6
19,256.8,63.6,4.252,55.2,265.4
22,202.0,72.9,0.167,47.1,127.9
22,199.2,77.9,0.667,52.4,129.1
22,198.8,78.9,0.75,56.6,109.5
22,198.2,79.9,0.834,56.0,124.4
22,197.6,80.9,0.917,54.9,118.2
22,195.8,83.8,1.167,56.2,122.8
22,194.6,86.0,1.334,57.4,124.3
22,193.2,88.0,1.501,50.9,124.8
22,191.5,90.2,1.668,49.3,127.7
22,188.5,95.5,2.001,57.9,122.6
22,186.9,98.4,2.168,55.3,123.7
22,185.9,99.8,2.251,46.3,123.8
22,185.0,101.5,2.335,53.6,117.9
22,183.2,104.7,2.501,49.3,120.2
22,181.1,107.9,2.668,49.9,119.7
22,178.8,111.7,2.835,52.8,119.5
22,176.2,115.6,3.002,53.3,124.8
22,175.2,117.8,3.085,48.5,114.8
22,173.7,120.3,3.168,54.5,119.8
22,170.9,125.3,3.335,55.2,115.8
22,167.8,130.6,3.502,52.4,120.6
22,164.5,136.5,3.669,53.2,119.4
22,161.0,142.5,3.836,52.3,118.0
22,157.0,149.8,4.002,53.2,120.2
22,152.3,157.9,4.169,53.6,118.5
22,147.2,166.9,4.336,54.1,119.5
22,141.4,177.1,4.503,52.0,119.2
22,134.9,188.8,4.669,52.1,120.3
22,127.6,202.3,4.836,52.6,117.7
22,119.1,218.0,5.003,52.1,118.4
22,109.1,236.4,5.17,52.6,117.7
22,97.1,258.6,5.336,51.6,117.9
23,176.0,152.9,0.167,53.8,113.1
23,174.4,157.0,0.25,48.5,111.9
23,172.2,162.1,0.334,57.0,113.0
23,170.2,166.6,0.417,46.9,114.2
23,165.6,177.8,0.584,45.7,112.9
23,162.8,184.6,0.667,57.2,112.5
23,160.6,190.7,0.75,47.7,110.1
23,157.3,198.6,0.834,57.5,112.3
23,154.5,205.9,0.917,48.4,110.9
23,151.1,215.2,1.001,56.7,110.1
23,147.9,223.7,1.084,47.3,110.8
23,143.5,235.0,1.167,57.3,111.5
23,139.6,245.0,1.251,46.3,110.8
23,134.4,258.7,1.334,56.8,110.8
26,204.6,68.7,0.917,55.6,115.5
26,203.4,70.5,1.167,46.6,108.7
26,201.8,73.0,1.501,51.1,127.0
26,200.9,74.3,1.668,48.8,122.3
26,200.5,75.0,1.751,49.1,117.2
26,199.3,77.5,2.001,49.5,116.3
26,198.3,79.0,2.168,54.8,116.4
26,197.9,79.9,2.251,48.4,114.4
26,197.4,80.9,2.335,54.4,118.8
26,196.2,82.9,2.501,57.5,122.7
26,195.8,83.9,2.585,50.7,112.5
26,195.2,84.9,2.668,49.6,119.5
26,194.0,86.8,2.835,51.9,120.8
26,192.6,89.0,3.002,52.6,124.9
26,189.8,94.1,3.335,50.9,121.8
26,188.2,96.8,3.502,56.7,121.3
26,184.5,102.9,3.836,53.9,125.0
26,183.6,104.6,3.919,51.0,116.6
26,182.5,106.4,4.002,50.2,121.7
26,180.6,110.1,4.169,56.7,115.8
26,178.3,114.1,4.336,55.8,116.9
26,177.1,116.4,4.419,53.3,117.1
26,175.6,119.0,4.503,58.1,119.1
26,171.6,125.9,4.753,53.3,117.6
26,169.9,128.9,4.836,55.6,119.8
26,168.3,131.6,4.919,48.0,120.9
26,162.9,141.5,5.17,53.2,120.0
26,159.0,148.6,5.336,54.0,116.2
26,157.0,152.3,5.42,46.6,118.1
26,154.4,157.0,5.503,55.6,119.8
26,149.3,166.3,5.67,55.1,118.0
26,143.7,176.7,5.837,54.6,117.9
26,140.9,182.1,5.92,46.0,118.0
26,137.1,188.8,6.003,53.8,119.3
26,133.8,195.0,6.087,46.4,118.1
26,129.6,202.8,6.17,53.5,118.0
26,120.7,219.0,6.337,54.0,118.4
26,110.5,238.4,6.504,53.5,118.2
26,98.2,261.8,6.67,54.5,117.2
27,326.7,236.0,1.501,54.2,246.6
27,322.4,226.2,1.584,49.8,246.5
27,318.2,216.1,1.668,56.6,247.3
27,314.8,207.5,1.751,52.4,248.7
27,308.5,191.7,1.918,47.1,246.6
27,305.4,184.5,2.001,56.9,247.1
27,303.3,179.0,2.085,46.8,249.0
27,300.8,172.8,2.168,57.0,248.2
27,298.7,167.7,2.251,49.6,247.4
27,297.0,162.4,2.335,55.8,251.8
27,291.9,149.2,2.585,53.8,250.3
27,286.5,138.2,2.835,55.2,242.1
27,285.3,135.0,2.918,50.4,248.8
27,282.0,125.7,3.168,57.4,249.6
27,280.9,123.3,3.252,47.4,245.1
27,277.3,115.7,3.502,49.8,237.8
27,276.0,111.8,3.669,52.7,250.9
27,275.4,110.0,3.752,46.6,251.4
27,273.9,105.8,3.919,46.6,257.0
27,272.9,104.1,4.002,50.9,240.5
27,272.3,102.4,4.086,52.6,251.2
27,270.8,99.1,4.252,46.8,240.9
27,270.1,97.7,4.336,47.7,244.0
27,269.6,96.4,4.419,45.7,246.1
27,269.1,95.1,4.503,48.4,251.2
27,267.8,92.5,4.669,53.0,242.1
27,266.7,88.9,4.919,48.0,240.6
27,266.4,87.6,5.003,58.1,257.7
27,265.4,85.5,5.17,54.5,243.6
27,264.9,84.5,5.253,47.5,244.4
27,262.9,79.7,5.67,50.2,241.3
27,262.5,78.7,5.753,56.5,250.9
27,262.1,76.9,5.92,52.5,269.9
27,260.7,74.1,6.254,54.6,253.7
27,259.6,71.0,6.587,55.9,253.8
27,259.2,70.3,6.67,52.1,244.1
27,259.1,69.6,6.754,56.8,261.9
27,258.7,69.0,6.837,53.1,235.7
27,258.3,67.9,7.004,56.8,270.1
27,257.1,65.9,7.338,50.7,241.5
27,256.7,64.9,7.504,54.8,249.4
27,255.8,63.4,7.754,49.4,244.8
27,255.7,62.8,7.838,53.7,255.8
27,255.7,62.4,7.921,48.4,265.7
27,255.4,61.9,8.005,54.0,244.9
27,255.1,61.5,8.088,46.1,232.5
27,250.6,53.0,10.089,48.8,240.8
31,370.4,214.5,2.001,48.6,234.6
31,358.9,198.8,2.168,58.3,233.8
31,354.2,192.1,2.251,48.9,235.0
31,349.0,185.0,2.335,56.3,233.8
31,344.7,179.4,2.418,47.5,232.3
31,340.2,173.2,2.501,57.0,233.9
31,336.5,168.4,2.585,47.3,232.9
31,332.6,163.1,2.668,55.4,233.2
31,329.4,159.0,2.752,45.7,232.5
31,326.1,154.2,2.835,57.0,235.1
31,320.4,146.3,3.002,58.4,235.4
31,306.6,127.3,3.502,55.0,237.1
31,304.7,124.9,3.585,46.5,232.4
31,302.5,122.2,3.669,54.0,229.7
31,293.9,109.0,4.169,56.4,238.4
31,291.2,105.6,4.336,51.8,230.2
31,290.4,103.9,4.419,52.7,243.9
31,289.1,102.1,4.503,54.3,233.6
31,287.0,99.0,4.669,57.4,235.4
31,284.2,94.7,4.919,48.4,238.0
31,282.8,92.4,5.086,45.8,247.2
31,280.9,89.8,5.253,46.3,235.6
31,280.0,88.6,5.336,51.7,232.8
31,274.7,80.8,6.003,46.1,225.9
31,274.2,79.9,6.087,49.5,243.0
31,273.6,79.0,6.17,53.1,237.2
31,273.2,78.2,6.254,47.2,239.6
31,271.4,75.8,6.504,57.2,234.0
31,271.1,74.9,6.587,53.8,251.1
31,269.6,73.0,6.837,51.4,242.8
31,266.9,69.1,7.338,51.2,225.9
31,266.3,68.1,7.504,51.8,248.8
31,265.9,67.4,7.588,55.3,238.2
31,265.4,66.4,7.754,53.9,265.8
31,261.7,60.5,8.838,56.5,257.1
31,260.9,59.3,9.089,56.9,237.9
33,202.2,61.0,2.085,55.1,135.9
33,199.3,65.1,2.668,54.5,130.2
33,196.7,67.4,3.085,51.4,113.4
33,195.9,68.1,3.168,55.7,141.5
33,190.5,72.7,3.752,53.1,138.2
33,187.5,75.0,4.002,54.7,143.5
33,186.5,75.9,4.086,57.6,137.1
33,184.2,77.8,4.252,56.3,131.5
33,182.8,78.7,4.336,54.2,145.8
33,180.9,80.1,4.503,52.4,139.5
33,179.5,81.0,4.586,49.3,145.4
33,178.2,81.9,4.669,50.0,144.2
33,177.0,82.9,4.753,47.4,142.7
33,175.3,83.9,4.836,54.4,147.5
33,172.4,85.9,5.003,51.0,147.4
33,170.9,87.0,5.086,47.4,145.0
33,169.3,88.0,5.17,47.2,146.5
33,164.5,91.8,5.42,47.1,139.8
33,149.6,101.8,6.003,55.6,144.1
33,144.6,104.8,6.17,50.8,148.6
33,142.2,106.6,6.254,48.7,143.6
33,139.1,108.5,6.337,52.3,149.0
33,133.2,112.4,6.504,58.3,146.1
33,127.1,116.4,6.67,54.6,146.1
33,120.5,120.8,6.837,49.2,146.8
33,117.3,123.0,6.921,46.0,145.1
33,113.1,125.8,7.004,53.7,146.5
33,105.1,131.1,7.171,54.0,145.8
33,96.2,137.0,7.338,51.9,144.8
33,86.5,143.1,7.504,49.6,148.3
33,75.9,150.0,7.671,51.3,146.5
33,63.9,157.6,7.838,51.0,147.5
33,50.8,166.1,8.005,50.7,146.9
33,36.1,175.8,8.171,48.7,148.0
33,19.7,186.9,8.338,50.3,146.5
37,382.0,228.4,2.585,48.8,237.4
37,375.1,218.3,2.668,55.4,235.5
37,370.2,210.2,2.752,49.2,238.8
37,364.5,201.3,2.835,57.9,237.4
37,360.2,194.6,2.918,48.4,237.5
37,355.5,187.1,3.002,57.3,237.4
37,347.7,175.4,3.168,56.3,236.8
37,344.6,170.3,3.252,48.4,238.4
37,341.1,164.8,3.335,57.0,237.7
37,334.8,155.8,3.502,56.1,234.1
37,324.5,140.6,3.836,57.6,235.1
37,322.6,137.4,3.919,49.7,239.1
37,320.2,134.2,4.002,53.5,233.5
37,318.3,131.4,4.086,47.7,236.0
37,316.5,128.4,4.169,54.4,238.1
37,311.4,120.9,4.419,46.1,236.9
37,309.8,118.3,4.503,56.0,237.8
37,304.2,109.9,4.836,55.1,235.4
37,301.5,106.3,5.003,52.7,231.1
37,300.3,104.6,5.086,49.7,236.7
37,299.1,102.8,5.17,57.1,237.3
37,297.0,99.7,5.336,56.9,236.1
37,293.0,94.0,5.67,57.3,234.8
37,292.3,92.7,5.753,48.2,240.8
37,291.3,91.5,5.837,50.2,231.9
37,290.5,90.3,5.92,48.5,233.7
37,289.5,89.1,6.003,50.4,230.0
37,286.3,84.9,6.337,52.8,226.4
37,285.8,83.9,6.42,50.9,242.6
37,284.9,82.8,6.504,52.7,230.4
37,284.2,81.9,6.587,51.2,233.6
37,283.6,80.8,6.67,56.7,237.6
37,282.2,79.1,6.837,54.5,233.6
37,280.5,77.0,7.087,51.4,240.8
37,278.7,74.7,7.338,47.3,234.1
37,278.1,74.0,7.421,52.5,233.1
37,276.3,71.9,7.671,51.5,221.0
37,273.8,68.0,8.171,46.3,235.3
37,273.4,67.4,8.255,49.9,235.7
37,272.7,66.4,8.421,46.3,235.5
37,272.0,65.9,8.505,48.9,219.6
37,270.4,63.4,8.922,51.1,238.7
37,269.1,61.7,9.255,57.3,245.7
40,392.8,249.0,3.252,46.2,236.7
40,378.5,226.2,3.419,49.0,237.8
40,367.3,207.6,3.585,50.2,240.8
40,362.1,199.3,3.669,55.4,237.8
40,357.8,192.9,3.752,46.7,236.7
40,349.4,179.5,3.919,47.0,234.9
40,345.4,173.2,4.002,58.0,237.3
40,342.3,168.5,4.086,46.1,236.5
40,330.7,150.4,4.419,46.5,238.4
40,327.7,146.2,4.503,55.7,234.6
40,325.6,142.9,4.586,47.5,237.6
40,323.2,139.4,4.669,52.7,235.6
40,321.2,136.4,4.753,46.4,235.2
40,319.1,133.0,4.836,58.0,239.0
40,315.0,127.5,5.003,57.1,233.0
40,311.9,122.3,5.17,57.1,241.5
40,307.5,115.9,5.42,55.7,243.1
40,305.8,113.5,5.503,58.1,235.0
40,304.4,111.6,5.587,46.4,233.7
40,302.9,109.5,5.67,55.3,234.7
40,301.8,107.7,5.753,48.6,237.0
40,300.3,105.8,5.837,53.5,232.7
40,299.4,104.2,5.92,47.4,240.8
40,298.0,102.5,6.003,53.9,230.3
40,293.6,96.4,6.337,54.2,231.1
40,291.5,93.9,6.504,51.0,231.4
40,288.1,88.9,6.837,51.5,233.3
40,287.5,87.8,6.921,49.0,239.4
40,284.8,84.9,7.171,47.2,228.5
40,284.3,83.9,7.254,47.1,241.7
40,283.3,82.9,7.338,53.3,226.5
40,282.7,81.9,7.421,50.9,237.5
40,282.0,80.9,7.504,56.4,238.0
40,281.4,80.0,7.588,51.2,236.3
40,280.7,79.1,7.671,50.8,230.1
40,278.3,76.0,8.005,46.7,229.5
40,277.8,75.3,8.088,46.5,234.6
40,276.7,74.0,8.255,53.3,235.2
40,274.6,71.3,8.588,55.5,243.5
40,274.1,70.5,8.672,57.2,236.4
40,271.6,67.0,9.172,47.0,229.1
40,270.5,66.0,9.339,56.5,223.5
40,269.9,65.0,9.505,47.2,239.2
41,302.1,115.5,3.168,53.2,243.4
41,301.1,113.4,3.252,49.6,243.9
41,298.7,109.1,3.419,49.7,240.2
41,297.6,107.1,3.502,53.9,240.1
41,297.1,105.3,3.585,51.6,255.1
41,296.0,103.5,3.669,54.0,238.4
41,295.1,102.0,3.752,45.9,239.6
41,287.5,88.2,4.586,46.0,236.0
41,286.5,86.9,4.669,54.9,232.2
41,285.5,84.9,4.836,55.0,244.5
41,282.9,81.0,5.17,47.1,231.3
41,282.4,80.0,5.253,54.3,240.8
41,281.9,79.0,5.336,56.7,240.6
41,281.3,78.2,5.42,47.8,237.9
41,277.6,72.9,6.003,54.3,238.6
41,275.8,70.2,6.337,51.9,229.7
41,273.8,67.2,6.754,46.1,239.6
41,273.3,66.6,6.837,53.1,230.0
41,271.8,64.1,7.171,58.3,238.1
41,269.9,62.0,7.588,50.4,233.7
44,314.1,188.0,4.002,55.0,245.0
44,310.9,181.3,4.086,55.4,244.6
44,304.8,168.9,4.252,49.8,243.6
44,299.6,158.4,4.419,49.5,243.8
44,295.4,149.3,4.586,48.5,244.1
44,291.8,141.2,4.753,50.7,244.8
44,288.6,134.3,4.919,49.7,245.8
44,285.6,127.6,5.086,53.2,244.5
44,284.1,124.6,5.17,57.7,243.5
44,281.8,118.6,5.336,55.7,243.8
44,279.7,116.5,5.42,47.3,224.2
44,278.5,111.8,5.587,46.7,253.6
44,277.5,109.7,5.67,55.9,243.6
44,276.8,107.6,5.753,56.3,251.6
44,276.0,105.6,5.837,58.0,248.6
44,275.2,103.9,5.92,48.3,244.5
44,271.5,95.5,6.337,52.9,248.3
44,271.1,94.1,6.42,52.5,254.6
44,270.3,92.9,6.504,48.4,238.3
44,269.7,91.5,6.587,54.5,244.0
44,268.4,88.8,6.754,48.0,241.0
44,266.7,84.0,7.087,48.8,252.3
44,266.1,82.8,7.171,56.6,240.0
44,265.7,81.8,7.254,51.9,250.6
44,265.2,80.9,7.338,51.5,240.7
44,264.8,79.9,7.421,52.8,246.9
44,264.2,79.0,7.504,55.3,238.2
44,263.7,78.1,7.588,53.4,243.7
44,261.5,74.0,8.005,54.9,236.5
44,261.0,72.4,8.171,57.1,249.2
44,260.5,71.7,8.255,53.8,237.5
44,260.1,70.9,8.338,53.2,242.3
44,258.9,68.3,8.672,51.1,232.5
44,257.8,66.2,9.005,47.4,241.9
44,256.3,62.9,9.505,50.7,243.6
44,256.0,62.5,9.589,48.1,237.9
44,255.8,61.6,9.756,54.6,259.0
44,254.4,58.0,10.423,54.6,255.5
44,253.9,57.4,10.589,54.2,260.1
45,391.3,241.4,4.336,55.5,231.9
45,383.8,231.6,4.419,47.5,232.7
45,375.9,220.7,4.503,58.4,234.0
45,369.8,212.5,4.586,48.2,233.3
45,358.3,196.6,4.753,47.1,234.3
45,352.6,189.0,4.836,57.1,233.3
45,348.3,183.4,4.919,46.2,232.8
45,343.4,177.1,5.003,54.5,231.5
45,339.8,172.2,5.086,46.1,234.6
45,335.4,166.5,5.17,57.0,232.0
45,332.4,162.0,5.253,48.3,236.1
45,328.7,157.4,5.336,52.6,231.7
45,326.1,153.3,5.42,49.3,237.3
45,322.6,149.2,5.503,52.4,229.6
45,320.3,145.8,5.587,46.0,235.5
45,315.1,138.4,5.753,47.1,235.4
45,312.5,135.3,5.837,50.4,230.4
45,310.4,132.2,5.92,51.3,234.7
45,307.9,129.2,6.003,55.0,231.2
45,306.2,126.6,6.087,47.1,236.4
45,302.3,121.3,6.254,46.2,232.6
45,300.3,118.7,6.337,56.6,233.0
45,296.9,114.5,6.504,51.2,229.6
45,295.3,112.5,6.587,49.9,231.3
45,293.7,110.2,6.67,57.1,235.6
45,292.5,108.5,6.754,47.0,234.0
45,291.3,106.5,6.837,54.5,239.6
45,290.3,104.6,6.921,56.3,242.5
45,286.6,99.5,7.171,57.2,237.4
45,284.7,96.8,7.338,52.4,236.6
45,282.8,94.0,7.504,57.9,240.7
45,281.9,92.7,7.588,48.4,235.7
45,280.9,91.4,7.671,53.9,233.4
45,279.4,88.8,7.838,50.8,234.5
45,278.7,87.7,7.921,49.6,236.8
45,275.6,83.0,8.255,53.1,233.9
45,272.1,78.0,8.755,52.8,239.9
45,269.2,73.7,9.172,55.4,231.6
45,268.9,73.0,9.255,46.7,247.9
45,267.6,70.8,9.505,54.0,248.0
45,267.2,70.1,9.589,57.9,239.9
47,208.6,61.6,4.919,48.4,129.8
47,205.5,65.9,5.67,51.7,121.8
47,204.5,67.7,5.92,57.2,126.8
47,203.8,68.7,6.087,49.2,118.5
47,201.2,72.7,6.67,51.8,128.7
47,200.4,74.0,6.837,48.4,120.5
47,200.0,74.8,6.921,50.5,114.1
47,199.0,76.5,7.087,49.1,128.7
47,198.6,77.3,7.171,47.0,115.4
47,197.5,78.9,7.338,53.2,123.0
47,197.3,79.8,7.421,47.8,107.5
47,196.5,80.7,7.504,53.1,126.8
47,194.2,84.3,7.838,52.8,125.2
47,192.3,87.2,8.088,46.2,120.9
47,190.2,90.9,8.338,45.8,125.5
47,189.4,92.0,8.421,46.6,121.5
47,188.7,93.4,8.505,51.7,118.0
47,188.1,94.6,8.588,46.9,117.2
47,185.5,98.6,8.838,56.6,113.7
47,184.6,100.0,8.922,47.7,122.1
47,183.7,101.6,9.005,50.9,120.2
47,181.9,104.7,9.172,53.4,116.9
47,181.1,106.4,9.255,48.2,116.0
47,179.9,108.3,9.339,50.9,122.8
47,177.7,112.2,9.505,58.0,116.9
47,176.6,114.2,9.589,47.2,120.6
47,175.4,116.6,9.672,55.4,115.5
47,173.1,121.3,9.839,56.4,114.4
47,167.2,131.5,10.172,52.0,121.5
47,165.5,134.3,10.256,47.1,121.1
47,163.8,137.6,10.339,53.2,117.2
47,159.9,144.6,10.506,58.0,120.2
47,158.1,148.1,10.589,47.1,116.6
47,155.8,152.2,10.673,52.0,119.7
47,150.8,160.8,10.84,54.6,119.5
47,145.6,170.4,11.006,53.8,117.6
47,142.9,175.5,11.09,47.5,117.5
47,139.2,181.8,11.173,54.4,120.4
47,136.2,187.5,11.256,46.3,118.2
47,132.0,194.7,11.34,54.1,120.0
47,123.7,209.6,11.507,54.8,118.7
47,114.5,227.6,11.673,56.0,116.4
47,103.2,248.7,11.84,54.3,118.0
48,378.7,253.5,5.336,47.4,235.6
48,371.3,242.4,5.42,49.1,236.6
48,358.2,220.9,5.587,47.8,238.9
48,347.1,203.3,5.753,46.9,238.2
48,338.1,188.9,5.92,46.1,236.3
48,333.8,181.8,6.003,58.3,238.9
48,330.2,176.5,6.087,46.6,236.0
48,326.2,170.4,6.17,58.0,236.8
48,323.4,165.8,6.254,46.9,239.1
48,320.3,160.4,6.337,58.2,239.6
48,317.5,156.4,6.42,46.4,235.9
48,312.1,148.0,6.587,47.8,234.9
48,307.6,140.3,6.754,48.2,241.1
48,305.0,136.6,6.837,57.6,235.1
48,299.2,127.6,7.087,50.6,233.4
48,297.3,124.7,7.171,56.6,237.2
48,295.7,122.2,7.254,50.3,236.8
48,293.8,119.4,7.338,58.1,235.7
48,292.3,117.2,7.421,49.3,235.5
48,289.2,112.4,7.588,52.9,237.3
48,282.4,102.6,8.005,54.7,233.8
48,281.5,100.9,8.088,54.2,241.1
48,279.3,97.5,8.255,45.8,240.4
48,276.9,94.5,8.421,47.6,233.9
48,275.0,91.7,8.588,47.7,233.1
48,274.0,90.3,8.672,57.5,235.2
48,273.3,89.0,8.755,55.8,240.1
48,272.1,87.6,8.838,58.2,228.9
48,271.3,86.6,8.922,47.7,232.5
48,267.3,80.9,9.339,49.0,238.4
48,266.6,79.9,9.422,56.5,232.4
48,265.6,78.8,9.505,58.1,228.1
48,265.2,78.0,9.589,52.2,240.9
48,264.4,77.0,9.672,56.3,229.5
48,263.9,76.3,9.756,46.6,239.4
48,263.3,75.5,9.839,51.4,233.2
48,260.8,71.3,10.256,46.3,232.2
48,259.9,69.8,10.423,52.8,238.7
48,256.5,64.0,11.173,54.9,241.5
48,254.2,60.2,11.84,55.3,245.2
50,209.4,62.9,6.504,50.8,123.6
50,208.8,64.1,6.754,46.4,107.2
50,208.1,66.0,7.004,58.0,133.5
50,207.5,66.9,7.171,49.0,117.8
50,207.1,68.9,7.421,54.0,102.4
50,206.5,71.7,7.754,56.0,107.4
50,204.8,75.8,8.171,57.6,109.2
50,204.8,76.7,8.255,57.9,88.7
50,203.9,78.6,8.421,50.7,122.6
50,203.3,80.7,8.588,50.0,110.1
50,202.9,81.7,8.672,52.1,112.9
50,202.6,82.7,8.755,55.6,104.6
50,201.8,84.9,8.922,49.2,109.7
50,201.4,86.1,9.005,54.2,109.6
50,199.8,89.8,9.255,50.9,117.2
50,199.3,91.2,9.339,55.9,111.7
50,198.9,92.6,9.422,54.0,105.4
50,198.2,94.0,9.505,53.1,115.5
50,196.5,98.9,9.756,50.8,114.8
50,195.7,100.7,9.839,58.4,112.3
50,195.4,102.2,9.922,47.6,103.3
50,192.4,110.1,10.256,51.8,101.4
50,190.6,114.7,10.423,50.6,110.8
50,188.5,119.7,10.589,50.9,110.9
50,186.3,125.4,10.756,54.6,109.0
50,183.8,131.6,10.923,49.3,112.9
50,181.3,138.4,11.09,49.5,109.9
50,178.2,146.4,11.256,51.1,109.7
50,174.7,155.2,11.423,51.3,112.1
50,170.7,165.3,11.59,50.3,111.3
50,166.2,177.0,11.757,50.6,110.2
50,161.1,190.6,11.924,50.1,109.9
50,155.0,207.2,12.09,51.1,110.8
50,147.4,226.8,12.257,50.8,111.3
50,138.6,250.9,12.424,51.4,109.6
50,132.8,265.0,12.507,55.7,112.4
51,371.2,238.7,6.337,57.0,237.5
51,365.4,229.0,6.42,48.2,238.9
51,354.2,210.6,6.587,46.6,238.4
51,348.6,202.0,6.67,55.8,237.2
51,344.5,195.2,6.754,47.8,238.8
51,340.1,188.0,6.837,55.2,238.6
51,336.7,182.2,6.921,47.9,239.2
51,332.7,175.9,7.004,55.5,238.0
51,329.8,171.0,7.087,46.1,239.1
51,326.4,165.4,7.171,57.2,238.6
51,320.6,156.6,7.338,55.0,236.1
51,315.4,148.6,7.504,56.8,237.0
51,310.8,141.3,7.671,58.3,236.8
51,308.8,138.2,7.754,47.2,238.0
51,306.7,134.7,7.838,57.3,238.6
51,299.9,123.5,8.171,57.6,239.1
51,298.4,121.3,8.255,46.6,236.2
51,297.1,118.8,8.338,54.2,242.6
51,294.2,114.4,8.505,55.1,237.2
51,293.0,112.6,8.588,45.8,237.2
51,291.7,110.5,8.672,52.5,238.5
51,290.7,108.7,8.755,48.8,239.8
51,289.3,106.7,8.838,55.1,235.5
51,287.3,103.4,9.005,53.8,239.7
51,286.3,101.7,9.089,55.2,241.1
51,285.3,99.9,9.172,56.4,239.3
51,284.3,98.5,9.255,48.2,235.0
51,283.3,96.9,9.339,55.6,238.8
51,282.7,95.6,9.422,46.7,242.9
51,280.9,92.8,9.589,46.8,233.1
51,280.0,91.6,9.672,47.3,232.9
51,276.7,85.9,10.089,45.8,235.7
51,276.2,84.9,10.172,47.9,240.1
51,275.5,83.9,10.256,52.5,239.6
51,274.7,82.9,10.339,51.5,230.9
51,274.2,81.9,10.423,49.4,241.8
51,273.6,80.9,10.506,52.6,236.2
51,273.1,79.9,10.589,58.3,248.2
51,272.0,78.1,10.756,48.4,233.3
51,271.4,77.2,10.84,51.9,233.9
51,270.4,75.9,11.006,53.4,235.1
51,270.1,75.0,11.09,52.7,248.3
51,268.3,72.1,11.423,50.9,232.9
51,265.8,68.0,11.924,53.9,241.2
51,265.4,66.9,12.09,46.9,248.7
54,325.7,213.1,7.838,51.8,244.5
54,322.0,205.2,7.921,49.4,244.7
54,314.5,188.9,8.088,53.0,244.8
54,308.2,175.4,8.255,52.1,245.3
54,303.0,163.9,8.421,50.7,245.8
54,298.2,154.0,8.588,50.6,244.0
54,294.3,145.4,8.755,48.8,243.1
54,290.8,137.7,8.922,52.4,245.6
54,287.7,131.1,9.089,50.1,245.8
54,285.2,124.9,9.255,54.5,248.8
54,280.5,114.5,9.589,50.1,254.9
54,276.6,106.2,9.922,46.5,248.2
54,275.2,102.5,10.089,47.7,248.0
54,273.6,98.9,10.256,57.9,250.8
54,272.0,95.6,10.423,50.0,239.9
54,271.3,94.3,10.506,46.4,241.5
54,271.0,92.8,10.589,57.9,256.3
54,270.3,91.6,10.673,50.3,242.6
54,269.5,90.3,10.756,51.9,236.1
54,268.5,87.7,10.923,52.1,248.9
54,267.9,86.6,11.006,51.4,243.1
54,267.4,85.6,11.09,47.4,241.5
54,264.6,79.3,11.59,46.6,250.6
54,259.6,69.0,12.674,57.4,236.1
54,258.9,68.0,12.841,51.8,235.8
54,258.5,67.3,12.924,55.3,240.8
54,257.8,65.4,13.174,58.3,244.2
54,254.0,58.3,14.425,58.4,246.2
54,253.0,56.2,14.925,51.2,241.4
56,207.9,62.7,7.504,58.2,105.3
56,206.8,64.2,7.754,57.8,121.9
56,205.5,65.7,8.005,52.7,129.2
56,204.6,67.3,8.255,48.3,118.2
56,204.3,68.0,8.338,52.3,118.4
56,201.2,72.8,8.922,55.3,122.6
56,199.8,75.0,9.172,52.2,112.6
56,198.9,76.9,9.339,56.8,116.0
56,198.4,77.8,9.422,53.4,116.5
56,197.8,78.6,9.505,47.3,127.1
56,195.2,83.6,9.922,48.9,114.2
56,192.6,88.1,10.256,52.3,117.7
56,189.2,93.2,10.589,49.8,127.5
56,187.7,96.1,10.756,47.2,113.9
56,185.8,99.6,10.923,57.9,116.8
56,183.7,103.3,11.09,51.6,119.5
56,182.6,105.2,11.173,56.3,121.4
56,181.6,106.9,11.256,48.7,118.0
56,179.2,111.1,11.423,46.1,123.0
56,176.6,115.8,11.59,51.7,117.7
56,173.7,121.2,11.757,54.1,118.4
56,167.3,133.6,12.09,56.5,114.4
56,163.3,140.7,12.257,50.6,119.4
56,159.3,149.1,12.424,55.0,112.0
56,154.4,158.3,12.591,50.6,116.2
56,148.9,168.9,12.757,52.5,116.9
56,143.1,181.5,12.924,52.5,115.0
56,136.0,196.0,13.091,50.9,115.7
56,127.8,213.5,13.258,51.4,115.3
56,118.2,234.7,13.424,52.7,113.4
56,106.8,260.7,13.591,50.9,113.8
57,371.4,240.8,7.338,53.9,236.2
57,365.3,230.7,7.421,49.5,238.9
57,358.9,220.5,7.504,54.9,238.0
57,353.9,212.3,7.588,48.3,238.6
57,348.4,203.6,7.671,55.5,237.9
57,344.1,196.8,7.754,47.3,237.8
57,339.9,189.2,7.838,56.8,240.6
57,332.5,177.2,8.005,55.8,238.8
57,329.6,172.2,8.088,46.6,239.7
57,326.1,166.9,8.171,53.8,236.8
57,320.5,157.8,8.338,54.2,237.4
57,318.1,154.0,8.421,45.7,238.4
57,315.4,149.7,8.505,54.9,237.6
57,313.4,146.2,8.588,46.4,240.0
57,311.1,142.4,8.672,54.6,239.3
57,307.0,136.0,8.838,55.1,240.2
57,303.6,130.1,9.005,56.1,238.1
57,300.5,124.9,9.172,53.5,239.8
57,299.3,122.6,9.255,46.7,244.1
57,295.2,115.2,9.505,54.1,241.0
57,292.8,111.3,9.672,51.4,235.4
57,290.8,107.7,9.839,53.6,243.5
57,289.9,106.0,9.922,47.7,241.5
57,288.9,104.4,10.006,47.9,238.2
57,288.0,102.8,10.089,48.4,240.1
57,287.0,101.1,10.172,53.7,240.5
57,286.3,99.6,10.256,47.8,244.5
57,285.4,98.1,10.339,52.2,240.1
57,284.6,96.7,10.423,49.2,241.0
57,283.0,94.2,10.589,48.9,242.5
57,282.2,92.7,10.673,56.9,241.0
57,280.8,90.3,10.84,56.8,237.1
57,279.5,88.2,11.006,57.3,244.3
57,278.9,87.0,11.09,51.7,242.5
57,278.2,86.0,11.173,47.7,234.9
57,277.5,84.9,11.256,52.0,240.1
57,276.8,83.9,11.34,49.3,232.7
57,275.8,82.0,11.507,56.6,240.5
57,274.8,80.4,11.673,51.4,237.4
57,273.9,78.9,11.84,50.5,245.1
57,273.5,78.1,11.924,52.8,245.8
57,271.0,74.1,12.34,57.8,238.1
57,269.1,70.9,12.757,47.6,236.1
57,266.0,66.3,13.424,49.4,237.6
57,263.5,62.0,14.175,51.5,240.5
57,260.7,58.0,15.009,52.9,238.4
58,216.8,58.1,7.671,49.4,126.8
58,216.0,59.2,7.921,54.7,130.7
58,211.5,67.0,9.422,49.5,118.7
58,210.4,68.9,9.672,53.8,122.3
58,210.0,69.9,9.839,54.8,100.1
58,208.7,72.0,10.172,50.0,129.9
58,207.9,73.9,10.423,54.6,112.7
58,207.3,74.8,10.506,58.2,123.7
58,206.3,76.8,10.756,58.2,108.0
58,204.5,79.9,11.09,50.5,107.5
58,204.3,80.8,11.173,48.7,105.4
58,203.9,81.7,11.256,51.0,110.4
58,202.7,84.8,11.507,57.9,112.9
58,201.0,88.7,11.84,50.9,102.1
58,200.7,89.9,11.924,46.9,107.8
58,198.8,94.8,12.257,46.8,109.4
58,197.1,98.6,12.507,54.9,107.5
58,195.9,103.5,12.757,54.2,101.6
58,195.2,105.4,12.841,56.3,109.6
58,193.5,108.6,13.007,51.8,122.3
58,192.8,110.7,13.091,53.0,109.6
58,192.2,112.8,13.174,52.2,106.3
58,191.3,114.8,13.258,48.5,115.0
58,190.6,117.2,13.341,54.2,106.1
58,189.6,119.5,13.424,50.5,113.0
58,188.7,121.8,13.508,49.3,111.2
58,188.1,124.1,13.591,45.8,104.2
58,187.5,127.1,13.675,56.9,101.4
58,181.9,139.2,14.008,54.3,113.4
58,180.6,142.4,14.091,46.4,113.1
58,178.8,146.2,14.175,53.2,115.3
58,177.3,149.8,14.258,47.5,112.1
58,175.4,154.5,14.342,58.1,111.8
58,171.8,163.6,14.508,57.2,111.5
58,167.5,173.7,14.675,54.3,115.6
58,165.5,179.0,14.758,47.0,111.3
58,162.8,186.0,14.842,58.4,111.0
58,157.1,199.6,15.009,55.8,112.6
58,154.3,206.9,15.092,47.8,110.8
58,150.5,216.2,15.175,56.0,112.2
58,147.3,224.8,15.259,47.6,110.4
58,142.8,235.8,15.342,55.5,112.2
58,138.7,246.1,15.426,47.2,111.5
58,133.4,259.5,15.509,55.1,111.9
59,329.5,230.3,14.508,55.3,246.8
59,325.3,220.8,14.592,50.8,246.0
59,316.6,201.9,14.758,51.9,245.0
59,309.6,186.0,14.925,53.9,247.2
59,304.2,173.2,15.092,48.4,247.1
59,298.9,162.1,15.259,51.6,246.6
59,295.0,152.6,15.426,50.7,247.3
59,287.4,135.4,15.759,52.5,246.1
59,284.2,129.0,15.926,49.4,238.0
59,282.0,123.1,16.093,54.7,249.3
59,278.9,115.7,16.343,57.3,245.9
59,278.0,113.5,16.426,52.3,246.8
59,274.7,105.5,16.76,48.0,256.5
59,273.9,103.7,16.843,55.0,245.0
59,273.2,101.9,16.926,54.5,249.6
59,272.5,100.2,17.01,56.0,247.7
59,272.0,98.7,17.093,47.6,249.7
59,270.5,95.5,17.26,52.8,244.5
59,269.8,94.0,17.343,57.2,245.8
59,268.7,91.7,17.51,46.2,240.7
59,267.5,88.0,17.76,46.2,259.9
59,266.7,86.8,17.844,52.8,238.4
59,266.2,85.8,17.927,46.7,244.1
59,265.3,83.9,18.094,51.5,249.3
59,263.9,80.8,18.344,48.4,246.6
59,263.6,79.9,18.427,47.6,247.6
59,263.0,78.9,18.511,56.9,243.0
59,262.7,78.1,18.594,52.7,251.0
59,262.4,77.1,18.677,55.0,249.9
59,261.9,76.3,18.761,51.9,237.1
59,261.5,75.4,18.844,57.4,247.9
59,260.4,74.1,19.011,54.0,232.0
59,260.1,73.3,19.094,55.8,247.9
59,258.6,69.5,19.595,46.3,247.5
59,257.6,67.5,19.845,57.0,243.9
59,257.3,67.0,19.928,48.0,242.8
59,254.6,62.2,20.762,48.5,238.8
62,363.1,225.1,13.841,50.4,239.4
62,352.1,207.6,14.008,58.0,238.6
62,347.6,200.3,14.091,48.7,237.9
62,342.5,192.3,14.175,57.6,237.8
62,339.0,186.5,14.258,45.9,238.9
62,331.5,174.3,14.425,46.9,237.9
62,328.0,168.6,14.508,55.1,238.4
62,325.4,164.0,14.592,47.7,240.1
62,322.1,159.0,14.675,55.1,236.7
62,319.7,155.1,14.758,46.0,238.9
62,316.9,150.7,14.842,55.5,237.5
62,314.8,147.2,14.925,46.4,239.3
62,312.5,143.2,15.009,55.9,239.8
62,308.8,136.8,15.175,52.7,240.8
62,306.9,133.9,15.259,48.0,237.0
62,304.7,130.7,15.342,54.9,235.4
62,302.7,125.4,15.509,56.6,258.3
62,300.4,122.5,15.592,57.8,230.8
62,295.6,114.8,15.842,58.3,235.2
62,293.0,110.9,16.009,58.4,239.0
62,290.9,107.2,16.176,57.3,241.0
62,290.0,105.6,16.259,46.0,240.8
62,289.0,103.8,16.343,53.1,243.2
62,287.3,100.7,16.509,55.7,244.0
62,286.4,99.3,16.593,46.7,236.1
62,284.8,96.2,16.76,45.7,246.2
62,283.9,94.8,16.843,50.7,234.9
62,282.2,92.5,17.01,49.5,237.2
62,281.7,91.3,17.093,48.0,244.3
62,281.0,90.0,17.177,54.3,243.4
62,279.4,87.9,17.343,55.3,235.8
62,278.8,86.9,17.427,45.9,241.9
62,278.2,85.9,17.51,46.8,237.7
62,277.7,84.8,17.593,52.0,246.5
62,276.9,83.8,17.677,47.1,230.1
62,276.5,82.9,17.76,50.0,244.3
62,275.8,81.9,17.844,51.4,235.1
62,275.5,80.9,17.927,53.8,254.7
62,275.0,80.0,18.01,51.8,240.6
62,272.7,77.0,18.344,52.9,237.7
62,271.7,75.3,18.511,46.5,237.9
62,270.8,73.9,18.677,51.2,236.3
62,269.7,71.9,18.928,52.7,243.2
62,268.0,69.2,19.261,50.9,245.8
62,265.7,66.1,19.761,57.3,243.3
62,264.3,64.3,20.095,54.6,245.4
62,263.8,63.4,20.262,50.1,244.1
62,263.1,62.1,20.512,51.7,251.3
62,261.3,59.6,21.095,47.5,242.5
62,260.9,59.1,21.179,55.3,234.0
62,258.9,56.1,21.929,47.7,237.2
63,353.4,213.1,13.174,49.3,239.7
63,348.9,205.3,13.258,49.6,240.5
63,339.7,190.3,13.424,47.5,237.0
63,335.5,183.3,13.508,56.2,239.2
63,332.1,178.0,13.591,45.8,236.7
63,328.3,171.9,13.675,57.5,238.7
63,325.4,167.3,13.758,45.9,238.1
63,322.3,162.1,13.841,54.7,238.4
63,319.9,157.8,13.925,48.4,240.6
63,316.7,153.1,14.008,57.4,236.6
63,314.6,149.5,14.091,45.9,239.2
63,311.9,145.3,14.175,57.4,237.5
63,307.8,138.6,14.342,53.9,237.8
63,306.3,135.5,14.425,49.5,244.4
63,304.4,132.4,14.508,52.0,237.7
63,300.7,126.8,14.675,56.2,238.4
63,292.8,113.0,15.175,49.3,237.6
63,291.9,111.1,15.259,49.1,243.0
63,290.5,109.1,15.342,52.8,235.8
63,288.5,105.5,15.509,55.5,242.7
63,287.2,103.8,15.592,52.0,235.1
63,284.6,98.8,15.842,54.9,244.5
63,281.5,93.4,16.176,51.6,237.6
63,280.2,90.9,16.343,55.8,245.7
63,278.9,88.6,16.509,53.2,239.0
63,274.0,80.9,17.177,52.3,226.7
63,273.6,80.0,17.26,49.3,245.3
63,273.0,79.0,17.343,56.2,238.8
64,344.2,196.3,9.505,54.6,237.2
64,339.7,189.6,9.589,50.2,235.6
64,331.5,176.9,9.756,48.0,238.6
64,327.6,171.0,9.839,55.6,237.0
64,316.1,152.8,10.172,55.7,236.5
64,309.7,141.5,10.423,48.6,241.0
64,307.7,137.8,10.506,56.6,241.7
64,303.9,131.7,10.673,58.2,241.1
67,291.9,111.1,11.423,46.4,231.6
67,288.3,105.1,11.673,57.2,239.7
67,286.4,102.0,11.84,54.5,239.5
67,285.7,100.5,11.924,49.1,245.2
67,282.2,94.4,12.257,47.4,239.4
67,281.3,92.9,12.34,56.5,237.7
67,277.9,86.9,12.757,50.4,240.5
67,277.1,85.8,12.841,51.3,234.4
67,276.5,84.8,12.924,51.9,242.0
67,275.9,83.8,13.007,47.7,236.3
67,275.2,82.8,13.091,50.0,235.3
67,274.5,81.9,13.174,50.7,237.2
67,274.0,80.9,13.258,54.0,240.4
67,273.4,79.9,13.341,53.0,237.8
67,271.3,76.9,13.675,49.2,235.8
67,270.4,75.0,13.841,56.1,238.9
67,269.6,73.9,14.008,51.0,241.7
67,266.1,68.0,14.758,46.5,244.7
67,265.4,66.9,14.925,54.8,246.1
67,264.9,66.3,15.009,56.6,233.9
67,260.1,59.1,16.343,46.4,237.1
67,258.1,57.0,16.76,48.5,231.3
71,346.8,196.8,12.34,51.5,239.3
71,342.6,190.1,12.424,50.8,238.3
71,338.1,183.2,12.507,55.8,236.5
71,334.7,177.8,12.591,46.7,237.7
71,330.6,171.8,12.674,55.5,235.5
71,327.6,167.2,12.757,46.0,237.7
71,324.4,162.1,12.841,54.5,237.3
71,318.4,153.7,13.007,53.9,234.6
71,316.1,149.8,13.091,50.0,238.8
71,313.5,145.8,13.174,54.6,237.8
71,311.5,142.5,13.258,46.5,238.0
71,309.0,138.9,13.341,54.3,235.5
71,307.1,136.0,13.424,45.9,236.5
71,305.0,132.7,13.508,55.6,237.7
71,301.6,127.5,13.675,52.5,237.0
71,295.3,117.6,14.008,53.2,237.8
71,292.8,113.7,14.175,49.4,238.0
71,290.4,109.7,14.342,56.0,239.9
71,289.2,107.8,14.425,51.5,239.1
71,288.2,106.0,14.508,52.0,239.9
71,286.3,102.8,14.675,55.6,236.7
71,284.4,100.0,14.842,51.1,238.1
71,281.3,94.3,15.175,51.1,241.7
71,280.6,93.1,15.259,47.4,241.1
71,279.9,91.8,15.342,50.3,238.4
71,278.5,89.2,15.509,53.8,243.0
71,277.9,87.9,15.592,57.6,243.3
71,276.6,85.8,15.759,49.0,238.0
71,276.1,84.8,15.842,47.1,245.4
71,275.0,82.9,16.009,53.2,237.1
71,274.5,82.0,16.093,49.9,244.3
71,274.0,80.9,16.176,55.6,242.5
71,273.1,79.4,16.343,54.0,238.6
71,271.7,77.0,16.593,58.0,248.3
71,271.2,76.2,16.676,48.2,235.4
71,270.2,75.0,16.843,47.7,230.6
71,267.7,71.0,17.343,51.8,228.8
71,266.5,69.1,17.593,51.5,239.4
71,266.0,68.1,17.76,50.6,252.9
71,263.9,64.5,18.344,46.1,238.5
79,333.3,237.3,18.01,56.0,244.7
79,328.8,227.6,18.094,48.8,245.1
79,320.0,208.2,18.26,49.0,244.6
79,312.9,191.7,18.427,50.9,246.1
79,306.7,178.5,18.594,49.8,244.6
79,304.3,172.4,18.677,55.9,248.4
79,301.8,167.4,18.761,49.6,243.0
79,294.0,149.2,19.094,46.4,249.1
79,290.6,141.2,19.261,51.8,250.2
79,288.8,137.6,19.344,54.6,243.2
79,287.4,134.4,19.428,51.3,246.6
79,286.2,131.3,19.511,54.1,248.1
79,285.1,128.5,19.595,49.1,247.8
79,283.9,125.5,19.678,57.0,249.1
79,279.3,115.3,20.011,47.9,244.7
79,278.4,113.3,20.095,47.5,244.9
79,275.8,107.3,20.345,56.0,244.1
79,275.0,105.6,20.428,49.3,246.2
79,274.1,103.7,20.512,53.3,243.3
79,273.3,102.0,20.595,52.9,245.2
79,272.5,100.3,20.679,54.3,245.6
79,272.2,98.8,20.762,50.8,255.6
79,270.9,96.0,20.929,52.8,252.4
79,270.2,94.5,21.012,55.0,245.1
79,269.8,93.3,21.095,48.1,252.5
79,269.1,91.8,21.179,55.9,244.3
79,268.6,90.6,21.262,49.1,245.8
79,268.0,89.4,21.346,50.9,242.2
79,267.5,88.4,21.429,46.6,245.1
79,266.4,86.1,21.596,45.8,240.2
79,266.1,84.9,21.679,56.6,252.5
79,265.1,83.0,21.846,50.4,246.4
79,264.2,80.9,22.013,48.5,253.2
79,263.9,80.0,22.096,47.2,250.0
79,263.4,79.1,22.179,53.2,243.7
79,259.8,71.4,23.013,56.8,244.7
81,354.6,211.0,14.842,48.2,236.5
81,349.8,203.4,14.925,49.4,238.1
81,336.5,182.3,15.175,54.1,237.0
81,333.4,177.0,15.259,46.6,239.7
81,329.8,170.9,15.342,57.1,239.9
81,327.2,166.2,15.426,47.7,241.0
81,324.1,161.0,15.509,56.4,239.3
81,320.9,155.9,15.592,58.1,237.5
81,313.4,143.6,15.842,57.3,241.5
81,311.4,140.3,15.926,48.7,238.6
81,309.3,136.9,16.009,52.3,238.5
81,306.6,131.1,16.176,53.5,242.3
81,305.0,128.4,16.259,48.3,238.7
81,303.6,125.4,16.343,56.9,244.9
81,298.2,115.5,16.676,48.3,237.1
81,296.0,111.5,16.843,54.2,241.4
81,295.1,109.7,16.926,47.8,243.8
81,294.2,107.7,17.01,53.4,246.4
81,292.1,104.4,17.177,52.1,239.4
81,291.3,102.7,17.26,52.2,244.3
81,288.9,97.9,17.51,56.3,243.6
81,286.8,93.7,17.76,50.5,250.8
81,284.1,88.7,18.094,50.2,241.4
81,283.5,87.6,18.177,49.5,241.3
81,283.0,86.6,18.26,45.8,242.7
81,282.3,85.4,18.344,58.4,241.5
81,281.8,84.4,18.427,48.0,243.4
81,280.2,81.4,18.677,52.2,241.5
81,279.8,80.5,18.761,47.8,249.2
81,278.4,77.8,19.011,53.4,239.0
81,276.5,74.8,19.344,58.1,259.3
81,276.1,74.0,19.428,54.7,243.9
81,275.4,73.2,19.511,58.0,228.6
81,274.4,71.9,19.678,55.0,232.2
81,274.1,71.1,19.761,54.1,242.6
81,273.9,70.5,19.845,47.7,253.7
81,273.5,69.8,19.928,56.7,239.9
81,273.0,69.1,20.011,53.4,237.1
81,271.4,67.2,20.345,58.0,233.2
81,270.0,65.0,20.679,53.9,238.2
81,269.6,64.0,20.845,54.8,255.1
81,266.8,60.5,21.512,54.8,247.5
81,266.4,59.7,21.679,52.6,243.2
81,266.1,59.2,21.762,58.0,237.8
81,265.2,58.0,22.013,53.2,237.8
81,264.6,57.3,22.263,53.9,239.9
81,261.0,52.1,23.68,50.4,238.2
82,203.7,60.4,18.427,52.1,108.2
82,199.1,64.8,19.178,49.3,140.7
82,197.0,67.3,19.511,49.2,147.1
82,192.6,71.1,20.011,47.0,142.6
82,190.4,72.9,20.262,50.0,135.4
82,184.2,77.9,20.762,54.7,135.7
82,183.0,78.8,20.845,54.5,141.1
82,182.0,79.7,20.929,49.5,138.7
82,175.4,84.6,21.346,48.4,144.7
82,171.0,87.9,21.596,54.2,139.6
82,163.4,93.1,21.929,57.8,144.8
82,160.0,95.8,22.096,54.8,138.6
82,157.9,97.1,22.179,47.1,147.4
82,155.9,98.7,22.263,53.1,142.9
82,153.5,100.1,22.346,48.2,147.7
82,151.4,101.8,22.43,52.1,142.0
82,148.6,103.6,22.513,54.1,147.4
82,143.5,106.8,22.68,52.6,146.0
82,141.0,108.7,22.763,52.7,141.7
82,137.9,110.7,22.846,51.9,147.0
82,135.3,112.8,22.93,51.3,141.8
82,131.8,114.9,23.013,51.5,148.5
82,125.1,119.5,23.18,56.8,144.4
82,121.7,121.8,23.263,47.1,146.1
82,117.6,124.6,23.347,56.2,145.1
82,100.6,135.5,23.68,52.1,147.9
82,90.8,142.1,23.847,54.1,146.3
82,79.6,149.2,24.014,53.1,147.7
82,67.2,157.0,24.181,52.4,147.5
82,53.3,165.6,24.347,52.3,148.0
82,44.1,171.2,24.431,55.4,148.7
82,19.0,186.6,24.681,50.4,148.6
83,206.9,63.5,16.176,45.9,113.6
83,205.0,65.8,16.509,45.7,133.5
83,204.3,66.7,16.676,51.5,131.8
83,203.6,67.8,16.843,53.3,125.5
83,202.8,69.3,17.01,50.5,121.2
83,201.8,70.7,17.177,52.7,133.1
83,201.2,71.9,17.343,55.9,109.2
83,200.6,72.7,17.427,56.8,122.8
83,199.7,74.0,17.593,47.6,126.4
83,196.0,80.0,18.177,58.3,124.3
83,195.6,81.0,18.26,53.6,111.4
83,195.0,82.0,18.344,56.0,122.1
83,194.6,83.1,18.427,53.8,108.7
83,194.0,84.1,18.511,51.4,121.9
83,192.1,87.4,18.761,51.3,114.2
83,190.5,90.0,18.928,51.1,120.1
83,189.7,91.3,19.011,51.3,123.3
83,189.0,92.6,19.094,49.7,120.2
83,188.3,93.9,19.178,51.3,116.4
83,187.6,95.2,19.261,46.9,119.3
83,185.8,98.5,19.428,55.6,115.5
83,183.8,102.0,19.595,49.9,121.6
83,182.7,103.9,19.678,56.5,121.6
83,179.1,109.6,19.928,57.0,124.6
83,177.9,111.6,20.011,52.5,120.7
83,176.8,113.7,20.095,49.5,118.9
83,175.4,115.9,20.178,51.6,121.1
83,172.8,120.6,20.345,57.9,118.7
83,168.1,129.0,20.595,53.7,118.0
83,165.9,132.3,20.679,57.1,123.3
83,164.3,135.4,20.762,51.8,117.1
83,162.2,139.1,20.845,57.5,119.8
83,160.3,142.5,20.929,49.5,119.4
83,156.0,150.9,21.095,51.8,117.9
83,153.3,155.6,21.179,56.6,120.2
83,150.9,160.0,21.262,50.1,118.6
83,147.9,165.5,21.346,58.4,118.6
83,145.2,170.8,21.429,53.2,116.8
83,141.6,177.0,21.512,57.3,120.1
83,138.4,182.7,21.596,48.5,119.6
83,130.4,197.3,21.762,50.1,118.4
83,114.8,226.0,22.013,51.4,117.8
83,109.9,235.2,22.096,45.9,118.3
83,102.9,247.9,22.179,57.9,118.8
83,96.5,260.2,22.263,49.9,117.6
84,200.4,62.5,17.093,57.4,141.3
84,199.6,63.0,17.177,53.2,145.6
84,197.3,65.9,17.593,51.9,134.6
84,195.6,66.9,17.76,53.3,146.2
84,195.0,67.5,17.844,55.6,130.5
84,193.6,68.6,18.01,54.1,144.5
84,190.8,71.1,18.344,50.3,130.8
84,190.1,71.8,18.427,50.1,136.2
84,189.3,72.5,18.511,49.9,137.0
84,188.4,73.2,18.594,49.1,143.6
84,187.5,73.9,18.677,48.6,139.8
84,186.8,74.7,18.761,53.1,131.7
84,183.7,76.9,19.011,55.7,138.6
84,182.7,77.7,19.094,51.7,136.3
84,180.5,79.2,19.261,47.3,143.3
84,174.1,83.9,19.678,55.0,144.9
84,171.0,86.0,19.845,56.4,136.4
84,163.7,91.8,20.262,49.7,138.2
84,157.8,95.6,20.512,56.4,145.4
84,156.3,96.9,20.595,47.5,138.4
84,154.1,98.5,20.679,54.1,144.4
84,151.8,99.9,20.762,47.7,147.4
84,149.5,101.6,20.845,52.1,144.6
84,145.0,104.6,21.012,53.1,146.1
84,139.8,107.9,21.179,52.0,146.3
84,137.4,109.7,21.262,46.4,143.9
84,134.3,111.6,21.346,50.0,148.0
84,128.2,115.7,21.512,52.2,146.5
84,121.7,120.1,21.679,53.8,145.4
84,114.5,125.0,21.846,53.4,146.0
84,109.9,128.0,21.929,57.3,146.3
84,97.8,135.6,22.179,48.5,148.0
84,88.6,141.6,22.346,49.3,147.9
84,77.7,148.3,22.513,49.2,149.1
84,66.1,155.5,22.68,48.0,149.0
84,53.2,163.7,22.846,49.3,147.7
84,38.5,172.6,23.013,49.3,148.6
84,21.6,182.8,23.18,47.9,149.5
85,214.8,62.5,17.177,52.5,106.4
85,214.7,63.0,17.26,51.7,108.1
85,213.0,65.8,17.677,49.4,126.2
85,212.6,66.9,17.844,57.3,101.5
85,211.6,68.9,18.177,52.1,107.9
85,210.9,70.6,18.344,54.5,118.5
85,210.4,71.9,18.511,58.0,109.3
85,209.3,73.9,18.761,57.7,108.6
85,208.2,76.1,19.011,53.5,118.8
85,207.7,76.9,19.094,51.9,121.5
85,207.0,78.9,19.261,57.0,110.7
85,206.5,79.8,19.344,50.3,116.1
85,206.2,80.6,19.428,47.8,108.1
85,203.4,87.0,19.928,55.0,114.2
85,202.7,88.1,20.011,49.1,121.7
85,201.1,91.7,20.262,47.2,113.9
85,200.4,93.0,20.345,49.6,117.2
85,200.1,94.3,20.428,48.6,105.5
85,199.4,95.7,20.512,53.0,115.5
85,198.9,97.0,20.595,46.5,110.9
85,197.7,100.5,20.762,55.7,111.7
85,196.2,103.9,20.929,45.8,116.8
85,195.2,105.8,21.012,53.2,119.0
85,194.5,107.5,21.095,49.4,111.5
85,193.7,109.7,21.179,57.5,111.8
85,192.8,111.6,21.262,49.3,113.4
85,191.8,113.7,21.346,51.2,115.6
85,191.0,115.8,21.429,47.6,113.2
85,189.7,118.3,21.512,56.7,116.4
85,188.8,120.7,21.596,50.1,110.5
85,187.7,123.4,21.679,55.7,111.7
85,186.6,126.1,21.762,52.1,112.9
85,182.1,136.2,22.013,51.6,116.3
85,180.5,142.7,22.179,56.6,97.3
85,178.7,146.1,22.263,48.2,117.9
85,174.9,154.4,22.43,46.5,114.3
85,172.8,159.4,22.513,57.3,113.2
85,170.9,163.9,22.596,49.5,111.8
85,168.5,169.7,22.68,58.4,113.1
85,166.4,174.8,22.763,48.3,111.9
85,161.4,187.5,22.93,48.2,111.2
85,158.4,195.0,23.013,56.2,112.1
85,155.6,202.0,23.097,48.5,111.5
85,148.5,219.6,23.263,48.7,111.7
85,144.1,230.5,23.347,57.6,112.2
85,140.1,240.5,23.43,48.4,111.3
85,134.9,254.0,23.513,58.3,111.2
85,130.1,265.9,23.597,46.3,111.8
86,208.4,61.8,17.51,57.9,110.8
86,207.3,63.2,17.76,47.1,134.2
86,204.7,66.9,18.344,58.1,112.2
86,202.1,71.0,18.928,47.5,116.6
86,200.4,73.1,19.178,49.8,134.9
86,200.2,73.9,19.261,53.3,106.8
86,198.7,76.2,19.511,48.7,124.7
86,198.2,77.0,19.595,51.1,123.5
86,197.7,78.0,19.678,56.2,117.5
86,197.1,78.9,19.761,53.7,120.8
86,196.7,79.9,19.845,54.4,115.0
86,195.9,80.9,19.928,55.2,127.6
86,195.4,82.0,20.011,56.5,114.9
86,194.9,82.9,20.095,49.9,116.4
86,194.2,84.0,20.178,53.4,123.8
86,193.0,86.1,20.345,56.9,118.8
86,191.6,88.3,20.512,55.2,122.0
86,190.9,89.5,20.595,50.5,121.2
86,190.2,90.9,20.679,58.0,115.9
86,187.8,94.9,20.929,46.3,120.0
86,186.8,96.3,21.012,50.9,124.4
86,184.1,101.0,21.262,46.9,122.9
86,183.0,102.7,21.346,51.7,123.2
86,181.9,104.5,21.429,53.9,119.5
86,180.8,106.5,21.512,57.8,118.4
86,173.1,119.7,22.013,51.5,117.5
86,171.8,121.9,22.096,46.3,119.5
86,164.9,133.5,22.43,52.4,118.9
86,160.9,140.5,22.596,48.5,119.1
86,156.7,148.3,22.763,46.5,121.0
86,154.0,152.8,22.846,57.2,120.8
86,151.5,157.1,22.93,51.3,119.8
86,148.5,162.3,23.013,57.8,120.1
86,145.9,166.9,23.097,47.7,119.9
86,139.4,178.4,23.263,49.0,119.4
86,131.9,191.8,23.43,48.5,118.9
86,127.4,200.0,23.513,58.4,119.1
86,123.2,207.6,23.597,49.8,118.7
86,113.0,226.5,23.764,47.0,119.5
86,106.5,238.1,23.847,57.3,119.2
86,100.7,249.0,23.93,48.5,118.0
88,348.4,240.9,19.344,55.4,239.1
88,342.5,230.5,19.428,50.7,240.4
88,331.5,210.4,19.595,52.8,241.9
88,322.2,193.7,19.761,50.2,240.5
88,310.0,172.1,20.011,50.3,237.6
88,307.7,167.4,20.095,46.8,244.3
88,302.8,157.5,20.262,49.1,246.0
88,297.9,148.3,20.428,51.3,242.2
88,293.8,140.3,20.595,52.2,242.5
88,290.8,133.4,20.762,49.2,241.2
88,287.7,127.2,20.929,48.9,241.3
88,283.2,118.4,21.179,51.8,237.8
88,282.1,116.3,21.262,46.7,241.5
88,278.3,107.7,21.596,53.2,243.4
88,273.9,98.4,22.013,47.5,243.0
88,272.7,95.6,22.179,54.5,242.9
88,269.2,88.7,22.596,53.5,242.7
88,268.7,87.6,22.68,48.6,244.2
88,267.2,84.3,22.93,45.7,234.8
88,263.0,75.6,23.68,55.6,238.8
88,262.5,74.8,23.764,53.1,236.1
88,259.9,70.0,24.264,51.7,230.1
88,258.9,68.0,24.597,46.2,262.7
88,258.7,67.5,24.681,47.9,253.5
88,257.0,64.1,25.098,52.3,244.8
88,256.4,63.2,25.264,57.8,242.3
88,255.5,62.4,25.431,55.5,235.5
88,252.5,56.1,26.682,54.4,244.2
88,251.1,54.2,27.182,52.4,222.0
88,249.0,51.4,28.016,51.5,236.4
88,249.0,51.1,28.099,50.6,256.6
90,348.0,197.6,18.01,56.1,237.1
90,343.3,190.8,18.094,51.1,235.3
90,335.2,177.4,18.26,48.3,236.7
90,328.1,166.3,18.427,48.6,235.5
90,322.1,156.7,18.594,47.7,238.5
90,319.0,152.0,18.677,57.6,237.0
90,316.6,148.2,18.761,50.0,237.9
90,311.7,140.4,18.928,48.3,237.3
90,309.2,136.8,19.011,56.7,235.5
90,307.5,134.0,19.094,46.0,238.3
90,303.6,127.8,19.261,50.7,241.2
90,300.3,122.4,19.428,47.1,237.7
90,297.5,117.5,19.595,46.6,240.9
90,294.6,112.8,19.761,48.5,234.7
90,292.9,110.6,19.845,56.8,233.4
90,290.2,106.4,20.011,47.7,234.6
90,289.2,104.7,20.095,48.7,237.8
90,288.0,102.9,20.178,54.1,237.1
90,286.1,99.8,20.345,57.8,240.5
90,284.2,96.9,20.512,57.2,238.5
90,283.4,95.5,20.595,51.3,239.9
90,281.7,92.6,20.762,46.9,237.5
90,280.2,89.9,20.929,50.5,237.6
90,279.3,88.7,21.012,50.4,230.8
90,278.7,87.7,21.095,45.7,241.8
90,276.5,83.9,21.346,51.8,234.1
90,275.0,82.0,21.512,52.1,232.2
90,274.6,80.9,21.596,55.4,247.5
90,274.0,80.0,21.679,52.2,236.4
90,273.4,79.0,21.762,56.6,237.5
90,272.8,78.1,21.846,54.3,240.5
90,270.8,74.9,22.179,49.7,251.6
90,266.2,67.9,23.013,51.0,234.4
90,266.1,67.4,23.097,51.2,267.2
93,216.1,60.9,23.013,52.6,118.1
93,214.9,63.0,23.43,51.0,116.2
93,214.5,63.9,23.597,58.3,115.4
93,214.3,64.4,23.68,49.7,112.6
93,214.2,65.0,23.764,57.1,102.6
93,212.1,68.8,24.347,56.6,109.4
93,211.4,70.5,24.514,57.0,112.6
93,210.8,71.8,24.681,57.1,113.2
93,210.6,72.6,24.764,51.6,107.7
93,210.1,73.2,24.848,47.3,125.4
93,209.8,74.0,24.931,54.5,114.5
93,209.1,75.8,25.098,56.5,112.0
93,208.0,78.1,25.348,51.1,123.7
93,207.6,78.9,25.431,46.8,115.4
93,206.6,80.9,25.598,51.2,106.6
93,206.2,81.8,25.681,49.8,109.7
93,204.1,87.6,26.098,46.7,114.7
93,203.6,88.9,26.182,54.1,110.7
93,203.3,90.0,26.265,48.0,108.0
93,202.1,92.9,26.432,46.7,111.0
93,201.3,94.1,26.515,47.0,122.5
93,200.1,96.9,26.682,54.8,115.3
93,199.6,98.5,26.765,54.0,105.2
93,198.8,100.3,26.849,57.9,114.9
93,198.2,101.7,26.932,46.6,112.5
93,197.3,103.6,27.015,56.9,114.7
93,196.6,105.3,27.099,50.5,114.3
93,193.4,113.6,27.432,50.5,111.3
93,192.5,115.9,27.516,53.8,112.3
93,191.5,118.1,27.599,49.8,114.0
93,189.3,123.5,27.766,50.9,110.4
93,188.2,126.2,27.849,52.7,111.9
93,185.7,132.7,28.016,51.0,109.9
93,184.1,135.5,28.099,47.0,119.2
93,181.5,142.4,28.266,45.8,108.8
93,178.5,150.6,28.433,52.1,104.1
93,176.5,155.3,28.516,57.6,113.5
93,174.9,159.5,28.6,48.7,110.1
93,170.9,169.9,28.766,49.6,111.5
93,166.1,181.9,28.933,48.2,112.6
93,163.4,189.0,29.017,56.9,111.0
93,160.9,195.6,29.1,48.5,110.4
93,154.6,212.5,29.267,49.8,110.4
93,147.1,232.3,29.434,48.7,110.0
93,137.9,256.6,29.6,48.5,110.5
94,365.4,223.3,21.512,56.0,237.0
94,359.4,213.9,21.596,54.0,237.5
94,347.6,196.2,21.762,52.4,236.4
94,332.3,173.7,22.013,51.8,235.1
94,328.8,168.8,22.096,47.6,234.6
94,322.0,158.6,22.263,50.5,235.9
94,315.9,149.2,22.43,52.1,237.5
94,310.6,140.7,22.596,53.2,238.9
94,306.0,133.6,22.763,50.9,237.8
94,298.7,121.3,23.097,50.2,236.7
94,295.1,116.2,23.263,46.7,236.9
94,292.1,111.5,23.43,50.7,237.4
94,289.4,107.1,23.597,51.7,238.5
94,287.3,103.0,23.764,54.6,245.9
94,284.9,99.5,23.93,53.2,235.9
94,283.0,96.1,24.097,51.4,239.3
94,281.2,92.8,24.264,55.4,241.0
94,280.1,91.4,24.347,56.0,231.5
94,278.6,88.6,24.514,51.4,246.4
94,277.9,87.5,24.597,49.6,236.6
94,277.1,86.4,24.681,53.0,236.2
94,275.5,83.9,24.848,57.3,234.9
94,275.1,82.9,24.931,50.5,246.0
94,273.6,80.8,25.098,50.7,232.3
94,273.0,79.8,25.181,55.1,240.9
94,272.0,77.8,25.348,53.6,237.4
94,271.3,76.9,25.431,55.9,231.9
94,270.1,75.1,25.598,50.9,229.9
94,268.2,72.0,25.932,50.0,227.2
94,267.0,69.9,26.182,54.4,241.5
94,266.6,69.3,26.265,46.6,234.0
94,266.1,68.7,26.348,54.0,233.4
94,265.8,68.1,26.432,49.5,246.5
94,264.6,66.2,26.682,56.6,234.2
94,263.8,64.9,26.849,46.9,222.9
94,262.8,63.1,27.099,49.4,232.4
94,261.6,61.3,27.432,56.4,237.9
94,261.1,60.3,27.599,54.5,245.5
95,213.3,64.7,20.262,48.7,125.4
95,212.0,66.9,20.595,58.1,105.9
95,211.7,67.5,20.679,55.5,114.1
95,211.3,68.1,20.762,47.2,124.2
95,210.5,70.0,21.012,48.1,107.5
95,210.3,70.7,21.095,49.2,107.4
95,210.1,71.4,21.179,55.0,103.4
95,209.5,72.8,21.346,57.3,122.0
95,208.8,74.0,21.512,53.1,111.4
95,206.9,78.0,21.929,50.3,111.4
95,206.6,78.9,22.013,54.7,103.1
95,206.5,79.8,22.096,48.6,97.5
95,205.8,81.8,22.263,50.7,107.9
95,204.5,84.9,22.513,50.3,114.2
95,203.6,86.9,22.68,55.7,120.0
95,203.2,88.0,22.763,47.5,113.7
95,202.6,89.1,22.846,48.2,118.1
95,201.5,92.9,23.097,47.4,104.3
95,200.8,94.4,23.18,56.2,115.6
95,200.3,95.7,23.263,47.1,111.7
95,199.5,97.2,23.347,51.9,117.1
95,199.2,98.8,23.43,53.6,99.8
95,198.3,100.5,23.513,55.5,117.7
95,196.8,103.7,23.68,53.4,118.4
95,195.3,107.0,23.847,54.2,113.8
95,194.4,108.8,23.93,48.1,116.8
95,193.8,110.8,24.014,53.6,106.7
95,193.0,112.8,24.097,48.4,111.2
95,191.2,117.5,24.264,50.9,113.4
95,189.4,120.2,24.347,57.7,124.1
95,188.3,122.9,24.431,56.4,111.2
95,186.8,127.5,24.597,48.4,108.3
95,183.5,133.7,24.764,47.6,120.4
95,182.3,137.2,24.848,57.5,109.1
95,181.2,140.3,24.931,47.0,109.0
95,179.9,144.1,25.014,53.6,110.2
95,178.6,147.5,25.098,47.4,110.0
95,176.7,152.0,25.181,56.7,113.2
95,175.0,155.8,25.264,46.3,114.2
95,172.9,160.8,25.348,56.5,112.4
95,171.3,165.1,25.431,46.5,110.2
95,169.1,170.7,25.515,55.7,112.0
95,167.1,175.9,25.598,48.5,110.5
95,164.3,182.4,25.681,55.8,113.8
95,158.9,196.2,25.848,47.5,111.5
95,152.8,211.5,26.015,56.1,110.3
95,149.7,219.5,26.098,46.7,111.0
95,145.6,229.8,26.182,54.7,111.6
95,141.9,239.5,26.265,46.6,111.0
95,137.2,252.0,26.348,54.9,110.6
95,132.6,263.7,26.432,46.5,111.5
100,361.0,223.2,22.68,58.0,238.8
100,355.6,214.3,22.763,51.1,238.5
100,345.3,197.1,22.93,49.9,239.6
100,336.6,182.7,23.097,51.8,240.2
100,332.4,176.1,23.18,57.9,237.5
100,329.2,170.7,23.263,51.3,239.3
100,322.9,160.6,23.43,47.8,236.9
100,312.5,143.3,23.764,48.9,238.1
100,310.1,139.5,23.847,56.6,238.0
100,308.2,136.5,23.93,48.2,237.9
100,304.3,130.2,24.097,46.2,240.5
100,302.3,127.2,24.181,56.7,236.8
100,301.0,124.7,24.264,48.0,241.4
100,295.7,116.5,24.514,50.2,236.1
100,288.6,104.7,25.014,53.9,230.6
100,287.8,103.1,25.098,50.6,243.0
100,284.0,96.7,25.431,47.6,239.5
100,282.3,93.7,25.598,50.8,242.6
100,281.4,92.2,25.681,56.8,238.0
100,275.7,82.9,26.348,58.1,238.5
100,275.0,82.0,26.432,45.9,231.4
100,274.4,81.1,26.515,48.3,237.1
100,272.2,77.8,26.849,56.7,234.0
100,271.7,76.9,26.932,55.3,244.1
100,269.9,73.8,27.266,53.3,246.3
100,268.9,72.2,27.432,58.0,237.5
100,266.2,68.1,27.933,53.7,234.7
100,265.8,67.4,28.016,53.4,239.5
100,265.3,66.4,28.183,54.4,255.9
100,261.8,60.4,29.183,56.4,244.6
105,380.4,229.2,23.764,52.7,233.5
105,365.4,208.8,23.93,52.3,233.9
105,353.7,191.7,24.097,53.7,236.0
105,343.9,178.1,24.264,50.3,234.5
105,330.4,160.4,24.514,52.3,234.1
105,321.2,147.8,24.764,54.0,236.9
105,315.7,140.1,24.931,50.9,236.6
105,310.3,133.5,25.098,46.7,232.5
105,306.3,127.3,25.264,46.6,237.8
105,302.0,121.8,25.431,49.6,234.4
105,298.6,116.7,25.598,46.0,235.7
105,293.3,109.6,25.848,50.6,233.6
105,292.0,107.8,25.932,48.7,234.5
105,288.1,102.4,26.182,58.2,233.6
105,287.1,100.7,26.265,51.7,240.6
105,285.0,97.6,26.432,46.0,236.4
105,283.0,94.5,26.599,48.3,237.8
105,281.0,91.7,26.765,47.1,229.4
105,279.2,89.1,26.932,49.5,235.4
105,278.5,87.8,27.015,57.6,242.4
105,276.3,84.6,27.266,50.6,245.6
105,275.6,83.6,27.349,49.3,233.2
105,275.0,82.7,27.432,46.5,237.6
105,273.3,79.7,27.683,54.6,241.6
105,271.5,77.0,27.933,57.8,237.6
105,270.1,74.8,28.183,49.6,240.3
105,269.7,74.0,28.266,53.5,245.9
105,268.8,72.3,28.433,48.7,246.1
105,267.9,71.0,28.6,56.6,239.8
105,266.0,68.0,29.017,50.1,243.3
105,265.5,66.6,29.183,57.4,248.4
105,265.1,66.1,29.267,51.3,235.3
105,264.7,65.5,29.35,53.1,234.0
105,264.1,64.5,29.517,56.8,237.7
105,263.6,64.0,29.6,53.0,224.6
105,263.2,63.5,29.684,45.9,232.8
105,263.0,63.0,29.767,50.9,244.8
105,262.7,62.5,29.85,51.1,237.5
105,262.4,62.0,29.934,54.5,243.5
105,262.2,61.6,30.017,47.8,244.4
105,262.1,61.1,30.101,54.5,257.1
105,257.9,55.0,31.435,49.7,230.2
105,257.8,54.4,31.601,52.7,266.8
105,257.7,54.1,31.685,45.8,241.7
113,214.4,65.2,25.765,46.8,103.2
113,213.8,66.8,26.015,55.1,110.9
113,212.1,69.0,26.348,51.1,114.5
113,211.5,70.1,26.515,57.7,112.3
113,210.2,73.0,26.849,46.2,106.5
113,209.9,73.8,26.932,51.0,111.1
113,208.9,76.1,27.182,50.0,116.8
113,208.7,76.9,27.266,49.9,105.6
113,208.1,77.8,27.349,57.2,121.7
113,207.2,79.5,27.516,53.3,107.5
113,206.5,81.1,27.683,45.7,107.7
113,205.7,82.9,27.849,50.6,112.8
113,204.5,86.2,28.099,47.4,102.3
113,203.3,88.8,28.266,52.9,113.6
113,201.2,93.6,28.6,47.0,116.8
113,199.3,97.7,28.85,53.4,112.2
113,198.8,99.2,28.933,51.2,108.8
113,198.1,101.0,29.017,57.9,111.0
113,197.6,102.5,29.1,46.2,108.4
113,196.7,104.4,29.183,55.3,115.6
113,194.8,108.0,29.35,56.3,114.1
113,194.3,109.8,29.434,48.6,105.6
113,193.3,112.1,29.517,57.7,113.6
113,191.7,116.4,29.684,57.6,112.0
113,189.4,121.6,29.85,50.2,117.6
113,187.7,126.6,30.017,53.4,109.6
113,186.5,129.3,30.101,50.6,113.6
113,183.3,135.5,30.267,46.6,119.7
113,182.4,139.1,30.351,55.3,105.3
113,181.3,142.3,30.434,47.4,107.8
113,179.6,146.2,30.517,54.3,113.7
113,178.1,150.1,30.601,50.8,111.7
113,176.2,154.7,30.684,57.8,111.6
113,174.4,158.9,30.768,48.4,113.2
113,172.5,164.0,30.851,55.4,111.2
113,170.7,168.8,30.934,49.0,110.0
113,168.3,174.9,31.018,57.9,111.5
113,166.3,180.4,31.101,48.3,109.9
113,163.6,187.4,31.185,56.7,111.2
113,161.3,193.7,31.268,47.8,110.5
113,158.0,201.9,31.351,57.0,111.5
113,151.2,220.0,31.518,48.3,111.8
113,143.7,240.1,31.685,56.5,110.2
113,139.7,250.8,31.768,47.1,110.8
113,134.2,264.7,31.852,55.2,111.5
117,217.7,57.9,26.348,48.9,117.2
117,216.3,60.0,26.849,46.4,119.7
117,215.9,61.5,27.099,56.0,94.2
117,213.9,65.0,27.766,52.4,113.5
117,213.2,66.8,28.016,58.4,105.5
117,212.0,68.9,28.35,53.2,109.9
117,211.3,70.9,28.6,58.2,113.4
117,210.2,73.0,28.85,52.2,116.1
117,208.1,77.4,29.35,51.8,112.6
117,207.2,79.0,29.517,52.6,114.0
117,206.9,80.0,29.6,56.8,109.4
117,206.6,80.9,29.684,48.3,105.2
117,206.2,81.9,29.767,50.9,116.1
117,205.7,82.9,29.85,54.7,114.8
117,205.1,84.8,30.017,54.9,110.2
117,203.6,87.8,30.267,48.3,112.9
117,203.1,88.9,30.351,48.9,113.0
117,202.1,91.4,30.517,56.2,109.6
117,201.0,93.8,30.684,55.7,110.0
117,196.9,102.7,31.185,51.7,116.6
117,195.5,105.9,31.351,49.9,112.1
117,193.9,109.9,31.518,49.0,111.7
117,193.3,111.8,31.601,47.5,108.9
117,192.4,113.8,31.685,49.4,113.4
117,191.5,115.8,31.768,46.8,113.9
117,190.4,118.4,31.852,57.8,114.0
117,189.6,120.6,31.935,45.9,109.8
117,188.3,123.3,32.018,55.0,115.1
117,186.0,128.5,32.185,49.9,114.1
117,183.1,134.2,32.352,55.0,120.7
117,182.3,137.4,32.435,50.5,103.0
117,180.8,140.9,32.519,53.3,113.3
117,178.1,148.0,32.685,55.7,109.9
117,176.8,151.6,32.769,46.4,110.3
117,174.7,156.2,32.852,54.9,114.3
117,173.0,160.3,32.936,47.3,112.1
117,170.9,165.5,33.019,54.6,112.7
117,169.1,170.2,33.102,46.9,110.5
117,166.7,176.2,33.186,55.7,112.2
117,164.6,181.7,33.269,47.9,110.5
117,162.1,188.4,33.352,54.3,111.0
117,156.1,203.5,33.519,47.6,111.5
117,149.9,219.5,33.686,53.5,110.6
117,146.5,228.3,33.769,46.7,111.3
117,142.2,239.7,33.853,55.6,110.6
117,138.4,250.2,33.936,46.4,110.0
117,133.1,264.1,34.02,55.1,110.7
120,328.1,156.9,27.182,57.7,233.2
120,325.2,152.6,27.266,52.6,235.8
120,319.9,143.3,27.432,55.5,240.1
120,315.3,135.8,27.599,53.3,238.1
120,311.4,128.9,27.766,54.9,241.1
120,306.1,119.8,28.016,53.7,242.0
120,304.6,117.5,28.099,50.2,235.5
120,301.6,112.8,28.266,49.4,237.3
120,300.2,110.5,28.35,58.0,238.3
120,299.1,108.5,28.433,53.2,240.8
120,296.2,104.6,28.6,49.0,236.1
120,295.0,102.7,28.683,56.1,237.3
120,293.9,101.1,28.766,50.0,235.0
120,291.9,97.7,28.933,47.1,241.7
120,290.0,94.6,29.1,49.0,241.1
120,288.2,91.7,29.267,50.9,238.9
120,287.4,90.5,29.35,48.9,234.7
120,286.7,89.3,29.434,49.1,240.0
120,285.8,88.1,29.517,54.0,233.4
120,285.0,86.9,29.6,52.6,237.2
120,284.2,85.7,29.684,55.5,235.9
120,280.3,79.7,30.184,47.2,230.7
120,279.8,78.7,30.267,53.1,238.6
120,279.2,77.8,30.351,55.1,240.8
120,277.4,74.9,30.601,58.3,230.7
120,273.1,69.1,31.351,57.6,238.0
120,268.6,63.2,32.268,48.5,235.7
120,267.9,62.2,32.435,56.7,236.1
122,206.5,64.0,28.183,51.5,131.4
122,206.2,64.5,28.266,49.3,122.5
122,204.8,66.2,28.516,50.2,140.2
122,202.0,68.9,28.933,46.5,138.9
122,200.8,69.9,29.1,52.2,128.8
122,200.1,70.6,29.183,53.5,134.9
122,198.7,71.9,29.35,57.0,134.5
122,196.7,73.5,29.517,47.4,145.4
122,195.0,74.9,29.684,58.0,137.3
122,191.1,78.0,30.017,46.9,146.2
122,189.6,78.9,30.101,55.9,146.5
122,187.1,80.9,30.267,50.3,138.0
122,182.8,84.0,30.517,54.1,147.4
122,181.5,85.1,30.601,51.4,140.9
122,179.8,86.1,30.684,50.8,148.4
122,176.6,88.6,30.851,53.3,143.8
122,175.2,89.8,30.934,49.0,139.3
122,171.4,92.8,31.101,55.0,144.3
122,169.2,94.1,31.185,50.7,149.2
122,165.2,96.9,31.351,54.9,146.0
122,160.1,100.2,31.518,50.7,147.0
122,158.2,101.9,31.601,52.4,139.4
122,153.0,105.6,31.768,54.1,141.5
122,147.4,109.8,31.935,52.8,143.9
122,141.5,114.5,32.102,55.2,141.1
122,134.7,119.5,32.268,49.7,144.4
122,127.2,125.0,32.435,50.6,144.9
122,122.9,128.0,32.519,55.8,145.4
122,98.4,145.6,32.936,53.6,139.9
122,87.9,154.1,33.102,49.3,141.8
122,74.9,164.0,33.269,49.9,142.9
122,49.6,183.6,33.519,53.2,142.4
122,30.9,197.1,33.686,57.3,143.9
122,18.9,204.5,33.769,50.7,148.3
123,377.1,254.8,27.683,47.8,236.3
123,369.7,242.6,27.766,53.2,238.9
123,349.1,208.4,28.016,50.8,238.0
123,344.7,201.1,28.099,47.9,239.1
123,335.7,186.1,28.266,47.8,237.2
123,328.1,173.3,28.433,50.2,240.0
123,321.3,162.6,28.6,49.8,238.6
123,315.6,153.0,28.766,49.5,238.9
123,310.4,144.3,28.933,53.4,240.7
123,306.1,137.1,29.1,47.7,236.9
123,302.2,130.3,29.267,52.2,240.4
123,299.1,124.1,29.434,53.2,246.2
123,297.5,121.4,29.517,54.6,239.0
123,296.1,119.0,29.6,53.0,239.3
123,291.3,111.4,29.85,52.7,238.5
123,290.3,109.5,29.934,49.7,243.5
123,289.0,107.5,30.017,54.7,236.4
123,288.1,105.5,30.101,55.9,245.1
123,287.1,103.7,30.184,55.8,242.3
123,283.9,98.5,30.434,46.2,232.8
123,282.1,95.4,30.601,49.4,241.2
123,278.8,89.8,30.934,52.6,239.9
123,278.2,88.5,31.018,52.3,242.3
123,275.5,83.8,31.351,52.3,237.6
123,273.6,80.8,31.601,49.4,247.1
123,273.0,79.9,31.685,49.6,233.5
123,272.5,78.9,31.768,54.6,244.5
123,271.8,78.1,31.852,50.2,230.0
123,271.2,77.2,31.935,53.2,235.3
123,270.7,76.3,32.018,58.4,240.1
123,269.7,75.0,32.185,49.6,238.4
123,267.7,71.8,32.519,47.4,231.5
123,267.4,71.1,32.602,54.6,245.9
123,266.2,69.2,32.852,52.2,235.0
123,265.1,67.3,33.102,58.0,250.8
123,264.4,66.2,33.269,55.5,243.1
123,264.2,65.7,33.352,47.8,247.7
123,262.8,63.4,33.686,58.4,226.4
123,261.9,61.9,33.936,46.8,236.4
123,261.6,61.4,34.02,53.2,238.3
125,386.1,239.8,29.183,48.5,242.4
125,369.0,211.0,29.434,50.7,238.5
125,358.5,194.1,29.6,50.4,237.1
125,345.1,172.6,29.85,51.4,237.6
125,335.9,158.0,30.101,48.9,239.0
125,330.0,148.9,30.267,50.9,238.2
125,324.9,141.1,30.434,50.2,238.0
125,322.4,137.4,30.517,58.3,235.9
125,320.3,134.3,30.601,50.7,236.8
125,312.1,122.6,30.934,48.4,236.7
125,306.8,114.6,31.185,51.3,231.9
125,303.9,110.7,31.351,52.9,232.8
125,300.0,104.7,31.601,54.4,241.6
125,295.2,98.2,31.935,47.7,234.5
125,292.9,95.0,32.102,46.2,231.6
125,291.9,93.5,32.185,54.8,234.1
125,289.3,89.9,32.435,48.5,233.9
125,287.5,87.2,32.602,53.9,235.1
125,286.5,86.0,32.685,56.1,230.7
125,285.6,84.8,32.769,57.8,234.1
125,284.0,82.7,32.936,52.9,231.9
125,283.1,81.8,33.019,48.3,226.4
125,282.5,80.9,33.102,48.5,239.0
125,281.9,79.9,33.186,55.0,237.3
125,275.6,72.0,34.02,48.7,227.1
127,340.6,248.0,29.017,57.0,243.7
127,335.4,236.8,29.1,51.5,245.0
127,325.9,215.2,29.267,50.4,246.1
127,318.2,197.6,29.434,51.5,247.5
127,314.3,189.8,29.517,58.4,243.6
127,311.4,184.0,29.6,46.5,243.2
127,303.1,165.3,29.85,48.8,246.5
127,301.1,161.0,29.934,47.1,245.6
127,295.0,147.9,30.184,57.4,243.1
127,290.6,143.5,30.601,48.2,244.8
127,287.6,135.9,30.768,51.5,243.5
127,284.9,129.5,30.934,50.1,242.5
127,282.5,123.7,31.101,50.4,249.3
127,280.2,118.5,31.268,47.9,250.4
127,275.7,107.6,31.685,52.5,251.2
127,274.6,105.8,31.768,51.3,238.1
128,347.9,205.5,29.017,56.6,238.9
128,343.2,197.7,29.1,53.4,238.7
128,334.4,182.7,29.267,51.9,241.3
128,326.8,171.0,29.434,47.5,236.8
128,320.7,160.4,29.6,48.9,240.6
128,317.1,155.5,29.684,57.4,233.7
128,311.6,146.5,29.85,55.0,239.5
128,309.5,143.3,29.934,45.7,237.2
128,305.3,136.4,30.101,45.7,236.4
128,301.7,129.7,30.267,49.5,243.0
128,296.6,121.5,30.517,54.8,233.1
128,295.4,119.0,30.601,54.0,244.2
128,293.6,116.7,30.684,51.9,232.2
128,292.1,114.5,30.768,50.6,235.0
128,287.3,105.9,31.101,56.7,239.4
128,285.5,102.4,31.268,47.8,237.8
128,284.5,100.6,31.351,55.2,241.1
128,281.9,95.7,31.601,45.7,248.3
128,281.2,94.3,31.685,51.8,242.3
128,280.3,92.8,31.768,55.8,237.3
128,277.9,89.0,32.018,57.1,242.9
128,277.2,87.8,32.102,52.5,240.3
128,276.9,86.8,32.185,47.0,250.2
128,276.1,85.7,32.268,49.4,233.4
130,361.8,228.9,30.101,54.4,239.5
130,349.7,208.7,30.267,50.8,237.9
130,339.8,192.0,30.434,51.7,239.4
130,331.5,178.5,30.601,51.0,238.8
130,327.5,172.2,30.684,58.0,236.9
130,324.4,167.1,30.768,50.8,239.1
130,318.4,156.7,30.934,52.7,240.4
130,315.3,152.1,31.018,57.2,236.4
130,312.9,148.1,31.101,51.0,238.2
130,308.4,140.3,31.268,49.5,241.2
130,306.1,136.6,31.351,57.2,237.4
130,302.1,129.5,31.518,53.5,238.6
130,298.5,123.6,31.685,56.1,238.9
130,291.5,111.9,32.102,46.8,239.5
130,290.1,109.7,32.185,57.3,237.9
130,289.1,107.7,32.268,55.0,244.4
130,287.8,105.7,32.352,55.9,235.8
130,286.7,104.0,32.435,50.6,237.7
130,284.6,100.4,32.602,48.3,239.5
130,282.9,97.0,32.769,56.1,245.8
130,281.8,95.6,32.852,51.6,234.3
130,281.1,94.1,32.936,55.6,242.8
130,280.2,92.7,33.019,53.8,236.5
130,279.4,91.5,33.102,47.0,236.2
130,278.0,88.8,33.269,54.7,244.6
130,277.0,87.6,33.352,50.2,229.4
130,275.6,85.3,33.519,49.1,244.2
130,273.8,82.2,33.769,50.8,236.6
130,270.8,77.0,34.27,53.9,245.5
130,269.8,75.2,34.436,48.4,255.5
130,268.3,72.8,34.687,55.1,233.9
130,266.7,70.0,35.02,53.5,238.2
130,266.4,69.4,35.103,48.2,243.5
130,265.2,67.0,35.437,55.9,249.7
131,306.3,171.0,30.101,49.3,242.6
131,298.8,155.0,30.351,55.4,243.3
131,297.2,151.0,30.434,49.5,248.1
131,293.6,142.9,30.601,46.6,245.7
132,400.8,238.6,30.517,53.6,232.0
132,386.6,219.7,30.684,53.2,233.0
132,374.6,204.1,30.851,54.0,232.4
132,364.2,190.6,31.018,52.8,231.4
132,355.2,178.8,31.185,54.6,232.4
132,347.3,168.5,31.351,54.6,231.4
132,343.3,163.0,31.435,57.6,233.6
132,333.8,151.5,31.685,52.1,230.5
132,328.8,144.4,31.852,51.5,232.9
132,326.5,141.3,31.935,45.9,234.3
132,323.5,137.6,32.018,57.0,230.6
132,318.9,131.7,32.185,52.9,233.8
132,314.3,126.4,32.352,52.0,228.6
132,306.9,116.8,32.685,55.2,230.6
132,305.1,114.6,32.769,50.6,230.3
132,303.3,112.4,32.852,55.0,231.1
132,299.8,108.6,33.019,54.6,228.0
132,298.6,106.7,33.102,52.2,236.2
132,297.1,104.9,33.186,54.0,231.6
132,294.4,101.9,33.352,50.4,231.5
132,289.7,96.0,33.686,52.5,231.3
132,285.4,90.7,34.02,56.7,232.0
133,343.0,253.2,30.517,47.5,241.3
133,337.8,242.1,30.601,49.0,244.8
133,327.5,220.0,30.768,50.7,245.1
133,319.2,202.2,30.934,49.9,244.9
133,312.6,187.3,31.101,48.2,246.7
133,306.7,174.8,31.268,47.3,243.5
133,299.4,158.2,31.518,49.7,247.9
133,294.0,146.3,31.768,48.7,248.3
133,292.4,142.3,31.852,57.0,248.7
133,291.1,139.1,31.935,47.9,247.4
133,289.3,135.6,32.018,55.8,243.8
133,288.2,132.6,32.102,50.4,249.9
133,282.6,118.5,32.519,48.4,250.8
133,281.9,116.3,32.602,48.4,252.5
133,278.0,107.9,32.936,51.9,245.7
133,275.7,102.7,33.186,56.0,250.7
133,275.0,101.0,33.269,53.4,248.0
133,272.7,95.9,33.519,53.2,251.6
133,272.2,94.7,33.603,46.2,250.9
133,271.5,93.4,33.686,45.9,237.8
133,269.5,89.8,33.936,50.4,237.4
133,268.4,87.1,34.103,46.2,239.2
133,267.7,86.0,34.186,53.4,239.4
133,267.4,84.9,34.27,54.6,253.7
133,266.8,83.9,34.353,47.2,238.2
133,266.6,82.9,34.436,50.9,255.9
133,266.0,81.9,34.52,51.6,239.6
133,265.5,80.9,34.603,55.2,246.2
133,264.9,79.9,34.687,54.2,238.0
133,264.0,78.0,34.853,51.6,238.5
133,263.5,77.1,34.937,54.6,244.6
133,261.7,74.0,35.27,58.3,243.7
133,261.0,72.3,35.437,52.4,235.6
133,260.5,71.7,35.52,48.2,236.0
133,260.2,71.0,35.604,50.4,246.4
133,259.5,69.3,35.771,54.4,235.3
133,258.2,67.0,36.104,47.1,237.7
133,258.0,66.3,36.187,55.2,250.8
133,256.8,63.3,36.688,58.2,255.3
139,326.7,223.9,31.852,54.3,245.6
139,322.7,214.2,31.935,55.1,247.4
139,314.8,197.0,32.102,49.1,245.5
139,311.2,189.2,32.185,58.2,245.2
139,308.4,183.4,32.268,47.2,245.1
139,303.0,171.4,32.435,47.8,246.1
139,290.5,143.6,32.936,52.9,247.4
139,289.0,139.7,33.019,58.2,248.5
139,287.4,136.6,33.102,47.9,242.8
139,284.5,130.2,33.269,49.6,245.6
139,280.7,120.9,33.519,45.8,239.5
139,278.1,116.7,33.686,54.7,246.5
139,277.3,114.6,33.769,48.7,248.6
139,275.8,109.8,33.936,54.2,248.7
139,275.1,107.7,34.02,56.2,251.1
139,274.3,105.7,34.103,57.3,248.2
139,273.3,103.7,34.186,58.1,242.0
139,272.6,102.1,34.27,48.4,246.5
139,271.4,98.7,34.436,46.7,256.6
139,268.7,92.7,34.77,48.7,249.3
139,268.1,91.4,34.853,52.3,244.6
139,267.1,88.8,35.02,48.0,245.3
139,266.5,87.7,35.103,46.5,242.9
139,266.0,86.7,35.187,48.7,244.4
139,265.6,85.5,35.27,55.4,252.4
139,264.6,83.2,35.437,47.5,242.3
139,263.6,81.0,35.604,49.8,247.8
139,263.4,80.1,35.687,54.5,254.0
139,263.0,79.1,35.771,52.3,245.9
139,262.7,78.2,35.854,54.6,255.2
139,261.2,75.0,36.187,54.2,251.2
139,260.9,74.1,36.271,57.3,250.6
139,260.4,73.3,36.354,57.2,239.2
139,259.4,71.3,36.604,50.1,256.5
139,257.8,67.9,37.021,53.8,244.9
139,255.5,63.1,37.772,49.0,236.5
139,254.0,60.1,38.272,54.0,242.8
139,253.9,59.6,38.439,51.5,266.4
139,253.0,58.1,38.689,58.4,236.8
141,317.9,157.5,32.602,47.8,238.5
141,315.1,153.0,32.685,54.0,237.6
141,310.4,144.6,32.852,56.1,240.6
141,308.5,141.3,32.936,48.0,240.8
144,212.5,68.4,33.352,52.0,112.8
144,212.0,69.0,33.436,50.9,128.4
144,211.1,71.5,33.769,46.3,104.5
144,210.5,72.1,33.853,48.3,131.6
144,209.1,75.0,34.186,57.9,116.7
144,209.0,75.8,34.27,56.5,98.7
144,208.6,76.6,34.353,46.1,115.5
144,207.8,78.1,34.52,54.6,121.2
144,207.3,79.0,34.603,47.4,119.6
144,206.9,80.0,34.687,56.6,112.5
144,206.6,80.9,34.77,50.9,106.7
144,206.1,81.9,34.853,51.4,118.2
144,204.9,84.8,35.103,49.4,114.4
144,204.3,85.9,35.187,48.5,121.8
144,203.8,86.9,35.27,46.2,114.0
144,202.5,90.1,35.52,48.5,111.9
144,200.0,95.3,35.854,51.3,116.4
144,199.2,96.8,35.937,54.1,118.3
144,198.8,98.2,36.021,49.8,107.1
144,195.9,104.6,36.354,54.1,113.4
144,194.5,107.9,36.521,51.7,113.3
144,193.6,109.7,36.604,50.1,115.3
144,192.6,111.8,36.688,51.8,114.9
144,192.0,113.7,36.771,48.0,107.3
144,191.1,116.1,36.854,55.5,111.5
144,188.6,120.6,37.021,53.9,115.0
144,188.0,122.8,37.105,45.8,104.0
144,184.1,131.2,37.355,56.0,114.5
144,182.7,134.0,37.438,47.4,116.6
144,181.3,137.4,37.522,54.5,112.0
144,180.3,140.5,37.605,46.3,107.4
144,178.8,144.2,37.688,53.3,112.6
144,177.2,147.6,37.772,46.3,115.4
144,175.6,151.9,37.855,55.5,109.9
144,172.3,160.5,38.022,56.8,111.1
144,168.2,169.9,38.189,53.7,113.3
144,162.8,181.8,38.355,47.5,117.7
144,158.5,194.0,38.522,53.1,109.1
144,152.5,208.8,38.689,54.2,111.5
144,149.5,216.5,38.772,45.8,111.3
144,145.7,226.5,38.856,54.7,110.9
144,142.1,235.6,38.939,45.7,111.4
144,137.8,247.7,39.022,54.7,109.8
146,317.7,165.9,33.019,52.5,256.5
146,315.7,161.2,33.102,50.4,247.2
146,309.6,147.9,33.352,50.9,244.3
146,307.2,143.9,33.436,55.9,238.7
146,305.7,140.6,33.519,47.6,245.0
146,302.1,128.6,33.853,54.1,254.2
152,370.1,246.3,33.853,50.3,236.6
152,364.0,236.1,33.936,47.2,239.0
152,352.8,215.8,34.103,49.2,240.8
152,347.6,206.9,34.186,54.8,239.5
152,343.4,199.4,34.27,50.6,241.0
152,328.8,173.9,34.603,45.9,242.5
152,323.4,168.2,34.687,56.1,226.6
152,317.2,158.9,34.853,56.4,238.9
152,315.2,154.9,34.937,46.7,242.8
152,312.6,150.7,35.02,53.0,238.8
152,307.0,139.9,35.27,48.9,242.2
152,305.0,136.9,35.354,45.9,235.0
152,301.4,128.3,35.604,46.4,253.4
152,296.7,120.7,35.854,49.3,244.3
152,293.6,115.4,36.021,57.4,244.0
152,291.8,111.8,36.187,53.2,244.1
152,287.8,104.6,36.521,51.7,247.0
152,285.9,101.5,36.688,49.1,239.3
152,285.1,99.9,36.771,52.1,244.4
152,280.9,92.7,37.188,56.8,235.9
152,279.5,90.5,37.355,48.0,238.1
152,278.9,89.4,37.438,45.9,241.8
152,277.9,86.8,37.605,47.6,244.7
152,277.1,85.6,37.688,54.8,236.9
152,276.4,84.6,37.772,48.0,236.0
152,275.7,83.6,37.855,49.6,233.7
152,275.5,82.7,37.938,46.8,258.1
152,272.2,78.1,38.355,48.5,238.8
152,271.2,76.7,38.522,52.3,230.5
152,269.8,74.3,38.772,47.6,240.7
152,269.5,73.5,38.856,57.7,252.3
152,268.9,72.8,38.939,49.0,228.1
152,268.3,72.1,39.022,47.1,228.5
153,287.3,107.0,34.687,57.4,244.5
153,285.4,103.6,34.853,54.6,245.5
153,284.3,102.1,34.937,48.0,234.8
153,282.7,98.6,35.103,55.8,250.0
153,281.9,97.1,35.187,51.6,241.7
153,279.5,92.9,35.437,48.8,240.9
153,278.8,91.5,35.52,57.9,245.5
153,278.3,90.2,35.604,55.2,247.6
153,277.4,88.9,35.687,52.5,235.5
153,276.6,86.8,35.854,50.2,237.3
153,275.7,85.6,35.937,55.3,232.5
153,274.3,83.0,36.187,46.6,242.1
153,273.9,82.0,36.271,49.3,247.2
153,273.1,80.9,36.354,58.1,233.7
153,272.7,80.0,36.438,50.5,246.9
153,270.9,76.9,36.771,53.1,256.3
153,270.3,76.0,36.854,56.9,235.9
153,269.8,75.2,36.938,49.9,241.5
153,269.0,74.0,37.105,50.6,250.3
153,267.6,71.9,37.355,52.8,230.9
153,267.4,71.1,37.438,56.4,253.6
153,267.1,70.5,37.522,46.2,245.1
153,266.4,69.2,37.688,46.8,232.8
153,263.7,65.2,38.355,49.0,236.6
153,261.4,61.5,39.022,50.6,231.6
153,261.0,61.1,39.106,51.8,233.0
156,397.0,251.1,37.688,50.5,233.8
156,389.3,239.8,37.772,51.1,236.1
156,374.8,217.8,37.938,52.7,237.0
156,362.9,199.7,38.105,51.7,236.1
156,347.9,176.9,38.355,53.5,236.8
156,344.5,171.8,38.439,47.4,236.2
156,340.6,166.1,38.522,57.6,235.6
156,337.6,161.4,38.605,50.5,237.2
156,331.4,152.3,38.772,48.5,236.7
156,325.8,144.0,38.939,50.7,235.8
156,321.0,136.9,39.106,48.6,236.3
156,316.6,130.4,39.273,46.6,236.8
156,305.8,114.4,39.773,51.3,237.5
156,304.0,112.1,39.856,58.4,232.7
156,298.4,104.6,40.19,55.1,227.3
156,297.3,102.9,40.273,52.4,239.3
156,296.0,101.1,40.356,55.3,233.0
156,295.1,99.5,40.44,51.6,239.9
156,290.9,93.6,40.773,47.5,233.9
156,289.9,92.1,40.857,57.4,237.2
156,288.8,90.8,40.94,53.3,230.0
156,288.1,89.7,41.024,49.3,236.7
156,285.9,86.1,41.274,52.9,243.6
156,284.5,83.8,41.44,46.1,234.7
156,283.6,82.8,41.524,54.1,231.2
156,283.0,81.7,41.607,56.5,238.8
156,282.0,80.8,41.691,50.0,223.7
156,279.0,76.9,42.107,45.8,230.4
156,277.9,75.0,42.274,56.6,235.0
156,275.9,72.0,42.608,52.0,242.8
156,275.3,71.2,42.691,57.6,235.3
156,274.5,70.1,42.858,57.0,237.6
156,274.0,69.4,42.941,58.2,236.0
156,272.2,67.0,43.275,50.8,233.1
156,269.9,63.2,43.858,52.5,243.8
156,268.3,61.5,44.192,51.6,222.0
156,268.0,61.0,44.275,54.8,236.7
158,389.2,227.6,34.52,54.0,235.0
158,382.8,218.4,34.603,50.8,235.4
158,370.0,200.9,34.77,47.7,233.9
158,359.9,186.4,34.937,47.1,234.1
158,351.3,173.9,35.103,47.5,235.0
158,337.0,154.0,35.437,50.1,234.0
158,325.9,138.5,35.771,48.2,233.4
158,318.5,128.2,36.021,48.5,232.2
158,316.8,125.7,36.104,47.6,235.7
158,309.6,115.8,36.438,50.8,233.3
158,306.4,111.3,36.604,49.3,236.0
158,303.6,107.2,36.771,47.3,236.6
158,298.3,100.0,37.105,51.8,240.4
158,296.1,96.6,37.271,50.7,236.1
158,294.1,93.8,37.438,45.7,235.9
158,293.0,92.6,37.522,47.1,229.3
158,291.0,89.8,37.688,50.2,230.4
158,286.6,84.0,38.105,49.4,233.9
158,285.7,82.9,38.189,56.2,233.0
158,283.4,79.8,38.439,51.4,237.6
158,282.6,78.8,38.522,57.8,232.0
158,282.2,77.8,38.605,57.0,242.9
158,278.2,72.9,39.106,57.4,234.3
158,277.2,71.4,39.273,46.8,238.4
158,274.3,68.0,39.689,58.3,235.9
158,273.8,67.4,39.773,52.5,230.9
158,273.2,66.8,39.856,55.1,228.2
158,273.0,66.2,39.94,55.1,249.4
158,268.8,61.1,40.69,58.4,224.6
159,210.3,71.7,34.603,57.3,99.2
159,209.8,72.4,34.687,48.7,129.5
159,209.2,73.8,34.853,56.7,107.5
159,208.5,75.3,35.02,54.9,115.3
159,208.3,76.0,35.103,45.7,106.6
159,207.7,76.8,35.187,51.2,122.1
159,206.6,79.1,35.437,53.1,109.3
159,206.0,79.9,35.52,47.4,123.7
159,205.8,80.9,35.604,50.5,103.7
159,205.3,81.9,35.687,53.1,115.4
159,205.0,82.8,35.771,48.6,109.6
159,204.5,83.8,35.854,51.9,116.3
159,203.8,84.8,35.937,48.8,121.4
159,202.4,88.0,36.187,54.1,113.8
159,201.5,90.1,36.354,46.4,114.4
159,200.5,92.5,36.521,55.5,113.2
159,199.3,95.0,36.688,50.7,117.7
159,198.1,97.7,36.854,52.2,115.1
159,197.3,99.1,36.938,46.7,117.6
159,196.7,100.7,37.021,52.0,111.1
159,195.9,102.3,37.105,48.2,118.2
159,195.1,104.1,37.188,54.8,113.7
159,193.6,107.6,37.355,54.2,112.6
159,191.9,111.4,37.522,57.6,110.3
159,190.3,115.4,37.688,56.0,113.1
159,189.2,117.5,37.772,48.3,116.2
159,188.1,119.8,37.855,49.2,115.1
159,186.0,124.2,38.022,46.7,117.0
159,185.2,127.2,38.105,57.5,105.1
159,183.9,130.2,38.189,54.1,112.6
159,181.4,136.6,38.355,46.9,112.1
159,179.0,142.8,38.522,52.2,112.6
159,177.8,146.1,38.605,46.5,110.8
159,176.2,150.1,38.689,52.6,111.7
159,172.8,158.4,38.856,55.1,111.2
159,168.9,167.8,39.022,55.4,111.4
159,164.4,178.3,39.189,54.4,112.5
159,159.7,190.6,39.356,54.3,111.2
159,153.8,204.7,39.523,55.4,111.1
159,150.8,212.1,39.606,45.8,111.9
159,147.1,221.6,39.689,54.6,111.3
159,139.0,241.6,39.856,54.9,111.7
159,129.6,265.0,40.023,51.9,112.6
160,218.4,74.8,35.687,54.1,96.2
160,217.3,77.9,35.937,56.3,115.6
160,216.1,83.6,36.438,47.7,95.5
160,215.7,84.7,36.521,53.0,111.3
160,215.6,85.9,36.604,54.8,96.2
160,215.2,87.0,36.688,49.7,107.7
160,215.2,88.0,36.771,47.1,91.7
160,214.1,90.8,36.938,48.7,107.4
160,213.5,93.7,37.105,49.7,102.9
160,212.4,96.8,37.271,48.0,106.9
160,211.2,101.7,37.522,58.1,97.1
160,210.6,103.2,37.605,46.2,111.8
160,207.8,111.5,37.938,52.3,104.6
160,207.3,113.7,38.022,54.2,104.1
160,206.5,115.8,38.105,49.7,110.4
160,205.8,118.4,38.189,56.5,105.9
160,201.9,132.8,38.605,46.0,111.6
160,199.7,139.9,38.772,49.5,109.2
160,197.7,147.6,38.939,47.5,105.8
160,195.2,156.4,39.106,46.9,107.4
160,192.3,166.8,39.273,52.3,105.5
160,189.0,178.7,39.439,50.7,106.1
160,185.6,192.4,39.606,50.8,104.6
160,181.3,208.8,39.773,50.7,104.9
160,176.7,228.3,39.94,50.9,103.7
160,170.7,252.1,40.106,49.5,104.3
160,167.1,265.5,40.19,53.0,105.1
161,203.3,70.1,35.854,58.2,128.9
161,202.5,71.7,36.021,51.8,110.3
161,201.9,73.0,36.187,50.6,106.8
161,201.0,74.3,36.354,48.5,123.6
161,200.6,75.0,36.438,47.8,114.2
161,199.8,76.7,36.604,47.3,107.3
161,199.1,77.6,36.688,51.6,129.8
161,198.1,79.1,36.854,55.2,125.5
161,197.8,80.1,36.938,53.7,110.0
161,197.2,81.0,37.021,50.0,123.9
161,196.6,82.0,37.105,53.3,117.5
161,196.0,83.0,37.188,47.9,122.6
161,195.3,84.0,37.271,48.7,127.3
161,194.6,85.0,37.355,51.6,122.6
161,194.1,86.1,37.438,48.3,115.5
161,193.5,87.2,37.522,49.7,119.7
161,191.3,90.8,37.772,49.5,118.5
161,190.6,92.0,37.855,47.0,121.1
161,188.2,96.0,38.105,46.4,123.4
161,183.6,104.1,38.522,58.1,117.9
161,182.7,105.7,38.605,46.6,118.7
161,181.5,107.6,38.689,52.6,121.6
161,180.5,109.5,38.772,49.7,117.9
161,179.1,111.6,38.856,54.7,122.8
161,178.1,113.6,38.939,49.1,117.3
161,173.9,120.6,39.189,53.5,119.7
161,167.6,131.6,39.523,53.8,124.0
161,166.0,134.5,39.606,48.8,118.5
161,164.1,138.0,39.689,54.5,120.1
161,162.2,141.1,39.773,47.0,120.9
161,159.9,145.2,39.856,57.2,119.9
161,155.4,153.0,40.023,56.1,118.4
161,153.1,157.1,40.106,48.7,119.6
161,150.3,162.1,40.19,56.0,118.9
161,147.8,166.5,40.273,46.4,119.5
161,144.5,172.3,40.356,55.8,119.5
161,141.7,177.4,40.44,47.0,118.9
161,138.2,184.0,40.523,55.8,118.0
161,130.7,197.5,40.69,56.4,117.5
161,127.0,204.4,40.773,46.8,118.1
161,122.0,213.2,40.857,54.2,119.4
161,100.0,254.4,41.19,53.7,117.7
162,365.2,236.3,36.021,50.7,238.4
162,359.8,227.2,36.104,45.9,239.4
162,348.9,208.5,36.271,48.2,239.2
162,339.7,192.8,36.438,48.2,239.5
162,332.0,179.6,36.604,48.2,238.8
162,325.5,168.5,36.771,46.4,240.5
162,319.8,158.6,36.938,47.0,240.6
162,316.7,153.9,37.021,56.4,237.3
162,314.6,150.2,37.105,47.2,240.4
162,306.1,135.7,37.438,47.3,236.4
162,304.2,132.3,37.522,56.3,241.3
162,302.7,129.7,37.605,45.8,238.9
162,299.7,124.1,37.772,48.3,241.8
162,296.9,119.1,37.938,47.7,246.6
162,295.3,116.6,38.022,55.4,236.9
162,293.0,112.3,38.189,57.3,247.7
162,290.2,108.3,38.355,45.7,239.6
162,289.2,106.7,38.439,46.0,240.2
162,288.2,104.7,38.522,57.1,243.1
162,286.3,101.6,38.689,55.9,240.1
162,285.4,99.9,38.772,54.0,241.8
162,284.3,98.4,38.856,53.0,235.2
162,283.4,97.0,38.939,48.5,238.3
162,282.6,95.5,39.022,53.7,241.5
162,281.9,94.2,39.106,46.8,242.1
162,279.6,90.6,39.356,45.8,241.5
162,277.6,86.9,39.606,47.6,239.5
162,276.9,85.8,39.689,54.0,238.2
162,275.5,83.7,39.856,55.2,233.6
162,275.2,82.8,39.94,49.8,248.2
162,274.5,81.7,40.023,55.4,239.7
162,274.0,80.8,40.106,47.5,238.3
162,273.3,79.9,40.19,54.1,232.7
162,272.9,78.9,40.273,54.9,250.2
162,272.2,78.0,40.356,52.1,229.9
162,271.2,76.6,40.523,53.6,237.8
162,270.7,75.8,40.607,46.8,234.4
162,270.1,74.9,40.69,58.3,235.5
162,266.2,68.2,41.524,54.7,230.3
162,265.4,66.5,41.774,55.3,252.9
162,264.3,65.0,42.024,47.0,233.0
162,262.9,63.0,42.358,56.0,236.3
162,262.6,62.5,42.441,58.0,242.3
162,262.1,61.6,42.608,53.3,245.8
162,260.6,59.2,43.108,46.7,233.9
162,259.9,58.1,43.358,46.0,239.3
162,259.0,57.3,43.525,54.8,221.5
164,219.9,68.9,37.271,55.6,101.4
164,218.3,74.2,37.855,50.7,110.4
164,218.1,75.0,37.938,46.8,102.3
164,217.8,75.8,38.022,56.2,112.3
164,216.6,79.9,38.355,58.1,102.8
164,216.3,81.7,38.522,52.5,96.8
164,215.2,84.7,38.772,50.4,110.7
164,214.7,85.8,38.856,55.7,113.3
164,213.6,89.8,39.106,58.4,105.8
164,213.1,91.0,39.189,50.9,111.9
164,212.8,92.5,39.273,58.1,99.0
164,212.2,93.8,39.356,50.7,115.6
164,212.0,95.1,39.439,47.3,100.5
164,211.2,98.4,39.606,57.4,101.7
164,210.0,101.9,39.773,48.2,114.2
164,209.4,103.7,39.856,55.8,105.8
164,208.8,105.6,39.94,55.4,107.0
164,208.2,107.7,40.023,56.4,107.0
164,207.7,109.7,40.106,53.9,104.8
164,207.1,111.9,40.19,57.1,105.9
164,206.4,113.9,40.273,47.3,107.5
164,204.5,118.7,40.44,49.9,103.4
164,203.1,124.4,40.607,53.4,108.4
164,201.1,130.6,40.773,48.7,104.2
164,198.1,141.6,41.024,52.1,103.7
164,197.3,145.0,41.107,48.2,104.2
164,194.8,153.4,41.274,49.5,103.8
164,192.0,163.4,41.44,51.3,107.1
164,188.9,174.9,41.607,51.4,104.8
164,185.4,188.1,41.774,49.9,104.4
164,181.2,204.0,41.941,51.1,105.1
164,176.4,222.9,42.107,50.4,104.8
164,170.4,245.6,42.274,50.6,104.8
165,206.1,65.5,38.772,57.6,115.4
165,204.8,67.2,39.022,49.2,128.3
165,202.7,71.0,39.523,54.1,117.2
165,201.1,73.7,39.856,54.9,109.9
165,200.3,74.9,40.023,46.6,125.9
165,198.0,78.9,40.44,49.3,119.3
165,197.3,79.9,40.523,55.3,123.5
165,196.9,80.8,40.607,51.7,113.8
165,196.1,81.8,40.69,54.6,128.6
165,195.7,82.9,40.773,53.1,109.7
165,195.2,83.9,40.857,51.2,116.0
165,194.6,84.9,40.94,50.4,117.9
165,194.1,86.0,41.024,51.3,114.4
165,192.6,88.1,41.19,49.2,130.9
165,189.4,93.0,41.524,49.5,120.9
165,188.0,95.6,41.691,56.3,117.1
165,187.2,97.0,41.774,48.0,122.9
165,185.0,100.1,41.941,47.5,128.9
165,184.1,101.8,42.024,53.8,118.5
165,182.0,105.1,42.191,52.0,125.1
165,181.2,106.7,42.274,45.8,118.7
165,179.9,108.6,42.358,51.1,123.9
165,178.7,110.6,42.441,52.4,119.5
165,177.4,112.8,42.524,54.9,121.7
165,175.0,117.3,42.691,58.0,116.0
165,173.8,119.6,42.775,49.4,116.8
165,172.2,122.2,42.858,54.0,122.3
165,170.7,124.8,42.941,51.4,120.2
165,168.8,127.6,43.025,53.0,123.1
165,167.4,130.4,43.108,50.0,116.6
165,165.5,133.6,43.191,54.4,121.5
165,163.5,137.2,43.275,58.4,118.8
165,161.7,140.4,43.358,47.4,118.8
165,157.5,147.5,43.525,55.5,120.4
165,155.5,151.2,43.608,47.6,117.9
165,153.3,155.8,43.692,55.7,115.7
165,150.8,160.1,43.775,48.3,120.0
165,147.6,165.5,43.858,57.3,121.1
165,145.0,170.0,43.942,45.8,119.3
165,141.5,176.2,44.025,56.8,119.8
165,138.5,181.5,44.109,46.4,119.3
165,134.4,188.7,44.192,57.9,119.8
165,131.0,195.2,44.275,47.9,117.4
165,126.5,203.6,44.359,57.7,118.1
165,122.3,211.0,44.442,46.1,120.0
165,116.9,220.8,44.526,56.7,118.8
165,111.9,229.6,44.609,46.3,119.5
165,105.4,241.4,44.692,56.2,118.9
165,99.6,252.1,44.776,46.6,118.2
165,91.8,265.5,44.859,52.4,120.4
166,391.2,249.4,39.106,46.6,235.7
166,376.3,225.3,39.273,52.7,238.6
166,364.4,205.3,39.439,54.4,239.3
166,354.8,189.3,39.606,52.6,239.5
166,346.7,176.1,39.773,48.3,237.4
166,339.7,164.7,39.94,51.4,239.5
166,333.5,154.9,40.106,50.1,237.8
166,328.0,145.9,40.273,50.1,236.8
166,323.3,138.2,40.44,51.3,238.6
166,318.8,131.7,40.607,46.0,235.5
175,388.5,251.7,41.357,54.3,238.9
175,381.1,239.8,41.44,53.3,238.0
175,367.7,217.1,41.607,52.9,240.3
175,356.6,199.2,41.774,50.1,237.1
175,348.1,184.1,41.941,50.2,240.4
175,340.0,171.5,42.107,50.2,235.2
175,333.8,160.9,42.274,49.7,239.3
175,328.3,151.8,42.441,48.7,238.4
175,323.0,143.3,42.608,51.4,238.6
175,318.6,136.3,42.775,47.1,241.6
175,314.3,129.4,42.941,52.7,238.9
175,305.9,115.6,43.358,48.5,239.3
175,304.4,113.5,43.442,48.7,234.4
175,300.3,107.6,43.692,52.7,231.7
175,297.9,105.6,43.775,56.5,218.5
177,304.0,109.7,41.357,58.1,234.0
177,302.7,108.0,41.44,48.3,233.6
177,297.0,100.3,41.774,56.1,235.8
177,294.8,97.0,41.941,48.3,232.5
177,293.6,95.4,42.024,56.7,231.5
177,291.5,92.9,42.191,54.5,235.0
177,290.6,91.7,42.274,47.5,230.8
177,288.8,88.9,42.441,52.5,240.4
177,287.9,87.7,42.524,52.7,232.1
177,285.7,84.2,42.775,56.8,247.2
177,284.8,83.0,42.858,56.9,230.1
177,280.3,77.9,43.358,51.0,233.9
177,279.9,77.0,43.442,55.9,243.0
177,279.3,76.3,43.525,48.4,232.1
177,278.6,75.5,43.608,50.9,228.0
177,277.7,74.0,43.775,48.3,237.9
177,275.9,71.9,44.025,54.5,233.9
177,274.7,70.8,44.192,52.7,227.8
177,274.4,70.2,44.275,49.3,243.1
177,272.9,68.0,44.609,46.4,243.8
177,271.0,65.3,45.026,55.6,235.3
177,270.4,64.5,45.193,48.8,238.7
177,269.3,63.0,45.443,57.6,226.5
177,268.8,62.4,45.609,52.2,237.7
180,215.3,83.6,46.777,51.2,104.9
180,215.0,84.6,46.86,46.9,105.6
180,214.7,85.7,46.944,53.4,108.1
180,214.1,87.0,47.027,58.2,113.7
180,213.1,90.8,47.277,50.9,111.7
180,211.0,98.4,47.777,46.4,109.5
180,210.4,100.1,47.861,56.8,107.3
180,210.0,101.7,47.944,49.0,106.0
180,208.5,106.8,48.194,51.8,106.5
180,207.9,108.5,48.278,48.5,107.5
180,207.4,110.7,48.361,55.8,102.9
180,207.0,112.6,48.444,47.7,101.8
180,206.4,114.6,48.528,48.9,108.1
180,205.6,116.7,48.611,48.0,111.2
180,204.8,119.3,48.695,57.6,106.5
180,203.6,123.8,48.861,53.3,104.6
180,202.2,126.6,48.945,54.2,116.0
180,201.3,129.4,49.028,52.5,106.8
180,199.9,135.2,49.195,57.1,102.8
180,198.4,141.5,49.362,55.1,104.2
180,196.4,148.8,49.528,58.1,104.9
180,195.8,152.4,49.612,45.7,99.9
180,194.7,157.1,49.695,55.8,102.9
180,192.1,166.2,49.862,53.7,105.7
180,189.4,176.5,50.029,53.3,104.6
180,187.9,181.9,50.112,47.1,106.2
180,186.3,188.5,50.195,53.3,102.8
180,182.9,202.5,50.362,54.9,103.8
180,179.1,218.9,50.529,55.9,102.7
180,174.3,238.5,50.696,56.0,103.4
180,168.9,261.9,50.862,54.7,102.9
183,353.3,209.0,47.277,53.1,238.5
183,348.8,201.7,47.36,48.1,238.5
183,344.7,195.0,47.444,47.5,238.6
183,335.6,181.0,47.611,52.2,237.7
183,328.5,169.1,47.777,55.2,239.3
183,321.5,158.5,47.944,50.2,236.6
183,310.8,140.8,48.278,48.5,238.0
183,306.4,134.0,48.444,49.4,238.0
183,302.3,127.6,48.611,51.6,237.1
183,299.3,121.9,48.778,50.7,237.1
183,294.3,113.7,49.028,53.5,239.2
183,290.6,107.6,49.278,53.1,243.5
183,289.3,105.7,49.362,54.8,235.8
183,284.2,96.9,49.779,54.5,242.3
183,282.5,93.8,49.945,55.0,240.6
183,281.7,92.6,50.029,46.1,236.6
183,281.1,91.4,50.112,46.5,240.0
183,279.4,88.7,50.279,48.8,233.2
183,276.7,83.8,50.612,53.1,245.0
183,276.0,82.8,50.696,53.2,234.9
183,275.5,81.8,50.779,53.3,245.3
183,274.7,80.9,50.862,49.5,230.2
183,274.3,80.0,50.946,48.3,241.6
183,273.6,79.0,51.029,56.9,235.7
183,272.5,77.0,51.196,56.6,238.3
183,270.3,73.9,51.53,56.8,232.7
183,269.9,73.1,51.613,55.7,241.6
183,268.4,70.9,51.863,50.2,236.2
183,267.8,70.2,51.946,56.1,231.7
183,266.6,68.2,52.197,49.4,231.0
183,265.1,66.1,52.53,52.0,229.5
183,264.5,65.1,52.697,50.9,233.7
183,263.8,63.8,52.864,46.4,242.7
183,262.8,62.3,53.114,48.4,247.6
183,260.2,57.9,53.948,50.4,241.8
183,259.8,57.5,54.114,49.9,251.9
183,259.0,56.4,54.364,47.3,232.8
183,258.5,55.2,54.615,47.8,256.0
184,221.2,64.3,46.193,55.0,116.2
184,221.0,64.8,46.277,47.7,111.0
184,219.4,70.4,47.11,47.3,108.1
184,218.2,74.1,47.527,46.6,95.4
184,217.7,75.8,47.694,56.6,106.4
184,217.2,77.9,47.944,52.3,102.0
184,216.8,78.8,48.028,51.6,114.9
184,216.5,79.8,48.111,55.6,107.1
184,215.9,81.8,48.278,53.5,113.7
184,215.7,82.8,48.361,51.6,100.0
184,215.4,83.9,48.444,53.7,107.4
184,215.0,84.9,48.528,49.1,110.8
184,214.2,87.0,48.695,50.1,112.2
184,214.0,88.1,48.778,49.7,101.0
184,212.9,90.9,48.945,50.5,113.0
184,210.6,99.1,49.445,50.8,101.3
184,210.1,100.7,49.528,51.8,107.7
184,209.7,102.4,49.612,51.5,105.4
184,207.9,107.8,49.862,52.2,103.1
184,207.5,109.7,49.945,50.2,101.6
184,207.0,111.8,50.029,54.5,103.0
184,206.5,113.7,50.112,46.6,106.2
184,205.0,118.5,50.279,50.3,106.7
184,203.8,123.6,50.446,46.1,103.6
184,202.9,126.3,50.529,51.9,108.4
184,202.0,128.9,50.612,47.9,109.1
184,201.3,132.2,50.696,58.1,103.5
184,200.5,135.1,50.779,47.2,105.1
184,198.0,145.9,51.029,57.5,103.3
184,197.0,149.5,51.113,47.0,105.4
184,195.8,154.0,51.196,56.9,105.5
184,193.3,164.0,51.363,51.3,103.3
184,190.7,173.7,51.53,54.2,105.6
184,187.4,185.7,51.696,57.5,104.2
184,185.9,192.0,51.78,49.2,103.5
184,183.9,199.8,51.863,55.4,104.4
184,182.3,207.2,51.946,48.5,102.8
184,180.0,216.5,52.03,56.4,103.3
184,177.9,225.3,52.113,48.2,103.6
184,175.2,236.3,52.197,55.6,103.7
184,172.7,246.7,52.28,47.3,103.9
184,169.5,260.6,52.363,57.3,102.9
186,364.6,193.3,42.941,55.8,232.4
186,354.1,179.0,43.108,49.8,233.0
186,341.2,160.7,43.358,52.5,234.6
186,338.3,156.6,43.442,46.7,234.9
186,332.1,147.9,43.608,48.9,232.0
186,326.4,140.0,43.775,50.2,235.3
186,320.9,132.9,43.942,52.7,232.3
186,316.9,126.7,44.109,49.8,237.7
186,312.7,121.3,44.275,48.6,239.1
186,306.9,113.6,44.526,58.4,233.0
186,305.6,111.7,44.609,48.1,236.9
186,304.0,109.5,44.692,57.4,233.8
186,302.6,107.6,44.776,52.2,232.4
186,299.9,103.7,44.942,54.7,246.2
186,296.4,98.6,45.193,58.2,236.6
186,295.4,97.1,45.276,52.8,237.2
186,294.2,95.5,45.359,56.2,231.2
186,291.3,91.4,45.609,48.2,238.7
186,289.4,88.7,45.776,51.9,233.5
186,288.6,87.4,45.86,53.9,233.8
186,283.0,80.0,46.443,53.1,237.5
186,280.4,77.0,46.777,46.7,238.7
186,279.5,76.1,46.86,54.6,224.0
186,278.8,75.3,46.944,56.1,233.3
186,278.2,74.5,47.027,52.7,229.8
186,277.8,73.8,47.11,45.7,243.3
186,276.1,71.4,47.36,46.0,230.7
186,275.2,70.2,47.527,54.7,235.0
186,273.1,67.4,47.944,54.0,232.0
186,270.9,64.5,48.444,50.2,236.7
186,270.8,64.0,48.528,50.2,261.9
186,270.3,63.4,48.611,52.8,230.0
186,269.9,62.6,48.778,49.0,255.1
186,268.0,59.7,49.445,53.9,253.6
189,220.7,66.2,43.358,52.6,101.4
189,220.4,66.8,43.442,46.6,113.0
189,219.6,69.3,43.775,47.4,104.3
189,219.5,70.0,43.858,54.8,104.6
189,219.0,72.1,44.109,49.7,104.1
189,218.8,72.9,44.192,57.1,105.7
189,217.9,75.0,44.442,47.1,111.8
189,217.7,75.9,44.526,56.1,105.3
189,217.6,76.7,44.609,50.4,98.8
189,217.3,77.6,44.692,58.2,103.9
189,217.2,79.3,44.859,55.2,87.4
189,216.8,80.9,45.026,48.6,109.5
189,216.7,81.8,45.109,45.9,95.4
189,216.0,85.0,45.359,55.2,101.6
189,215.3,87.8,45.526,50.4,103.4
189,214.9,88.9,45.609,49.8,107.4
189,214.7,90.1,45.693,51.1,98.7
189,214.4,91.3,45.776,46.8,102.6
189,214.3,92.8,45.86,58.4,97.3
189,214.0,94.0,45.943,47.1,103.8
189,212.0,101.7,46.36,56.0,100.9
189,211.4,103.3,46.443,47.8,109.4
189,210.6,107.0,46.61,45.7,97.8
189,208.1,115.6,46.944,50.9,106.8
189,207.0,120.5,47.11,47.6,100.2
189,206.2,123.3,47.194,58.0,105.9
189,204.8,129.3,47.36,53.2,100.1
189,202.1,138.4,47.611,47.2,104.6
189,201.0,142.1,47.694,56.0,106.1
189,200.2,145.6,47.777,48.7,103.0
189,198.0,154.0,47.944,49.5,105.9
189,195.6,163.6,48.111,48.0,105.0
189,192.8,174.6,48.278,49.2,104.9
189,189.4,187.3,48.444,49.2,104.1
189,185.5,202.1,48.611,49.0,103.6
189,181.0,219.5,48.778,47.5,105.0
189,171.8,255.7,49.028,49.4,104.6
190,377.1,216.3,44.192,52.5,236.2
190,372.1,208.1,44.275,50.6,238.8
190,357.1,185.8,44.526,56.5,234.5
190,349.8,174.3,44.692,58.3,237.7
190,343.3,164.6,44.859,54.6,236.5
190,340.5,160.3,44.942,48.2,237.4
190,337.2,155.7,45.026,53.8,234.3
190,332.0,147.9,45.193,55.8,234.9
190,329.7,144.6,45.276,45.7,234.9
190,327.2,140.7,45.359,56.3,236.3
190,322.7,134.2,45.526,46.1,235.6
190,319.1,128.7,45.693,57.2,235.1
190,315.5,123.8,45.86,53.0,233.0
190,306.2,111.1,46.36,54.5,233.9
190,303.6,107.5,46.527,54.4,230.4
190,302.5,105.8,46.61,49.6,237.7
190,301.1,104.0,46.693,52.8,232.7
190,300.0,102.5,46.777,46.1,234.3
190,298.7,100.8,46.86,55.1,233.3
190,296.7,98.0,47.027,53.7,235.8
190,287.9,86.1,47.861,53.2,230.6
190,286.3,84.3,48.028,48.0,227.0
190,282.9,79.9,48.444,45.7,232.7
190,282.2,79.0,48.528,49.5,227.8
190,281.7,78.1,48.611,52.5,242.2
190,281.0,77.2,48.695,56.8,231.8
190,279.8,75.9,48.861,51.9,230.8
190,279.1,75.0,48.945,57.5,230.6
190,277.4,73.0,49.195,48.2,228.7
190,277.0,72.3,49.278,54.2,239.6
190,276.4,71.5,49.362,56.7,231.4
190,272.4,66.3,50.112,48.3,233.2
191,203.0,127.0,44.192,45.7,109.9
191,200.0,137.7,44.442,52.7,105.9
191,198.2,145.4,44.609,50.9,104.2
191,196.8,149.6,44.692,55.2,108.4
191,195.9,153.6,44.776,50.1,103.0
191,193.4,163.3,44.942,49.7,104.7
191,190.4,174.3,45.109,46.9,105.7
191,187.2,187.3,45.276,49.3,104.6
191,181.0,212.9,45.526,51.6,103.6
191,179.2,220.8,45.609,45.8,103.0
191,173.6,242.3,45.776,48.5,104.5
191,170.1,255.8,45.86,57.8,104.5
192,210.1,60.4,44.442,48.7,88.0
192,208.6,62.0,44.859,46.6,126.5
192,207.9,63.5,45.109,51.4,102.8
192,206.0,66.1,45.526,47.1,120.2
192,203.6,69.9,46.11,57.5,114.9
192,202.9,71.0,46.277,55.2,110.9
192,202.7,71.7,46.36,55.4,106.4
192,201.7,72.9,46.527,50.8,120.8
192,200.9,74.2,46.693,52.3,130.7
192,200.7,75.0,46.777,48.9,109.9
192,200.1,75.8,46.86,52.1,124.5
192,198.4,78.8,47.194,51.8,114.5
192,197.4,80.8,47.36,49.6,109.9
192,196.6,81.9,47.444,57.2,124.3
192,196.2,82.9,47.527,50.2,114.2
192,195.2,84.7,47.694,53.6,109.6
192,194.0,86.7,47.861,56.1,110.5
192,193.4,87.8,47.944,47.7,119.5
192,192.5,88.9,48.028,48.9,127.0
192,191.1,91.2,48.194,51.5,125.5
192,190.1,92.5,48.278,52.2,125.1
192,189.2,93.8,48.361,48.9,125.3
192,185.8,99.6,48.695,54.6,126.5
192,184.1,102.6,48.861,53.9,121.1
192,182.9,104.5,48.945,56.5,121.8
192,179.8,109.6,49.195,52.8,120.4
192,177.5,113.6,49.362,54.3,117.7
192,176.5,115.7,49.445,49.6,116.7
192,174.9,118.2,49.528,56.0,122.7
192,173.7,120.4,49.612,47.8,118.0
192,172.2,122.7,49.695,45.7,122.7
192,171.0,125.4,49.779,52.8,115.0
192,169.1,128.4,49.862,56.2,122.0
192,165.7,134.1,50.029,54.8,118.3
192,161.9,140.3,50.195,52.4,121.9
192,158.3,147.6,50.362,56.1,117.3
192,153.9,155.6,50.529,54.7,118.7
192,151.5,159.6,50.612,45.9,120.1
192,148.6,164.8,50.696,55.7,119.4
192,142.9,174.9,50.862,55.5,118.6
192,136.4,186.6,51.029,54.9,118.8
192,133.2,192.5,51.113,45.7,118.0
192,129.0,200.2,51.196,54.2,118.9
192,124.0,209.2,51.279,58.1,119.1
192,109.8,235.1,51.53,53.4,118.8
192,97.8,258.0,51.696,54.6,117.3
197,287.2,87.0,44.859,56.4,240.0
197,285.5,85.0,45.026,50.7,235.0
197,284.0,83.0,45.193,55.6,227.1
197,283.7,82.0,45.276,55.2,258.8
197,282.1,80.0,45.443,53.8,230.1
197,279.8,76.9,45.776,47.5,232.2
197,279.4,76.1,45.86,55.3,245.3
197,277.8,74.0,46.11,50.2,236.8
197,276.6,72.0,46.36,52.1,241.9
197,275.0,70.2,46.61,51.6,225.0
197,274.3,69.1,46.777,54.2,238.5
198,218.4,77.2,45.443,55.6,99.9
198,218.1,78.0,45.526,47.0,106.3
198,217.9,78.9,45.609,53.5,103.1
198,217.6,79.8,45.693,50.8,111.4
198,217.4,80.8,45.776,57.3,98.9
198,217.1,82.6,45.943,45.7,100.8
198,216.3,85.9,46.193,49.9,111.0
198,216.0,87.0,46.277,50.3,105.3
198,215.8,88.1,46.36,49.7,101.6
198,214.8,91.8,46.61,48.3,102.1
198,214.5,93.0,46.693,46.0,106.1
198,214.2,94.3,46.777,46.8,103.1
198,213.6,95.7,46.86,54.3,111.7
198,213.3,97.0,46.944,45.7,103.1
198,212.6,100.3,47.11,51.2,101.5
198,210.6,107.5,47.444,46.5,102.0
198,210.1,109.7,47.527,56.8,103.3
198,208.8,113.4,47.694,55.3,108.7
198,208.2,115.7,47.777,53.2,104.9
198,206.4,123.3,48.028,56.8,103.1
198,205.6,125.8,48.111,48.3,107.3
198,205.0,128.3,48.194,47.3,102.2
198,204.2,131.5,48.278,56.1,104.7
198,203.1,134.7,48.361,54.6,108.9
198,202.3,137.7,48.444,47.5,104.5
198,201.2,141.4,48.528,55.5,106.4
198,200.3,144.8,48.611,48.3,105.2
198,198.2,153.0,48.778,49.1,104.7
198,196.9,157.8,48.861,56.2,105.6
198,194.1,168.0,49.028,46.9,105.4
198,191.1,179.0,49.195,57.8,105.6
198,189.7,184.7,49.278,48.0,103.9
198,187.8,191.8,49.362,55.3,104.7
198,186.1,198.7,49.445,49.4,104.2
198,184.0,207.2,49.528,56.2,103.7
198,182.1,215.1,49.612,48.4,103.8
198,177.4,235.0,49.779,45.9,104.1
198,171.7,259.8,49.945,49.2,102.5
206,211.9,96.0,48.278,49.2,106.2
206,210.5,100.8,48.528,55.1,107.7
206,209.6,104.0,48.695,55.8,106.7
206,209.2,105.6,48.778,48.0,101.7
206,208.4,107.7,48.861,57.1,112.9
206,207.7,109.8,48.945,56.5,107.2
206,207.4,111.7,49.028,48.7,99.8
206,206.0,115.5,49.195,54.5,108.4
206,205.4,117.6,49.278,47.3,106.0
206,204.8,120.0,49.362,50.9,105.5
206,203.3,124.9,49.528,55.5,108.1
206,201.0,133.1,49.779,47.9,98.9
206,200.0,136.4,49.862,54.2,106.6
206,199.2,139.4,49.945,46.9,104.9
206,198.1,143.1,50.029,53.7,106.6
206,197.2,146.5,50.112,47.9,105.4
206,196.2,150.9,50.195,57.0,102.5
206,193.7,159.1,50.362,52.8,106.8
206,191.3,168.7,50.529,55.7,104.0
206,188.0,179.4,50.696,54.7,103.3
206,186.9,184.9,50.779,46.3,102.1
206,185.1,192.0,50.862,54.9,104.2
206,181.4,206.2,51.029,54.5,104.8
206,177.2,223.1,51.196,54.3,103.5
206,174.2,234.4,51.279,57.8,104.9
206,171.8,244.3,51.363,46.1,103.5
206,166.1,266.2,51.53,47.8,105.1
207,209.4,80.3,48.695,52.3,100.0
207,208.9,84.2,49.028,47.5,94.3
207,208.2,87.1,49.278,47.6,103.7
207,207.7,90.9,49.528,51.3,94.9
207,207.5,92.0,49.612,45.8,102.0
207,206.5,96.4,49.862,54.3,102.3
207,206.3,97.8,49.945,48.7,98.3
207,206.2,99.4,50.029,53.6,92.8
207,206.0,100.9,50.112,46.3,99.4
207,205.6,102.6,50.195,54.5,104.1
207,205.0,106.0,50.362,56.3,97.6
207,204.6,107.7,50.446,46.8,102.0
207,204.2,109.7,50.529,53.4,101.7
207,203.8,111.6,50.612,48.6,101.0
207,203.4,113.9,50.696,55.0,102.1
207,202.9,115.9,50.779,46.6,103.4
207,201.8,120.8,50.946,47.7,105.1
207,201.2,123.5,51.029,56.3,101.8
207,200.7,126.1,51.113,50.1,100.6
207,198.9,135.7,51.363,47.1,97.8
207,197.5,142.1,51.53,55.8,103.2
207,196.6,145.5,51.613,46.8,105.9
207,195.7,149.8,51.696,57.8,101.5
207,195.0,153.7,51.78,48.4,100.6
207,194.0,158.6,51.863,57.3,101.5
207,193.0,162.9,51.946,47.2,102.3
207,192.0,168.5,52.03,58.3,100.8
207,191.1,173.3,52.113,45.8,100.4
207,189.7,179.6,52.197,56.6,102.1
207,188.6,185.4,52.28,48.8,101.0
207,187.0,192.7,52.363,56.4,102.1
207,185.7,199.3,52.447,46.7,101.5
207,183.7,207.7,52.53,55.5,103.4
207,182.0,215.3,52.613,46.1,102.5
207,179.8,225.6,52.697,57.0,102.1
207,177.9,234.8,52.78,46.6,101.5
207,175.2,247.3,52.864,57.0,102.4
207,172.9,258.7,52.947,47.1,101.5
209,203.5,70.9,48.444,56.1,109.2
209,203.2,71.6,48.528,54.7,110.1
209,202.1,72.8,48.695,54.7,122.3
209,201.3,73.9,48.861,46.0,117.8
209,199.6,76.8,49.195,48.8,118.4
209,198.8,78.1,49.362,49.2,129.9
209,197.9,79.8,49.528,48.9,116.2
209,197.6,80.8,49.612,55.9,110.2
209,196.8,81.8,49.695,52.6,128.3
209,196.6,82.9,49.779,54.5,99.0
209,196.0,83.9,49.862,51.9,121.3
209,191.7,89.9,50.362,49.6,127.4
209,188.7,94.5,50.696,57.6,122.7
209,188.0,95.8,50.779,46.9,120.1
209,186.9,97.3,50.862,52.2,125.6
209,185.6,100.0,51.029,53.8,118.6
209,183.7,103.1,51.196,50.4,131.6
209,182.2,104.8,51.279,50.5,130.6
209,181.1,106.6,51.363,49.5,122.0
209,178.9,109.8,51.53,49.2,119.5
209,177.7,111.7,51.613,46.2,123.0
209,176.7,113.7,51.696,49.1,117.4
209,173.9,117.9,51.863,52.0,127.0
209,170.9,122.4,52.03,51.2,125.4
209,165.8,129.8,52.28,46.4,125.1
209,164.8,133.0,52.363,55.5,108.3
209,159.1,141.8,52.613,46.7,125.8
209,155.3,149.0,52.78,49.0,117.4
209,153.3,153.3,52.864,54.4,115.2
209,151.6,157.3,52.947,46.4,113.4
209,148.7,162.0,53.03,52.1,121.8
209,143.7,171.4,53.197,52.9,114.8
209,137.8,182.3,53.364,54.4,117.8
209,128.0,200.7,53.614,45.8,117.9
209,123.6,209.1,53.697,54.4,117.8
209,114.6,226.6,53.864,53.7,117.6
209,103.5,247.3,54.031,53.4,118.4
219,367.8,242.2,52.113,45.7,240.4
219,362.6,230.3,52.197,57.9,246.1
219,355.4,220.4,52.28,53.4,234.0
219,349.6,210.7,52.363,57.7,239.5
219,345.7,203.1,52.447,49.2,243.0
219,338.0,188.1,52.613,49.1,241.4
219,331.3,175.2,52.78,51.3,243.9
219,327.6,169.2,52.864,57.4,238.4
219,325.3,164.5,52.947,48.8,244.3
219,322.6,159.7,53.03,53.0,240.9
219,320.5,155.4,53.114,50.6,243.9
219,311.0,135.5,53.531,48.5,246.6
219,307.9,129.8,53.697,54.1,236.9
219,306.7,127.1,53.781,48.7,245.9
219,305.1,124.3,53.864,55.7,240.0
219,304.4,121.9,53.948,48.7,254.4
219,299.9,114.8,54.198,52.5,239.4
219,297.0,108.9,54.448,48.3,242.7
219,295.8,107.0,54.531,51.7,238.5
219,295.1,105.4,54.615,46.6,245.7
219,295.0,103.5,54.698,56.1,266.3
219,293.1,101.9,54.781,49.7,221.2
219,291.1,98.4,54.948,48.7,239.7
219,289.7,95.7,55.115,47.9,242.2
219,285.5,86.8,55.448,54.3,239.8
220,221.3,66.6,51.863,51.5,99.9
220,220.5,69.9,52.363,53.6,102.8
220,220.0,72.7,52.697,50.4,104.5
220,219.5,73.9,52.864,49.4,107.3
220,219.4,74.7,52.947,51.3,101.0
220,219.3,75.4,53.03,48.9,97.0
220,219.1,76.2,53.114,49.3,102.6
220,218.8,77.0,53.197,47.7,110.5
220,218.6,77.9,53.281,52.7,105.4
220,218.5,78.7,53.364,52.1,97.8
220,217.9,80.8,53.531,53.8,104.9
220,217.3,82.4,53.697,53.1,117.1
220,216.8,84.3,53.864,54.6,105.0
220,215.5,88.8,54.198,58.0,100.8
220,215.1,89.9,54.281,46.7,109.3
220,214.8,91.1,54.364,48.7,106.1
220,214.3,92.3,54.448,45.8,110.8
220,214.0,93.7,54.531,54.6,103.1
220,213.6,94.9,54.615,46.8,108.3
220,212.7,99.6,54.865,58.0,105.4
220,211.9,102.7,55.032,55.6,103.1
220,211.4,104.4,55.115,51.1,105.6
220,210.9,106.3,55.198,54.0,105.0
220,210.5,108.0,55.282,47.7,103.5
220,210.1,110.2,55.365,57.9,101.7
220,208.9,114.2,55.532,56.5,105.9
220,208.3,116.4,55.615,51.8,103.1
220,207.6,118.9,55.699,54.6,105.6
220,206.5,124.1,55.865,48.6,101.5
220,206.0,126.5,55.949,45.9,102.1
220,205.4,129.3,56.032,49.8,103.0
220,204.6,132.1,56.115,50.5,105.2
220,203.6,135.4,56.199,54.4,107.7
220,203.0,138.3,56.282,46.0,101.9
220,202.0,142.0,56.366,54.7,104.7
220,201.4,145.4,56.449,47.9,100.4
220,200.4,149.7,56.532,57.8,103.1
220,199.3,153.6,56.616,48.9,104.8
220,198.0,158.5,56.699,57.0,105.9
220,196.9,162.8,56.783,47.3,103.7
220,195.5,168.2,56.866,56.4,104.7
220,192.8,179.2,57.033,56.6,103.1
220,191.4,184.8,57.116,46.6,104.6
220,189.7,191.9,57.199,55.5,103.7
220,188.0,198.4,57.283,46.7,104.8
220,186.0,206.9,57.366,56.3,103.0
220,184.2,214.4,57.45,45.8,103.3
220,181.8,224.6,57.533,57.5,103.4
220,179.7,233.6,57.616,45.7,103.1
220,177.0,245.7,57.7,55.9,102.6
223,377.6,247.6,53.864,49.0,237.1
223,371.3,237.4,53.948,47.1,238.3
223,364.5,226.1,54.031,57.2,238.9
223,359.3,217.5,54.114,47.7,238.9
223,353.5,208.3,54.198,56.2,237.8
223,349.3,201.0,54.281,48.6,239.8
223,344.5,193.1,54.364,56.8,239.0
223,330.1,169.5,54.698,55.2,237.5
223,327.3,165.0,54.781,46.6,238.8
223,324.3,159.9,54.865,55.8,238.8
223,318.9,151.7,55.032,54.2,235.7
223,314.2,144.1,55.198,57.4,238.7
223,312.4,140.9,55.282,46.1,239.5
223,310.1,137.5,55.365,53.4,237.3
223,308.4,134.5,55.448,47.9,239.2
223,306.3,131.5,55.532,52.8,236.5
223,304.8,128.7,55.615,50.0,240.9
223,303.0,125.8,55.699,55.2,238.9
226,379.4,216.1,53.197,53.8,232.3
226,373.1,208.0,53.281,50.1,232.5
226,354.6,184.0,53.531,47.9,230.9
226,346.1,172.7,53.697,56.6,232.4
226,342.3,167.7,53.781,49.1,232.6
226,328.0,149.4,54.114,47.0,231.1
226,324.6,145.3,54.198,56.1,231.0
226,321.9,142.0,54.281,47.5,229.8
226,316.6,135.1,54.448,48.7,233.0
226,313.7,131.7,54.531,57.9,229.4
226,311.5,129.0,54.615,48.9,231.2
226,307.3,123.5,54.781,47.5,232.7
226,300.9,115.6,55.032,55.0,226.8
226,299.3,113.7,55.115,46.0,231.2
226,297.4,111.4,55.198,58.0,230.5
226,296.0,109.6,55.282,47.5,230.9
226,294.2,107.6,55.365,54.6,229.0
226,292.9,105.6,55.448,54.9,236.4
226,291.1,103.8,55.532,55.5,226.1
226,290.0,102.2,55.615,49.6,235.4
226,288.4,100.3,55.699,57.7,228.5
226,286.9,98.6,55.782,57.5,228.7
226,284.7,95.6,55.949,47.9,233.7
226,282.3,92.7,56.115,48.7,229.9
226,281.1,91.3,56.199,56.4,228.9
226,280.2,90.1,56.282,46.6,230.8
226,279.2,88.8,56.366,57.7,234.8
226,278.4,87.7,56.449,48.7,232.2
226,277.3,86.7,56.532,46.9,224.5
226,274.1,82.0,56.866,57.3,234.5
226,271.9,78.6,57.199,51.7,233.7
226,270.8,77.0,57.366,55.8,242.1
226,269.3,74.3,57.616,50.4,243.1
226,268.6,73.6,57.7,50.7,226.5
226,267.3,71.3,57.95,52.7,245.9
226,266.8,70.6,58.033,48.3,230.8
226,266.4,70.0,58.117,52.5,238.7
226,262.5,63.7,59.034,49.4,228.9
227,221.9,66.8,53.197,57.0,103.1
227,221.8,67.3,53.281,49.4,94.4
227,221.6,67.9,53.364,47.2,109.4
227,220.9,70.4,53.697,49.6,101.3
227,219.9,73.8,54.114,55.4,106.2
227,219.4,76.1,54.364,56.9,105.7
227,219.1,76.9,54.448,50.1,107.8
227,218.5,78.9,54.615,54.7,105.9
227,218.2,79.8,54.698,54.9,106.5
227,217.9,80.8,54.781,49.7,105.8
227,216.6,85.1,55.198,54.8,103.0
227,216.3,86.1,55.282,45.7,105.6
227,215.7,88.7,55.448,48.6,101.5
227,215.3,89.8,55.532,48.9,110.4
227,214.2,93.9,55.782,49.3,107.1
227,213.5,96.4,55.949,46.5,100.2
227,213.1,97.8,56.032,49.1,106.3
227,212.6,99.2,56.115,47.1,107.1
227,212.1,100.8,56.199,52.3,107.1
227,211.7,102.6,56.282,55.8,102.8
227,211.2,104.5,56.366,57.6,104.2
227,210.3,107.8,56.532,50.7,104.0
227,209.9,109.7,56.616,52.4,100.4
227,209.2,111.8,56.699,51.9,109.4
227,208.7,113.7,56.783,48.1,105.3
227,207.0,120.9,57.033,53.6,100.4
227,206.4,123.2,57.116,47.7,106.2
227,203.0,134.6,57.45,47.0,103.7
227,202.2,138.2,57.533,56.6,102.2
227,200.6,145.2,57.7,56.5,103.7
227,198.5,153.6,57.867,49.0,103.0
227,196.5,162.3,58.033,54.4,102.9
227,195.3,166.7,58.117,46.5,104.4
227,193.8,172.5,58.2,56.7,104.6
227,192.5,177.6,58.283,46.6,104.3
227,190.8,184.2,58.367,56.1,104.7
227,187.5,197.7,58.534,56.5,103.3
227,185.7,204.5,58.617,46.0,104.7
227,183.6,213.6,58.7,56.6,103.3
227,181.6,221.8,58.784,46.7,103.5
227,179.1,232.6,58.867,56.2,103.0
227,176.7,242.5,58.95,46.5,103.5
227,173.7,255.5,59.034,55.9,103.1
228,127.1,198.8,53.864,57.6,118.0
228,122.8,206.1,53.948,48.3,120.2
228,118.0,214.9,54.031,53.8,118.5
228,103.2,242.2,54.281,48.1,117.4
231,371.8,247.2,55.699,49.7,238.2
231,358.9,225.2,55.865,48.7,239.9
231,348.7,208.2,56.032,54.8,239.4
231,344.8,201.2,56.115,46.7,240.9
231,339.8,193.1,56.199,57.5,238.2
231,336.5,187.2,56.282,45.9,241.0
231,332.3,180.5,56.366,56.4,237.8
231,329.3,175.0,56.449,48.9,241.6
231,325.8,169.2,56.532,56.6,239.0
231,320.4,159.8,56.699,57.2,240.9
231,315.0,151.7,56.866,53.5,236.8
231,310.7,144.2,57.033,56.5,239.7
231,306.8,137.6,57.199,55.2,240.8
231,304.9,134.7,57.283,46.8,236.8
231,303.5,131.6,57.366,52.8,245.1
231,301.8,129.0,57.45,47.4,236.6
231,299.9,126.1,57.533,53.6,237.0
231,299.2,123.7,57.616,47.0,252.5
231,297.3,121.3,57.7,50.6,232.9
231,294.2,116.4,57.867,46.0,236.8
231,293.3,114.4,57.95,47.7,246.9
231,292.1,112.4,58.033,49.6,239.4
231,291.0,110.5,58.117,47.0,238.5
231,290.0,108.6,58.2,52.2,244.5
231,289.0,106.9,58.283,46.7,238.0
231,287.6,104.9,58.367,58.0,235.2
231,285.6,101.8,58.534,56.7,238.5
231,283.9,98.8,58.7,57.4,243.9
231,279.4,90.8,59.201,56.1,246.2
231,278.8,89.7,59.284,45.8,242.7
231,276.6,86.5,59.534,57.7,238.8
231,273.2,79.9,60.118,50.5,242.2
231,269.7,74.1,60.701,56.5,247.8
231,269.1,72.8,60.868,48.8,240.3
231,268.4,72.1,60.952,53.1,224.6
231,265.2,66.2,61.785,56.4,227.3
231,264.6,65.2,61.952,46.1,240.5
231,262.1,61.2,62.703,51.9,252.1
231,259.9,58.2,63.37,46.6,235.2
236,362.9,224.8,58.033,56.0,239.7
236,357.6,216.3,58.117,47.9,238.0
236,352.1,207.2,58.2,56.5,238.8
236,347.7,200.3,58.283,45.8,237.4
236,342.6,192.5,58.367,56.8,236.9
236,339.1,186.3,58.45,48.3,240.8
236,335.3,179.7,58.534,56.0,239.8
236,328.7,168.9,58.7,56.0,238.2
236,326.0,164.4,58.784,46.7,239.4
236,322.9,159.8,58.867,50.8,236.2
236,317.6,151.5,59.034,55.4,237.8
236,313.1,144.1,59.201,55.5,240.0
236,308.7,137.6,59.367,53.9,236.3
236,307.3,134.7,59.451,46.3,242.7
236,305.2,131.6,59.534,54.4,236.7
236,301.9,126.2,59.701,53.5,237.5
236,296.1,116.5,60.034,45.9,235.1
236,293.7,112.6,60.201,49.3,237.1
236,292.6,110.7,60.285,50.5,240.2
236,291.4,108.7,60.368,53.6,238.4
236,290.1,106.8,60.451,52.5,235.8
236,285.4,99.1,60.868,52.9,237.2
236,283.6,96.2,61.035,54.3,238.2
236,282.9,94.8,61.118,50.7,242.3
236,280.5,91.2,61.369,48.0,234.5
236,280.0,90.1,61.452,47.6,246.6
236,279.2,88.9,61.535,51.2,234.9
236,277.9,86.9,61.702,46.5,240.6
236,274.9,82.0,62.119,51.3,240.3
237,218.5,77.0,56.366,55.6,100.5
237,217.6,79.0,56.532,56.8,115.4
237,217.3,79.9,56.616,51.9,110.3
237,217.1,80.9,56.699,54.4,102.0
237,216.2,84.5,57.033,47.6,97.5
237,215.3,87.8,57.283,50.1,101.6
237,215.0,88.9,57.366,48.0,107.0
237,214.7,90.0,57.45,49.1,103.9
237,213.5,93.7,57.7,58.2,104.3
237,212.6,96.8,57.867,52.0,101.9
237,211.8,99.6,58.033,56.2,108.7
237,210.8,102.7,58.2,54.9,106.2
237,209.9,105.8,58.367,50.8,105.3
237,209.7,107.7,58.45,52.4,98.6
237,209.0,109.7,58.534,52.6,107.7
237,208.5,111.7,58.617,51.2,104.1
237,207.9,113.8,58.7,50.5,106.3
237,207.5,115.8,58.784,47.0,102.5
237,206.5,120.6,58.95,46.3,100.1
237,205.8,123.3,59.034,57.0,104.0
237,205.2,125.7,59.117,45.7,103.5
237,204.5,128.6,59.201,55.0,104.1
237,203.8,131.5,59.284,49.7,103.8
237,201.0,141.4,59.534,54.0,108.8
237,198.1,152.7,59.784,48.2,104.7
237,196.3,161.9,59.951,47.3,102.9
237,194.9,167.4,60.034,56.9,104.2
237,193.6,172.2,60.118,46.9,104.7
237,191.7,178.2,60.201,55.3,107.5
237,190.1,183.9,60.285,47.9,105.6
237,188.4,191.2,60.368,57.8,103.2
237,184.9,207.1,60.535,49.6,102.6
237,181.0,224.1,60.701,54.3,103.8
237,178.7,233.3,60.785,47.3,104.0
237,176.1,245.8,60.868,58.1,101.8
237,173.6,256.8,60.952,46.0,103.1
238,214.6,87.9,56.366,50.6,108.7
238,214.5,89.0,56.449,50.0,98.2
238,213.6,91.9,56.616,57.4,104.5
238,213.3,93.3,56.699,52.9,105.2
238,213.1,94.5,56.783,46.3,99.0
238,212.7,95.9,56.866,50.1,106.0
238,211.7,98.8,57.033,57.1,105.0
238,211.2,100.3,57.116,48.9,108.4
238,210.5,102.0,57.199,51.2,111.8
238,210.2,103.6,57.283,49.3,101.8
238,209.7,105.5,57.366,56.4,104.7
238,208.7,109.2,57.533,57.5,102.8
238,207.6,113.3,57.7,58.0,106.8
238,207.0,115.6,57.783,54.8,106.0
238,206.3,117.8,57.867,49.6,106.0
238,205.3,122.4,58.033,54.2,100.9
238,204.7,124.7,58.117,45.8,104.9
238,203.9,127.3,58.2,49.0,107.5
238,203.1,130.4,58.283,54.7,103.5
238,202.3,133.8,58.367,58.3,103.8
238,201.3,136.7,58.45,47.5,109.7
238,200.6,140.5,58.534,58.0,100.4
238,199.9,143.7,58.617,46.8,102.2
238,199.0,147.9,58.7,57.3,102.0
238,198.1,151.9,58.784,50.8,102.1
238,196.9,156.5,58.867,55.9,104.8
238,195.8,160.7,58.95,47.4,104.6
238,194.4,166.0,59.034,56.8,105.0
238,193.3,170.7,59.117,46.7,102.5
238,190.5,182.6,59.284,47.2,104.2
238,188.9,189.8,59.367,57.8,102.3
238,187.4,196.3,59.451,48.0,103.1
238,185.6,204.6,59.534,56.3,102.3
238,183.9,212.2,59.618,47.7,102.6
238,181.7,222.2,59.701,57.4,102.3
238,179.7,231.3,59.784,47.3,102.7
238,177.1,243.3,59.868,56.9,101.9
238,174.6,254.4,59.951,47.5,102.8
238,172.0,266.2,60.034,45.8,102.6
239,292.9,109.1,56.366,57.5,245.7
239,291.4,107.2,56.449,51.5,232.7
239,290.1,105.3,56.532,54.5,234.5
239,289.1,103.7,56.616,46.7,238.7
239,288.0,101.9,56.699,57.5,238.3
239,286.9,100.3,56.783,49.2,236.4
239,285.8,98.7,56.866,53.3,235.5
239,285.1,97.2,56.949,53.3,244.0
239,284.2,95.9,57.033,47.7,235.8
239,283.2,94.6,57.116,47.8,233.7
239,281.6,91.8,57.283,48.2,235.9
239,280.3,89.2,57.45,49.1,246.0
239,279.5,87.9,57.533,56.8,238.2
239,278.7,86.9,57.616,45.7,230.9
239,277.9,85.9,57.7,49.4,235.2
239,275.3,82.0,58.033,52.3,236.6
239,274.1,80.1,58.2,56.5,236.1
239,273.1,78.1,58.367,53.5,237.9
239,271.6,76.0,58.617,52.5,238.8
239,271.1,75.1,58.7,54.5,241.5
239,270.6,74.3,58.784,53.8,238.2
239,268.9,71.3,59.117,49.2,231.5
240,390.7,232.1,56.366,55.3,236.1
240,384.1,222.3,56.449,52.1,236.0
240,371.5,203.7,56.616,49.9,235.5
240,361.0,188.9,56.783,47.2,233.9
240,352.1,176.3,56.949,48.5,234.5
240,348.0,170.3,57.033,57.3,235.7
240,344.7,165.4,57.116,49.4,235.7
240,338.2,155.8,57.283,48.5,235.0
240,335.0,151.2,57.366,58.3,235.4
240,332.3,147.3,57.45,51.5,236.0
240,329.5,143.2,57.533,57.4,235.1
240,326.9,140.0,57.616,47.1,230.5
240,319.5,129.5,57.867,51.9,234.7
240,316.5,124.3,58.033,55.8,244.8
240,312.0,119.4,58.2,56.4,228.7
240,310.4,117.0,58.283,54.1,237.0
240,307.0,112.4,58.45,50.2,231.3
240,304.0,108.4,58.617,47.8,233.1
240,302.6,106.5,58.7,53.6,234.0
240,301.5,104.6,58.784,54.9,238.1
240,299.9,102.7,58.867,58.0,230.6
240,296.5,97.9,59.117,55.5,236.8
240,295.3,96.3,59.201,56.2,233.0
240,294.4,94.8,59.284,52.9,237.0
240,293.2,93.6,59.367,46.8,226.4
240,290.3,89.6,59.618,53.0,236.4
240,289.2,88.5,59.701,51.7,228.4
240,288.5,87.2,59.784,54.8,239.8
240,286.7,84.8,59.951,53.6,236.1
240,285.9,83.8,60.034,52.5,231.5
240,285.0,82.8,60.118,48.0,225.8
240,284.2,81.7,60.201,57.3,233.8
240,283.4,80.7,60.285,54.3,229.8
240,282.5,79.8,60.368,54.5,227.5
240,280.9,77.8,60.535,57.7,230.9
240,280.3,77.0,60.618,46.3,232.3
240,279.6,76.1,60.701,55.9,233.1
240,279.1,75.4,60.785,47.3,236.0
240,278.4,74.7,60.868,49.0,224.7
240,277.8,73.9,60.952,52.9,232.9
240,274.4,69.3,61.452,48.4,230.7
240,272.9,67.5,61.702,52.3,228.8
240,272.4,66.9,61.785,55.3,233.6
240,269.6,63.8,62.286,56.2,221.3
240,268.5,62.1,62.536,53.6,236.3
240,266.5,60.0,62.953,53.4,224.3
240,265.9,59.0,63.12,48.3,236.6
243,204.5,85.9,57.199,51.0,115.9
243,203.9,87.2,57.283,58.3,116.5
243,202.4,90.8,57.533,53.4,114.5
243,201.3,93.2,57.7,48.2,114.9
243,198.8,98.7,58.033,51.2,116.3
243,197.0,101.8,58.2,57.2,125.1
243,195.8,104.8,58.367,52.5,111.5
243,194.5,108.0,58.534,52.0,117.1
243,193.8,109.8,58.617,47.6,110.5
243,192.8,111.7,58.7,50.3,116.4
243,192.2,113.6,58.784,46.0,109.8
243,191.2,115.7,58.867,47.8,115.4
243,190.5,117.7,58.95,45.8,109.9
243,189.2,120.2,59.034,53.6,117.2
243,186.1,127.0,59.284,54.1,109.7
243,184.8,130.1,59.367,56.0,112.8
243,182.1,136.1,59.534,56.6,108.8
243,179.7,142.2,59.701,53.5,111.5
243,176.7,149.4,59.868,52.4,112.9
243,175.3,153.0,59.951,45.7,111.7
243,173.4,157.5,60.034,53.0,112.7
243,169.6,166.3,60.201,52.7,113.5
243,165.7,176.4,60.368,52.5,110.7
243,163.0,182.9,60.451,56.3,112.3
243,155.5,201.4,60.701,51.2,112.2
243,149.3,216.9,60.868,53.4,111.2
243,142.1,235.0,61.035,51.4,112.3
243,133.2,257.0,61.202,52.8,112.4
246,219.2,73.9,58.534,50.5,106.5
246,218.2,76.8,58.784,57.9,113.2
246,217.9,77.7,58.867,53.4,106.1
246,217.4,79.1,59.034,57.1,105.7
246,217.2,80.0,59.117,46.9,107.9
246,216.7,80.9,59.201,52.8,115.0
246,216.3,81.9,59.284,50.6,111.4
246,216.0,82.9,59.367,52.8,109.4
246,215.6,84.0,59.451,54.4,107.6
246,215.4,85.2,59.534,56.1,102.8
246,214.2,88.8,59.784,51.7,110.1
246,212.8,93.8,60.118,47.3,109.3
246,212.2,95.0,60.201,47.2,115.2
246,211.6,96.6,60.285,56.4,110.2
246,211.3,98.3,60.368,57.8,102.4
246,210.8,100.0,60.451,55.9,106.0
246,210.0,101.7,60.535,54.7,114.8
246,209.1,104.8,60.701,49.1,105.1
246,208.6,106.7,60.785,54.6,104.5
246,207.9,108.7,60.868,56.1,108.1
246,207.5,110.7,60.952,50.4,101.9
246,207.0,112.8,61.035,52.7,104.0
246,206.3,114.8,61.118,47.1,109.0
246,204.6,119.7,61.285,49.9,109.0
246,201.8,130.7,61.619,48.3,105.1
246,199.8,137.4,61.785,50.0,104.3
246,198.8,141.1,61.869,55.7,104.9
246,197.9,144.4,61.952,47.5,105.7
246,196.8,148.7,62.036,58.2,103.9
246,195.5,152.5,62.119,48.2,109.1
246,193.2,161.7,62.286,46.6,107.6
246,190.0,172.0,62.452,46.1,105.5
246,188.5,178.4,62.536,58.2,103.9
246,186.9,184.4,62.619,50.2,104.3
246,185.3,191.8,62.703,58.1,102.4
246,183.5,198.4,62.786,47.5,104.9
246,181.3,207.2,62.869,58.1,104.3
246,176.2,226.6,63.036,49.3,104.9
246,171.1,248.3,63.203,57.6,103.5
246,168.4,260.0,63.286,47.8,103.1
253,368.5,246.0,59.868,54.3,236.2
253,362.4,235.7,59.951,48.2,239.7
253,351.2,215.5,60.118,49.1,240.5
253,341.7,198.8,60.285,48.8,241.0
253,336.7,191.0,60.368,57.7,237.4
253,327.7,177.7,60.535,49.8,253.8
253,320.5,167.6,60.701,57.5,226.8
253,317.6,163.1,60.785,46.8,236.9
253,314.5,158.3,60.868,54.3,238.0
253,312.5,154.2,60.952,48.4,243.4
253,310.2,149.9,61.035,55.1,241.6
253,308.2,146.5,61.118,45.7,240.1
253,306.2,142.6,61.202,54.8,242.5
253,304.3,139.3,61.285,49.0,240.6
253,302.6,135.8,61.369,56.5,244.4
253,296.5,124.6,61.702,50.3,243.7
253,292.9,117.3,61.952,49.6,246.2
253,291.8,115.2,62.036,49.8,241.9
253,287.6,107.5,62.369,57.4,243.9
253,286.5,105.6,62.452,53.3,238.5
253,285.4,103.9,62.536,48.6,237.7
253,284.0,100.9,62.703,52.8,241.8
253,283.4,99.5,62.786,46.2,249.5
253,282.5,97.9,62.869,53.7,238.6
253,278.9,91.4,63.286,47.1,238.5
253,277.7,88.8,63.453,47.1,243.1
253,277.0,87.7,63.536,48.9,239.4
253,275.2,84.8,63.787,50.1,238.5
253,274.7,83.8,63.87,46.9,242.4
253,273.5,81.9,64.037,55.1,236.5
253,273.1,81.0,64.12,50.6,245.9
253,272.8,80.1,64.203,53.4,252.5
253,271.2,78.1,64.37,51.8,238.0
253,267.0,71.1,65.204,57.4,237.3
253,266.2,70.0,65.371,55.6,238.9
254,347.2,206.9,59.868,55.3,239.0
254,342.4,199.1,59.951,52.4,238.0
254,326.9,173.2,60.285,45.9,239.1
254,323.3,167.4,60.368,57.6,238.5
254,317.5,157.3,60.535,55.3,240.2
257,219.0,73.8,60.618,52.4,102.3
257,217.5,79.3,61.118,51.4,112.9
257,217.3,80.3,61.202,58.4,100.0
257,217.1,81.3,61.285,49.5,100.8
257,215.9,87.1,61.702,54.6,103.1
257,214.9,90.9,61.952,50.4,98.2
257,214.0,94.0,62.119,51.8,107.7
257,212.5,100.5,62.452,56.0,98.2
257,211.7,104.1,62.619,47.9,104.2
257,210.7,108.1,62.786,47.2,104.6
257,209.0,115.6,63.036,55.4,105.6
257,208.5,117.8,63.12,49.3,104.0
257,207.7,120.5,63.203,57.3,107.0
257,207.3,122.8,63.286,48.5,99.3
257,205.6,128.8,63.453,49.8,101.6
257,203.9,135.9,63.62,53.1,105.1
257,202.3,143.5,63.787,50.3,102.1
257,200.1,152.4,63.953,50.6,103.8
257,197.6,162.2,64.12,51.8,103.0
257,194.7,173.8,64.287,52.6,103.2
257,191.4,187.5,64.454,53.8,104.5
257,187.7,203.9,64.62,53.6,102.3
257,183.1,223.2,64.787,52.3,103.7
257,173.6,263.9,65.037,53.4,103.1
265,393.7,248.0,61.285,48.2,235.8
265,378.8,225.5,61.452,47.7,236.6
265,366.6,207.1,61.619,48.8,235.5
265,356.9,191.8,61.785,47.7,237.5
265,344.4,172.6,62.036,57.6,237.2
265,341.2,167.6,62.119,49.3,237.6
265,331.7,153.6,62.369,55.1,234.8
265,329.2,149.6,62.452,50.4,237.2
265,326.5,145.4,62.536,58.0,238.2
265,320.1,135.4,62.786,45.7,236.8
265,317.8,132.0,62.869,57.1,235.1
265,313.6,126.2,63.036,46.4,231.4
265,310.6,121.5,63.203,50.5,237.7
265,307.3,116.4,63.37,50.9,232.8
265,305.8,114.3,63.453,48.1,233.5
265,304.2,112.0,63.536,57.9,235.0
265,301.3,108.3,63.703,56.4,235.0
265,300.4,106.7,63.787,46.2,240.8
265,299.4,104.7,63.87,57.6,242.7
265,298.3,103.1,63.953,48.5,236.7
265,297.1,101.5,64.037,49.2,232.4
265,296.1,99.8,64.12,56.1,239.1
265,294.7,98.2,64.203,51.8,227.9
265,293.8,96.8,64.287,49.8,235.9
265,292.6,95.4,64.37,50.5,230.2
265,291.1,92.8,64.537,55.5,244.9
265,287.8,87.8,64.871,53.7,237.4
265,286.8,86.6,64.954,56.4,231.1
265,284.9,83.7,65.204,58.2,243.2
265,284.3,82.8,65.287,47.0,238.0
265,283.6,81.9,65.371,50.4,233.2
265,283.1,80.8,65.454,55.0,246.6
265,282.3,80.0,65.538,47.8,227.2
265,281.1,78.0,65.704,55.3,231.7
265,280.2,76.8,65.871,53.2,240.4
265,279.5,75.9,65.954,53.8,233.9
265,277.6,73.6,66.205,51.5,222.0
265,277.3,73.0,66.288,46.6,244.6
265,276.4,71.4,66.455,55.0,237.2
265,274.6,69.6,66.705,53.6,232.6
265,273.0,67.3,67.038,56.2,242.6
269,382.8,244.9,62.786,48.6,237.8
269,362.9,212.4,63.036,48.1,239.1
269,353.9,197.1,63.203,57.8,240.5
269,350.2,190.8,63.286,46.9,239.8
269,346.1,183.7,63.37,57.4,240.4
269,338.9,172.3,63.536,57.0,238.6
269,333.1,162.6,63.703,54.9,239.2
269,330.6,158.3,63.787,48.6,239.8
269,327.7,153.5,63.87,57.4,238.8
269,322.8,145.8,64.037,57.3,238.7
269,318.8,138.9,64.203,55.9,242.1
269,316.8,136.0,64.287,46.3,236.5
269,311.1,127.2,64.537,55.0,232.9
269,302.5,112.7,65.037,46.9,235.9
269,298.1,105.5,65.371,50.6,235.2
269,295.8,102.4,65.538,58.2,237.7
269,295.1,100.8,65.621,50.2,243.8
269,294.3,99.1,65.704,57.8,245.9
269,292.5,96.5,65.871,46.7,240.1
269,290.8,93.8,66.038,57.3,240.5
269,288.5,89.9,66.288,48.7,240.1
269,287.6,88.8,66.371,47.2,230.9
269,287.2,87.7,66.455,48.7,248.9
269,285.3,84.8,66.705,50.0,235.2
269,284.8,83.7,66.788,51.1,242.5
269,281.9,80.0,67.122,52.7,239.1
269,280.8,78.1,67.289,48.8,241.4
269,279.0,75.0,67.622,48.3,245.3
269,277.5,73.0,67.872,57.0,236.2
269,276.1,71.0,68.122,51.5,232.8
269,274.1,68.1,68.539,50.3,244.4
269,271.7,65.0,69.04,54.6,263.1
269,271.3,64.5,69.123,49.8,232.4
269,270.7,64.1,69.206,46.2,218.9
269,268.1,60.3,69.873,52.8,231.9
269,263.2,53.9,71.458,51.0,234.7
273,362.7,224.2,63.87,54.4,238.0
273,356.8,214.9,63.953,53.1,237.9
273,345.9,197.2,64.12,50.8,239.1
273,337.3,183.4,64.287,46.9,237.4
273,329.9,171.2,64.454,48.6,237.9
273,323.4,161.0,64.62,47.4,237.6
273,310.0,139.3,65.037,50.8,239.0
273,304.3,130.3,65.287,51.1,241.7
273,302.4,127.4,65.371,54.0,236.5
273,301.0,125.0,65.454,46.5,240.8
273,296.0,116.8,65.704,52.4,237.3
273,293.3,112.7,65.871,56.0,234.6
273,292.2,110.6,65.954,52.2,241.8
273,289.9,106.5,66.121,51.7,237.4
273,288.7,104.8,66.205,51.8,234.3
273,287.8,103.1,66.288,49.2,241.2
273,286.7,101.5,66.371,49.0,236.1
273,285.8,99.9,66.455,51.9,240.4
273,284.2,96.6,66.622,48.7,244.8
273,283.4,95.1,66.705,57.2,242.3
273,282.4,93.8,66.788,46.6,231.4
273,281.6,92.6,66.872,47.1,236.1
273,279.4,88.8,67.122,49.1,237.9
273,278.7,87.8,67.205,46.9,237.2
273,276.2,83.0,67.539,50.3,240.5
273,275.7,82.0,67.622,52.3,244.2
273,274.9,81.0,67.705,50.8,231.7
273,273.0,77.9,68.039,46.0,239.7
273,272.5,77.0,68.122,55.8,239.9
273,272.1,76.1,68.206,57.4,245.5
273,271.6,75.2,68.289,54.1,237.8
273,270.6,74.0,68.456,51.7,239.9
273,269.7,72.3,68.623,56.0,246.3
273,269.1,71.6,68.706,46.1,228.4
273,268.8,70.9,68.789,53.2,242.1
273,266.8,68.1,69.123,56.3,231.8
273,266.1,67.2,69.29,47.9,240.1
273,265.2,66.0,69.456,46.5,232.5
273,264.0,64.1,69.707,58.2,236.7
273,260.6,59.1,70.707,49.2,236.3
273,260.1,58.0,70.874,50.2,270.1
276,216.1,84.9,64.871,51.6,107.4
276,215.7,86.0,64.954,54.5,112.1
276,215.5,87.1,65.037,50.7,98.4
276,214.9,88.2,65.121,46.6,118.4
276,214.2,90.9,65.287,46.9,102.3
276,213.3,94.0,65.454,49.3,107.8
276,212.5,97.0,65.621,46.4,106.8
276,211.7,100.5,65.788,54.3,103.4
276,211.0,102.2,65.871,54.9,109.6
276,210.5,103.8,65.954,49.1,108.5
276,209.9,105.8,66.038,57.2,105.9
276,209.5,107.7,66.121,53.9,103.8
276,208.1,112.1,66.288,47.3,105.9
276,206.9,116.7,66.455,50.1,103.4
276,205.3,122.1,66.622,54.2,106.1
276,203.7,127.7,66.788,46.4,108.2
276,201.9,134.4,66.955,52.6,104.7
276,200.1,141.5,67.122,51.3,104.7
276,197.8,149.4,67.289,47.4,107.2
276,193.9,164.5,67.539,49.4,106.4
276,192.8,169.2,67.622,47.9,103.2
276,189.8,181.0,67.789,49.1,103.7
276,186.3,195.0,67.956,50.2,104.0
276,182.4,211.7,68.122,50.2,102.8
276,177.7,231.4,68.289,48.3,103.0
277,375.4,211.0,65.204,55.0,234.5
277,370.1,202.9,65.287,52.5,236.7
277,359.5,187.8,65.454,49.8,235.5
277,343.2,164.5,65.788,47.3,236.6
277,337.0,155.1,65.954,49.5,237.5
277,333.4,150.6,66.038,55.4,231.3
277,331.0,147.0,66.121,48.6,236.4
277,326.2,139.4,66.288,50.0,239.1
277,321.4,132.6,66.455,49.3,234.4
277,319.2,129.4,66.538,56.0,234.3
277,317.4,126.9,66.622,46.9,234.3
277,313.4,121.7,66.788,46.0,235.1
277,311.2,119.0,66.872,57.3,231.3
277,310.0,116.6,66.955,54.9,242.5
277,308.1,114.2,67.038,57.0,233.0
277,306.7,112.2,67.122,49.1,234.3
277,299.7,102.5,67.539,46.7,235.5
277,297.3,99.6,67.705,54.8,232.0
277,292.1,92.6,68.122,47.1,233.1
277,290.1,89.9,68.289,49.3,231.7
277,289.1,88.7,68.373,53.4,231.4
277,288.3,87.6,68.456,46.7,232.6
277,287.4,86.6,68.539,48.0,229.6
277,283.2,80.5,69.04,56.0,242.4
277,281.9,78.9,69.206,50.2,231.8
277,281.2,78.0,69.29,54.1,236.2
277,279.3,75.7,69.54,56.1,233.3
277,278.8,74.9,69.623,49.7,233.6
277,276.5,72.0,69.957,56.1,235.4
277,273.6,68.2,70.457,54.4,236.5
277,268.3,61.1,71.624,45.8,222.9
277,266.2,57.9,72.375,53.4,236.9
280,403.1,249.6,66.288,45.7,234.1
280,387.2,226.7,66.455,49.7,235.3
280,374.6,207.9,66.622,48.9,235.8
280,363.8,192.4,66.788,48.6,234.8
280,354.8,179.2,66.955,49.3,235.5
280,350.2,173.1,67.038,56.1,233.0
280,346.8,168.2,67.122,47.9,234.8
280,330.5,145.2,67.539,47.1,236.1
280,328.3,142.0,67.622,46.2,235.9
280,325.8,138.3,67.705,56.4,235.9
280,323.7,135.2,67.789,49.3,235.2
280,321.3,132.1,67.872,52.5,232.4
280,319.5,129.3,67.956,50.1,236.7
280,317.3,126.4,68.039,54.6,234.2
280,313.6,121.5,68.206,54.2,228.3
280,311.9,119.0,68.289,55.8,237.6
280,309.9,116.5,68.373,54.7,230.1
280,308.7,114.4,68.456,49.9,241.0
280,301.6,104.7,68.873,51.6,229.4
280,300.5,102.8,68.956,55.9,239.2
280,298.3,99.4,69.123,47.1,238.2
280,296.9,97.8,69.206,55.6,230.2
280,293.7,93.6,69.456,52.5,236.9
280,291.7,91.2,69.623,52.2,240.6
280,290.7,89.9,69.707,58.0,233.4
280,289.9,88.8,69.79,47.6,235.5
280,283.9,80.9,70.374,49.9,230.2
280,281.1,77.9,70.707,46.7,221.4
280,280.4,77.0,70.791,55.0,231.5
280,279.7,76.1,70.874,53.5,232.8
280,278.6,74.8,71.041,46.5,238.4
280,278.1,74.1,71.124,47.9,234.5
280,275.5,70.2,71.541,57.8,233.1
280,274.5,69.1,71.708,57.4,238.3
280,271.8,65.3,72.291,57.5,235.3
280,270.1,63.3,72.625,54.4,235.5
280,268.7,61.1,73.042,52.0,234.8
291,339.1,246.1,68.789,52.7,245.1
291,327.5,221.8,68.956,54.6,245.4
291,318.8,202.4,69.123,53.5,247.9
291,311.7,186.9,69.29,51.4,247.5
291,305.5,173.8,69.456,50.4,245.0
291,300.3,162.8,69.623,48.4,243.5
291,295.6,152.8,69.79,53.3,246.6
291,291.8,144.1,69.957,56.9,247.2
291,290.0,140.1,70.04,57.6,244.7
291,288.4,137.0,70.124,49.3,243.2
291,285.3,130.1,70.29,51.2,246.4
291,282.8,124.0,70.457,48.8,243.8
291,280.1,118.4,70.624,47.1,239.5
291,276.6,111.1,70.874,47.8,244.4
291,275.1,107.2,71.041,57.8,245.7
291,274.3,105.4,71.124,51.0,245.0
291,272.8,101.6,71.291,53.3,250.8
291,270.4,96.6,71.541,57.5,246.4
291,269.9,95.1,71.624,56.8,254.6
291,269.2,93.6,71.708,54.3,244.9
291,268.6,92.5,71.791,45.8,242.9
291,267.5,89.7,71.958,49.3,249.8
291,266.4,86.9,72.125,52.8,247.4
291,266.0,85.8,72.208,50.9,252.1
291,265.5,84.7,72.291,49.7,244.8
291,261.7,76.0,73.042,57.8,245.9
291,261.4,75.1,73.125,57.0,250.8
291,259.6,71.9,73.459,51.4,232.7
291,259.3,71.1,73.542,57.7,245.7
291,256.8,65.0,74.376,56.9,246.7
291,255.9,64.1,74.543,53.3,248.7
291,253.5,57.9,75.627,55.4,269.2
292,324.1,136.3,68.789,56.5,232.9
292,319.5,129.2,68.956,54.7,239.2
292,315.1,123.4,69.123,50.8,229.1
292,313.1,120.7,69.206,55.1,232.6
292,311.7,118.2,69.29,56.4,241.7
292,309.6,115.7,69.373,55.7,229.5
292,308.2,113.6,69.456,51.2,236.5
292,305.2,109.0,69.623,52.7,238.4
292,302.2,104.9,69.79,57.0,237.4
292,300.8,103.0,69.873,57.9,232.2
292,298.5,99.8,70.04,55.7,233.3
292,293.2,92.7,70.457,47.4,235.0
292,290.3,88.8,70.707,53.6,231.9
292,284.6,81.3,71.291,52.2,236.1
292,283.9,80.5,71.374,47.7,231.7
292,282.4,78.8,71.541,57.0,234.0
292,281.8,77.9,71.624,53.9,238.6
292,281.1,76.9,71.708,57.0,233.4
292,278.6,74.0,72.041,50.2,226.0
292,278.1,73.3,72.125,51.6,239.1
292,277.1,72.0,72.291,50.6,236.7
292,276.4,71.2,72.375,53.5,224.1
292,276.1,70.6,72.458,53.0,244.9
292,275.5,70.0,72.542,46.8,227.3
292,274.4,68.5,72.708,55.1,228.2
292,273.7,67.4,72.875,52.1,242.9
292,272.8,66.4,73.042,53.5,238.2
292,270.5,63.6,73.542,53.9,235.5
292,267.7,59.0,74.376,54.8,256.3
301,339.4,252.7,72.542,48.9,243.2
301,334.1,241.5,72.625,49.3,244.7
301,323.7,219.0,72.792,54.2,245.5
301,315.8,200.5,72.958,52.8,246.7
301,308.7,185.2,73.125,51.9,245.2
301,303.3,172.6,73.292,51.1,248.9
301,298.4,161.7,73.459,51.0,248.5
301,293.9,152.3,73.626,50.6,247.6
301,288.2,139.4,73.876,52.0,243.8
301,284.3,130.2,74.126,47.5,245.5
301,281.6,124.2,74.293,48.8,241.3
301,278.2,116.6,74.543,58.2,240.4
301,277.4,114.4,74.626,51.2,248.9
301,275.3,109.9,74.793,48.6,239.6
301,273.5,105.8,74.96,51.7,239.5
301,269.1,95.5,75.46,52.7,238.8
301,268.7,94.0,75.543,54.7,252.5
301,267.7,92.7,75.627,53.3,234.8
301,266.8,89.8,75.793,47.6,249.7
301,266.3,88.7,75.877,48.7,244.0
301,265.8,87.6,75.96,47.8,246.3
301,264.3,83.8,76.21,54.1,251.4
301,263.9,82.7,76.294,54.0,247.1
301,263.0,80.7,76.46,48.9,245.7
301,262.0,78.9,76.627,58.0,243.9
301,261.7,77.9,76.711,56.6,252.9
301,261.2,77.1,76.794,52.0,238.8
301,260.6,75.8,76.961,55.6,253.6
301,260.1,74.1,77.128,52.5,249.2
301,255.0,63.1,78.628,53.6,247.5
301,252.0,57.0,79.879,47.5,243.3
303,317.9,198.5,75.793,53.0,245.2
303,310.8,183.5,75.96,51.3,244.4
303,305.3,171.4,76.127,49.1,246.5
303,297.5,155.2,76.377,47.4,244.2
303,293.5,146.6,76.544,49.4,244.8
303,290.3,139.1,76.711,48.2,243.9
303,288.6,135.5,76.794,57.0,244.7
303,287.3,132.6,76.877,49.2,246.0
303,284.6,126.5,77.044,50.6,247.9
303,282.2,121.0,77.211,50.2,246.6
303,280.7,118.4,77.294,56.1,241.4
303,279.7,116.3,77.378,46.7,243.9
303,277.8,111.5,77.544,54.7,250.4
303,276.9,109.5,77.628,53.3,245.4
303,276.2,107.5,77.711,52.2,248.7
303,275.2,105.5,77.795,57.2,245.5
303,273.0,100.6,78.045,46.9,246.1
303,271.6,97.5,78.211,47.0,247.8
303,270.3,94.5,78.378,47.2,244.0
303,269.0,91.7,78.545,48.7,249.7
303,266.8,86.8,78.879,47.4,238.3
303,266.4,85.7,78.962,50.0,248.1
303,265.9,84.6,79.045,52.2,245.6
303,265.4,83.7,79.129,47.0,243.8
303,264.9,82.6,79.212,53.3,241.5
303,263.5,79.6,79.462,47.6,239.1
303,262.6,78.0,79.629,47.2,244.7
303,262.4,77.1,79.712,57.0,255.9
303,261.2,74.5,79.963,55.2,249.1
303,260.2,72.3,80.213,52.6,247.4
303,259.8,71.6,80.296,50.0,239.9
303,259.5,71.0,80.379,46.5,241.9
303,259.3,70.3,80.463,55.3,256.7
303,258.6,69.0,80.63,51.9,231.4
303,258.1,67.9,80.796,51.0,241.4
303,257.5,66.5,80.963,58.2,243.4
303,255.5,62.5,81.63,54.5,234.9
303,255.1,62.0,81.714,48.9,234.8
303,254.5,60.7,81.964,50.7,245.4
303,254.3,60.2,82.047,53.5,243.1
303,253.9,59.6,82.214,48.6,255.6
304,215.3,61.0,71.374,51.6,132.6
304,212.9,66.0,72.208,57.3,120.7
304,212.7,66.6,72.291,54.2,113.3
304,212.6,67.1,72.375,46.4,95.6
304,212.1,68.4,72.542,49.9,113.8
304,211.8,69.0,72.625,46.9,121.4
304,210.5,72.1,73.042,53.9,111.5
304,210.2,72.9,73.125,56.0,107.5
304,209.1,75.0,73.375,47.8,117.4
304,208.8,75.8,73.459,51.7,112.5
304,207.7,78.3,73.709,55.0,118.4
304,206.5,81.0,73.959,48.3,109.7
304,206.1,81.9,74.042,48.8,111.4
304,205.8,82.9,74.126,49.1,105.7
304,205.3,83.9,74.209,49.3,118.4
304,204.9,84.9,74.293,48.5,109.9
304,204.4,86.0,74.376,53.1,116.5
304,204.0,87.1,74.459,47.4,110.7
304,202.7,89.7,74.626,47.3,111.7
304,202.2,90.8,74.709,48.1,111.1
304,201.6,92.0,74.793,47.3,116.6
304,201.1,93.4,74.876,51.3,111.1
304,200.5,94.8,74.96,55.3,112.2
304,198.5,98.8,75.21,54.8,112.8
304,198.0,100.3,75.293,47.7,110.9
304,197.3,102.0,75.377,55.3,111.5
304,195.7,105.8,75.543,50.4,108.5
304,194.9,107.7,75.627,53.9,112.9
304,193.8,109.7,75.71,54.2,118.4
304,193.1,111.7,75.793,50.9,107.9
304,192.1,113.9,75.877,53.0,116.0
304,190.1,118.4,76.044,58.1,114.5
304,188.1,123.4,76.21,57.4,109.1
304,186.7,126.3,76.294,56.0,116.7
304,185.7,128.8,76.377,46.0,111.6
304,184.5,131.7,76.46,50.8,112.9
304,183.4,134.5,76.544,47.9,111.1
304,182.0,138.0,76.627,55.4,110.9
304,179.4,144.7,76.794,54.3,111.2
304,178.0,148.1,76.877,46.0,112.3
304,176.2,152.3,76.961,53.4,112.6
304,174.6,156.4,77.044,48.9,111.5
304,172.8,161.0,77.128,52.6,112.0
304,168.9,170.9,77.294,55.0,111.0
304,164.7,181.8,77.461,53.3,112.0
304,159.8,194.4,77.628,55.2,110.2
304,153.8,209.2,77.795,54.4,111.3
304,150.9,216.9,77.878,45.8,111.0
304,146.9,226.7,77.961,53.7,112.1
304,138.7,247.6,78.128,54.7,111.1
308,300.5,231.2,76.877,54.7,252.9
308,293.7,209.0,77.044,56.6,254.4
308,288.3,191.5,77.211,54.0,253.1
308,283.5,177.1,77.378,53.8,252.7
308,279.8,165.0,77.544,53.2,253.4
308,276.2,154.7,77.711,52.1,249.7
308,273.7,145.7,77.878,50.6,254.4
308,271.3,138.0,78.045,51.0,253.7
308,269.2,131.2,78.211,50.8,250.7
308,267.2,124.7,78.378,53.1,257.0
308,265.2,119.2,78.545,50.2,247.8
308,263.6,113.9,78.712,57.7,254.8
308,262.2,109.5,78.879,51.4,251.2
308,260.9,105.3,79.045,51.9,249.3
308,260.2,103.4,79.129,56.1,250.8
308,259.8,101.6,79.212,55.9,255.6
308,256.3,89.6,79.879,51.1,257.3
308,255.6,86.8,80.046,51.4,254.8
308,255.3,85.8,80.129,49.1,253.8
308,255.0,84.7,80.213,48.8,249.5
308,253.7,81.1,80.463,52.7,248.1
308,252.9,77.4,80.796,56.9,251.0
308,252.0,74.9,81.046,55.1,241.7
308,251.8,74.1,81.13,54.9,258.4
308,251.4,72.2,81.297,55.3,253.9
308,251.1,71.0,81.463,52.3,257.0
308,250.3,69.0,81.714,55.9,258.5
311,326.7,169.6,74.126,54.8,238.7
311,319.7,158.2,74.293,55.3,238.4
311,313.8,148.5,74.459,54.2,238.1
311,308.8,139.9,74.626,55.3,241.9
311,304.2,132.5,74.793,54.5,238.4
311,300.7,126.1,74.96,54.4,241.2
311,297.5,120.2,75.126,55.3,241.4
311,290.4,108.0,75.543,51.3,241.9
311,286.5,101.8,75.793,56.1,241.6
311,282.7,95.4,76.127,51.1,237.9
311,280.3,90.7,76.377,50.7,242.9
311,279.5,89.5,76.46,50.9,237.3
311,278.8,88.4,76.544,46.7,234.8
311,276.5,84.7,76.794,56.2,234.6
311,276.2,83.7,76.877,48.6,248.3
311,275.5,82.7,76.961,53.3,237.7
311,275.1,81.7,77.044,52.4,249.4
311,274.3,80.8,77.128,48.4,228.4
311,273.7,79.9,77.211,49.0,236.6
311,272.7,77.9,77.378,58.3,246.3
311,272.0,77.1,77.461,51.9,231.6
311,271.7,76.3,77.544,45.8,245.0
311,270.1,74.0,77.795,57.0,230.9
311,269.3,72.3,77.961,54.7,234.7
311,267.4,69.7,78.295,47.9,224.9
311,267.0,69.0,78.378,56.3,240.6
311,265.3,66.1,78.795,51.5,245.6
312,323.8,161.3,73.626,54.7,234.5
312,314.4,146.0,73.876,53.9,239.1
312,312.1,142.7,73.959,47.8,235.8
312,307.7,135.5,74.126,51.2,237.5
312,303.5,128.6,74.293,57.7,241.6
312,301.6,125.6,74.376,56.7,238.3
312,300.1,123.1,74.459,49.2,238.6
312,296.5,117.6,74.626,54.2,236.9
312,290.8,108.5,74.96,56.1,241.5
312,289.7,106.4,75.043,58.0,241.1
312,288.4,104.6,75.126,53.1,235.5
312,286.3,101.1,75.293,48.8,243.2
312,283.2,95.8,75.543,55.3,247.8
312,282.1,94.4,75.627,52.9,231.7
312,280.6,91.6,75.793,47.3,240.8
312,279.0,88.7,75.96,52.7,243.6
312,278.2,87.5,76.044,50.9,233.9
312,277.4,86.5,76.127,45.8,232.9
312,275.4,82.7,76.377,47.5,237.9
312,274.7,81.7,76.46,51.1,234.9
312,274.3,80.8,76.544,50.9,244.0
312,273.2,78.8,76.711,51.0,254.8
312,272.6,78.0,76.794,50.7,232.2
312,272.0,77.2,76.877,47.2,234.5
312,270.5,74.9,77.128,48.1,228.7
312,270.0,74.1,77.211,55.1,237.5
312,269.1,72.4,77.378,51.3,242.1
312,268.6,71.7,77.461,50.1,235.6
312,268.4,71.1,77.544,50.3,252.3
312,265.8,67.3,78.045,57.9,242.6
313,211.2,70.7,73.959,46.9,98.0
313,209.2,74.3,74.376,56.9,104.2
313,208.8,75.0,74.459,51.3,116.5
313,208.5,75.9,74.543,55.3,113.0
313,208.2,76.8,74.626,54.3,107.7
313,207.9,77.7,74.709,57.4,106.8
313,206.9,79.0,74.876,46.7,123.9
313,206.5,79.9,74.96,48.9,114.9
313,206.0,81.0,75.043,58.2,114.8
313,205.2,82.9,75.21,55.8,118.3
313,204.8,83.9,75.293,48.4,110.9
313,204.1,84.9,75.377,47.2,125.3
313,202.0,90.0,75.71,47.1,109.1
313,200.0,94.0,75.96,50.2,113.3
313,199.4,95.5,76.044,55.3,112.7
313,198.8,96.9,76.127,49.8,113.5
313,198.0,98.3,76.21,49.1,119.6
313,197.1,99.9,76.294,51.7,118.8
313,196.8,101.6,76.377,55.4,101.2
313,193.9,106.9,76.627,49.7,122.3
313,193.2,108.8,76.711,51.4,111.4
313,192.3,110.8,76.794,53.0,112.9
313,191.5,112.8,76.877,48.8,112.7
313,189.6,117.4,77.044,46.1,116.4
313,187.4,122.5,77.211,48.8,113.3
313,186.6,125.2,77.294,53.2,107.0
313,185.2,127.7,77.378,47.1,117.5
313,182.6,133.9,77.544,47.8,111.8
313,181.3,137.4,77.628,55.6,111.2
313,180.1,140.5,77.711,46.8,112.1
313,178.4,144.3,77.795,54.5,112.9
313,177.0,147.9,77.878,48.6,111.3
313,175.3,152.2,77.961,55.2,112.0
313,173.8,156.2,78.045,48.6,110.7
313,170.1,165.9,78.211,47.0,112.3
313,167.6,171.8,78.295,57.4,112.9
313,165.6,176.9,78.378,47.4,111.8
313,163.0,183.5,78.462,56.0,111.6
313,160.6,189.4,78.545,46.9,111.9
313,157.3,197.3,78.628,57.6,112.4
313,154.6,204.3,78.712,47.8,111.2
313,150.9,213.6,78.795,57.4,111.7
313,147.8,221.9,78.879,47.1,110.8
313,139.0,243.2,79.045,46.6,112.5
313,133.6,256.7,79.129,57.1,111.6
321,191.7,71.8,77.628,55.1,133.0
321,187.6,75.1,78.045,47.0,141.0
321,185.6,76.9,78.211,48.3,142.0
321,184.2,77.8,78.295,55.9,147.5
321,182.0,79.3,78.462,55.6,137.0
321,179.9,81.0,78.628,49.8,146.3
321,177.4,82.9,78.795,53.1,139.9
321,176.0,83.8,78.879,48.3,145.4
321,174.4,84.9,78.962,50.5,147.5
321,171.7,86.9,79.129,54.1,141.1
321,168.8,88.9,79.295,46.4,144.1
321,167.3,90.0,79.379,46.7,143.6
321,163.7,92.3,79.546,48.0,145.9
321,161.7,93.6,79.629,48.0,149.0
321,157.6,96.3,79.796,57.8,146.6
321,156.0,97.7,79.879,47.2,139.8
321,153.8,99.2,79.963,49.3,145.9
321,149.2,102.0,80.129,45.9,151.0
321,146.8,103.7,80.213,51.1,144.9
321,144.4,105.5,80.296,52.5,143.6
321,139.0,108.8,80.463,53.7,146.7
321,136.6,110.7,80.546,47.3,142.5
321,133.3,112.6,80.63,49.4,149.4
321,130.8,114.6,80.713,46.2,142.1
321,127.4,116.9,80.796,52.9,146.3
321,120.6,121.4,80.963,56.8,145.0
321,113.3,126.4,81.13,53.3,146.2
321,105.6,131.7,81.297,50.9,145.6
321,96.8,137.5,81.463,50.1,145.5
321,87.3,144.0,81.63,51.2,146.5
321,76.7,151.1,81.797,51.4,145.8
321,65.0,158.8,81.964,50.8,146.7
321,52.1,167.8,82.13,51.2,145.9
321,37.4,177.5,82.297,49.2,146.9
321,20.8,189.1,82.464,51.1,145.6
323,344.6,257.2,77.961,46.4,242.3
323,338.6,245.2,78.045,51.3,243.5
323,327.3,221.3,78.211,52.9,245.2
323,318.5,202.9,78.378,51.7,245.1
323,311.5,187.4,78.545,47.4,242.2
323,305.5,174.4,78.712,49.9,245.1
323,300.1,163.5,78.879,45.9,241.0
323,295.6,153.6,79.045,53.0,246.2
323,291.8,145.2,79.212,49.7,246.9
323,288.3,137.7,79.379,50.6,245.0
323,285.2,131.2,79.546,48.8,245.0
323,282.7,125.1,79.712,50.2,245.6
323,280.1,119.7,79.879,51.9,242.1
323,278.0,114.5,80.046,53.1,250.4
323,276.2,110.2,80.213,47.2,249.7
323,273.2,104.4,80.463,56.4,241.0
323,272.6,102.6,80.546,54.2,252.4
323,271.1,99.2,80.713,49.6,246.1
323,270.3,97.6,80.796,55.4,242.2
323,269.7,96.2,80.88,47.6,248.1
323,268.5,93.3,81.046,48.8,244.8
323,267.4,90.6,81.213,48.2,244.2
323,266.4,87.8,81.38,53.8,254.1
323,265.9,86.7,81.463,49.0,246.9
323,265.5,85.7,81.547,45.8,246.1
323,263.6,81.2,81.88,49.8,247.3
323,263.0,80.3,81.964,50.3,238.5
323,261.1,75.8,82.381,50.0,247.1
323,260.6,75.0,82.464,54.3,237.0
323,260.3,74.1,82.547,56.1,250.4
323,259.0,71.3,82.881,48.2,237.6
323,258.2,69.1,83.131,56.6,248.0
323,257.7,68.0,83.298,50.8,245.4
323,257.4,67.3,83.381,58.3,247.1
323,256.8,66.3,83.548,56.3,254.4
323,254.4,61.2,84.382,46.3,239.7
324,214.3,54.1,79.045,51.8,89.0
324,211.9,57.9,80.046,57.0,107.9
324,210.9,59.9,80.463,53.9,103.1
324,207.6,63.9,81.297,51.6,123.8
324,206.4,67.2,81.797,51.7,89.6
324,205.8,68.2,81.964,47.5,89.8
324,204.6,69.2,82.13,46.0,153.6
324,204.3,69.8,82.214,51.4,112.2
324,202.9,71.9,82.464,48.9,117.5
324,201.5,75.9,82.964,52.0,108.7
324,200.8,77.5,83.131,49.3,113.3
324,200.1,78.9,83.298,48.4,115.2
324,199.5,79.8,83.381,50.0,124.9
324,198.8,80.9,83.465,57.9,124.1
324,196.2,82.8,83.631,55.7,126.5
324,197.1,83.7,83.715,48.1,45.8
324,196.8,84.7,83.798,48.5,107.5
324,195.9,86.7,83.965,47.9,128.2
324,192.9,88.8,84.132,52.6,153.3
324,192.8,91.2,84.298,55.1,110.6
324,191.5,93.7,84.465,54.1,121.8
324,190.0,96.1,84.632,47.6,119.5
324,189.4,97.7,84.715,53.4,112.1
324,188.5,99.1,84.799,46.9,120.8
324,187.2,102.0,84.965,51.7,113.3
324,186.4,103.7,85.049,49.8,115.8
324,185.4,105.4,85.132,51.0,119.5
324,183.8,108.7,85.299,47.4,112.6
324,183.0,110.6,85.382,51.1,113.5
324,182.1,112.5,85.466,46.9,114.5
324,181.2,114.5,85.549,46.5,115.8
324,180.0,116.8,85.632,54.5,115.6
324,177.6,121.5,85.799,56.8,121.2
324,174.8,126.2,85.966,54.9,119.3
324,173.5,128.8,86.049,49.0,117.0
324,172.2,131.7,86.133,50.5,113.0
324,171.2,134.6,86.216,48.7,109.5
324,166.2,137.7,86.299,51.9,148.2
324,165.6,144.8,86.466,52.1,95.0
324,163.1,151.9,86.633,52.4,112.8
324,159.7,160.3,86.8,56.2,111.4
324,155.3,169.5,86.967,52.3,113.7
324,150.1,180.3,87.133,54.3,116.7
324,144.6,192.6,87.3,54.9,111.9
324,138.0,206.5,87.467,51.8,114.7
324,130.9,223.0,87.634,53.6,113.8
324,121.9,242.8,87.8,54.0,113.3
324,112.2,265.3,87.967,48.3,112.3
326,212.8,67.0,79.796,56.4,113.9
326,211.5,69.9,80.213,50.7,107.1
326,210.4,72.0,80.463,46.8,121.3
326,208.3,76.9,80.963,50.4,100.4
326,207.9,77.8,81.046,54.5,111.8
326,206.5,80.3,81.297,47.4,124.5
326,206.1,81.2,81.38,49.2,111.3
326,204.6,85.9,81.714,50.5,109.7
326,204.0,87.0,81.797,51.1,116.6
326,203.6,88.0,81.88,47.1,114.3
326,202.9,89.3,81.964,54.4,116.7
326,201.3,93.1,82.214,46.0,114.1
326,197.5,102.3,82.714,47.3,112.4
326,195.1,108.1,82.964,56.9,109.0
326,194.3,110.0,83.048,50.4,111.8
326,192.4,114.6,83.214,50.2,111.8
326,191.5,116.9,83.298,51.6,112.4
326,190.7,119.2,83.381,50.5,109.2
326,188.5,124.6,83.548,46.1,112.5
326,187.2,127.6,83.631,56.2,113.0
326,186.1,130.5,83.715,52.0,112.0
326,183.4,137.3,83.881,50.6,109.7
326,181.8,141.1,83.965,57.8,112.4
326,180.3,144.6,84.048,49.8,113.6
326,177.1,153.1,84.215,51.4,111.0
326,173.3,162.6,84.382,50.2,110.1
326,168.7,173.6,84.548,50.5,112.8
326,163.5,186.5,84.715,51.3,110.7
326,157.5,201.3,84.882,47.8,112.5
326,150.4,219.4,85.049,49.5,112.2
326,145.9,230.5,85.132,58.4,112.0
326,141.9,241.0,85.216,50.3,111.1
327,216.9,59.1,80.046,57.3,121.4
327,216.8,60.0,80.213,52.9,104.2
327,216.3,60.9,80.379,55.8,105.1
327,214.9,63.2,80.796,52.9,117.9
327,212.5,67.6,81.463,57.8,121.4
327,211.2,71.0,81.88,55.5,101.6
327,209.7,73.1,82.13,55.0,128.7
327,209.3,73.8,82.214,46.1,119.7
327,208.2,76.1,82.464,53.1,117.9
327,207.8,76.9,82.547,51.5,113.2
327,207.4,77.9,82.631,57.7,114.3
327,203.3,86.8,83.381,50.0,108.0
327,202.6,88.0,83.465,53.4,119.1
327,201.5,90.1,83.631,47.7,119.7
327,201.0,91.5,83.715,54.3,112.7
327,200.4,92.9,83.798,55.0,113.4
327,198.6,97.1,84.048,47.4,112.4
327,197.8,98.7,84.132,56.6,115.1
327,197.1,100.2,84.215,47.6,115.8
327,195.6,103.8,84.382,51.0,111.6
327,194.8,105.7,84.465,54.1,114.8
327,194.0,107.5,84.548,51.3,112.5
327,192.9,109.6,84.632,56.3,118.4
327,192.0,111.6,84.715,51.4,113.8
327,191.1,113.8,84.799,52.7,113.3
327,190.1,115.9,84.882,48.4,114.7
327,188.9,118.5,84.965,57.7,114.9
327,188.0,120.8,85.049,50.5,111.7
327,186.6,123.5,85.132,54.0,116.7
327,185.4,126.4,85.216,55.5,112.9
327,182.3,132.5,85.382,50.2,115.0
327,179.3,139.5,85.549,49.8,112.6
327,177.6,143.3,85.632,56.5,113.6
327,176.0,147.0,85.716,50.1,114.1
327,172.1,155.7,85.883,47.3,114.8
327,167.7,165.7,86.049,51.0,114.5
327,165.0,171.6,86.133,58.1,114.4
327,162.8,177.1,86.216,50.1,112.3
327,157.0,190.5,86.383,50.2,113.2
327,150.4,206.3,86.55,50.6,112.4
327,142.5,225.4,86.716,50.5,112.4
327,133.0,248.7,86.883,50.7,112.1
329,312.2,191.2,83.465,56.6,240.8
329,309.7,184.6,83.548,52.4,249.5
329,303.4,171.2,83.715,55.2,244.4
329,297.3,160.0,83.881,50.9,230.1
329,293.5,150.1,84.048,54.6,249.9
329,289.5,141.1,84.215,57.7,244.9
329,287.5,137.7,84.298,51.8,240.0
329,286.2,134.8,84.382,48.3,246.3
330,309.6,178.4,79.963,55.0,245.2
330,306.9,172.7,80.046,52.5,245.2
330,301.4,161.4,80.213,49.3,242.8
330,297.0,152.1,80.379,48.6,245.2
330,293.1,143.9,80.546,49.9,246.7
330,289.5,136.6,80.713,51.1,245.0
330,284.0,124.4,81.046,47.6,239.7
330,279.3,114.5,81.38,49.9,242.4
330,277.2,110.0,81.547,46.8,240.5
330,273.9,102.6,81.88,49.6,243.3
330,273.2,100.8,81.964,55.4,246.7
330,272.6,99.2,82.047,52.7,250.3
330,271.9,97.7,82.13,51.6,244.9
330,271.3,96.2,82.214,52.3,247.8
330,270.5,94.8,82.297,53.6,240.9
330,269.9,93.4,82.381,51.5,247.0
330,268.7,90.6,82.547,50.6,245.7
330,267.6,88.0,82.714,48.1,242.6
330,266.9,86.8,82.797,52.4,240.4
330,266.5,85.8,82.881,45.9,247.6
330,266.0,84.7,82.964,54.1,244.5
330,265.3,82.8,83.131,49.1,244.2
330,264.8,81.9,83.214,50.5,243.6
330,264.4,80.9,83.298,49.2,247.0
330,263.9,80.0,83.381,53.6,244.2
330,262.9,78.0,83.548,52.6,246.8
330,262.0,76.3,83.715,46.4,246.0
330,261.0,74.0,83.965,54.6,247.3
330,260.3,72.3,84.132,53.9,243.7
330,259.3,70.4,84.382,51.3,243.5
330,258.8,69.2,84.548,51.9,251.1
330,257.9,67.2,84.799,49.6,247.1
330,257.4,66.0,84.965,51.1,246.1
330,256.0,63.5,85.382,56.3,259.6
330,254.5,61.1,85.883,52.0,250.0
330,253.3,58.3,86.383,57.7,249.0
332,217.4,59.2,81.13,48.4,119.1
332,215.7,62.9,81.797,56.9,123.9
332,215.4,63.7,81.964,47.1,101.8
332,213.3,68.8,82.714,52.6,100.4
332,211.3,72.1,83.131,48.6,123.7
332,211.0,72.8,83.214,49.4,112.8
332,210.1,75.2,83.465,47.7,117.0
332,209.8,76.0,83.548,50.8,114.7
332,208.9,77.9,83.715,56.8,109.8
332,208.5,78.9,83.798,56.2,113.0
332,205.4,85.9,84.382,47.9,117.7
332,204.6,87.1,84.465,54.1,122.4
332,204.2,88.3,84.548,51.0,109.6
332,202.6,92.0,84.799,54.6,110.4
332,202.2,93.2,84.882,46.2,109.7
332,199.7,99.2,85.216,51.0,106.0
332,198.2,102.9,85.382,55.1,115.6
332,197.4,104.8,85.466,57.8,111.3
332,196.5,106.6,85.549,48.6,116.9
332,195.6,108.7,85.632,58.0,113.2
332,194.6,110.7,85.716,51.4,116.4
332,193.7,112.7,85.799,51.3,113.9
332,193.1,114.7,85.883,47.8,108.7
332,191.0,119.7,86.049,51.6,113.0
332,186.2,130.9,86.383,48.3,113.3
332,185.0,134.3,86.466,57.5,109.3
332,183.9,137.6,86.55,52.3,108.2
332,182.5,141.3,86.633,56.5,111.0
332,180.9,144.9,86.716,50.8,113.3
332,179.0,149.1,86.8,56.6,114.2
332,177.4,153.2,86.883,51.3,112.5
332,175.4,158.1,86.967,57.7,111.9
332,173.5,162.7,87.05,51.2,112.4
332,169.5,173.9,87.217,50.8,108.2
332,166.5,180.4,87.3,58.3,114.2
332,164.3,186.4,87.383,49.0,110.1
332,158.4,201.2,87.55,48.5,114.2
332,152.2,218.8,87.717,49.6,109.5
332,144.3,240.0,87.884,49.1,110.1
332,134.7,266.0,88.05,47.7,110.6
334,350.3,185.0,86.133,54.4,235.1
334,345.7,179.0,86.216,51.3,232.9
334,336.8,166.8,86.383,52.2,234.1
334,329.2,156.5,86.55,51.6,235.3
334,322.5,147.7,86.716,48.6,233.0
334,316.7,139.9,86.883,50.7,233.7
334,311.5,133.0,87.05,49.5,230.7
334,306.9,126.5,87.217,55.9,234.9
334,304.9,123.7,87.3,56.1,234.5
334,302.9,121.4,87.383,46.4,228.9
334,301.3,119.1,87.467,49.4,234.4
334,299.6,116.7,87.55,54.5,235.0
334,296.1,111.7,87.717,54.1,234.6
334,294.6,109.7,87.8,53.2,234.2
334,293.1,107.6,87.884,56.1,232.8
334,291.8,105.7,87.967,55.1,237.4
334,290.6,103.8,88.05,53.7,237.2
334,286.7,98.7,88.301,58.1,230.6
334,285.9,97.2,88.384,54.8,243.6
334,284.6,95.7,88.467,52.3,226.8
334,281.5,91.6,88.718,48.8,240.1
334,279.4,88.8,88.884,54.3,239.0
334,278.5,87.6,88.968,52.7,234.5
334,277.4,86.6,89.051,45.8,221.9
334,273.9,82.0,89.385,50.6,232.6
334,273.1,81.0,89.468,56.1,232.1
334,270.0,77.7,89.801,53.9,227.3
334,269.4,76.9,89.885,48.7,232.9
334,267.9,75.0,90.052,55.4,234.7
334,265.8,72.9,90.302,58.0,225.3
334,264.2,70.7,90.552,48.1,234.1
334,263.7,70.1,90.635,51.3,229.6
334,262.4,68.6,90.802,48.6,218.1
334,262.2,68.0,90.885,47.2,245.9
334,258.4,63.4,91.636,50.1,231.4
334,256.5,60.3,92.136,51.6,225.0
339,370.5,243.8,83.048,53.7,270.0
339,359.5,221.2,83.214,51.1,241.6
339,347.5,202.3,83.381,53.0,238.2
339,337.6,186.5,83.548,51.5,236.5
339,329.7,173.1,83.715,51.5,240.4
339,322.6,162.1,83.881,50.2,238.1
339,316.8,152.4,84.048,53.1,240.4
339,311.3,143.9,84.215,49.6,236.0
339,306.8,136.3,84.382,52.3,238.6
339,302.7,129.5,84.548,53.3,237.8
339,299.4,123.5,84.715,52.9,239.0
339,293.5,113.4,85.049,50.9,241.1
339,290.8,108.7,85.216,50.8,239.8
339,288.6,104.9,85.382,47.9,241.5
339,284.6,97.7,85.716,56.0,245.8
339,281.1,91.7,86.049,47.1,241.5
339,279.4,88.9,86.216,48.9,240.2
339,277.9,86.6,86.383,46.8,242.0
339,276.5,83.9,86.55,52.0,235.7
339,275.8,82.8,86.633,54.6,236.8
339,275.4,81.7,86.716,57.4,248.8
339,274.6,80.8,86.8,52.7,231.7
339,274.1,79.8,86.883,51.6,238.8
339,273.6,78.8,86.967,58.4,246.9
339,273.0,77.9,87.05,57.6,238.4
339,272.4,76.9,87.133,57.2,237.3
339,272.0,76.0,87.217,56.1,245.0
339,270.6,73.7,87.467,52.7,242.4
339,267.4,67.2,88.217,52.5,243.5
339,265.5,63.3,88.801,47.2,249.8
339,264.7,61.2,89.134,55.1,247.8
341,406.3,243.4,83.465,57.5,230.4
341,398.1,233.1,83.548,49.5,231.6
341,382.5,213.0,83.715,49.7,232.4
341,370.2,196.1,83.881,47.3,231.7
341,364.2,188.6,83.965,57.3,231.3
341,359.6,182.4,84.048,50.2,233.0
341,349.8,170.7,84.215,48.2,233.3
341,342.6,160.4,84.382,48.9,235.0
341,338.3,155.7,84.465,55.0,227.7
341,335.2,151.5,84.548,52.8,234.1
341,317.0,130.3,85.049,55.9,230.0
342,347.6,200.9,87.3,54.0,239.0
342,343.0,194.1,87.383,49.1,236.2
342,334.7,180.3,87.55,50.4,239.0
342,327.4,168.5,87.717,50.5,240.6
342,321.0,158.7,87.884,47.0,237.2
342,316.0,149.7,88.05,50.1,240.7
342,310.9,142.1,88.217,46.6,235.7
342,308.8,138.3,88.301,58.2,241.4
342,307.2,135.3,88.384,47.5,241.0
342,300.5,123.6,88.718,49.3,244.1
342,296.0,116.1,88.968,55.4,235.9
342,289.0,104.5,89.468,52.3,237.9
342,288.1,102.7,89.551,53.5,244.9
342,284.8,97.9,89.801,56.3,236.3
342,282.6,93.8,90.052,46.9,245.9
342,280.9,91.3,90.218,54.7,240.2
342,279.9,89.9,90.302,55.8,234.4
342,278.5,87.7,90.469,51.1,232.8
342,272.5,77.9,91.302,49.4,235.8
342,271.9,77.0,91.386,56.1,238.1
343,375.6,209.2,84.632,53.3,237.9
343,370.6,201.8,84.715,48.7,235.8
343,360.1,186.4,84.882,52.1,235.6
343,351.2,173.6,85.049,50.5,234.7
343,343.1,162.6,85.216,53.3,236.4
343,336.5,153.0,85.382,50.2,235.0
343,330.7,144.8,85.549,49.6,233.1
343,325.5,137.5,85.716,49.1,232.9
343,320.9,130.7,85.883,53.2,234.3
343,313.1,119.8,86.216,46.3,237.2
343,309.4,114.9,86.383,50.1,231.7
343,303.1,106.3,86.716,46.2,233.9
343,297.4,98.8,87.05,56.6,232.2
343,295.0,95.7,87.217,47.9,228.4
343,292.7,92.7,87.383,48.2,228.4
343,290.6,89.8,87.55,56.6,232.7
343,289.6,88.7,87.634,48.5,228.7
343,288.6,87.5,87.717,56.5,233.8
343,286.8,84.8,87.884,54.2,236.1
343,285.7,83.8,87.967,50.7,221.5
343,285.0,82.8,88.05,53.2,237.0
343,281.6,78.9,88.384,50.3,227.1
343,280.9,78.0,88.467,52.0,230.4
343,279.7,76.1,88.634,58.0,233.0
343,276.9,71.9,89.051,55.9,236.7
343,275.8,70.3,89.218,56.1,237.1
343,275.3,69.6,89.301,53.9,233.9
343,274.9,69.0,89.385,50.8,238.9
343,272.6,65.0,89.885,58.0,239.3
343,271.5,63.1,90.218,57.1,244.5
344,216.9,58.0,88.134,50.9,111.2
344,216.3,59.0,88.384,56.4,124.1
344,216.1,60.0,88.551,54.5,105.9
344,214.9,62.1,88.968,53.7,123.3
344,214.4,63.2,89.134,54.9,120.5
344,214.1,63.8,89.218,50.1,121.1
344,213.0,65.9,89.551,57.1,119.3
344,212.5,67.0,89.718,53.5,116.4
344,211.4,69.0,89.968,56.4,128.7
344,209.8,72.8,90.385,55.3,116.7
344,208.9,74.1,90.552,55.0,114.2
344,208.2,75.9,90.719,55.4,111.2
344,207.5,77.8,90.885,57.4,102.9
344,205.6,81.8,91.219,57.2,109.9
344,205.1,82.8,91.302,53.8,116.1
344,204.6,83.9,91.386,55.6,114.2
344,204.0,85.0,91.469,52.8,120.6
344,203.6,86.0,91.552,46.3,111.0
344,202.4,88.8,91.719,49.7,119.6
344,201.4,91.7,91.886,58.3,110.4
344,200.8,93.0,91.969,53.4,111.5
344,200.3,94.3,92.053,47.1,114.5
344,196.4,105.0,92.553,46.9,119.1
344,195.2,109.5,92.72,53.4,100.7
344,193.9,114.0,92.887,51.9,110.6
344,191.2,125.0,93.22,49.7,104.1
344,189.7,131.6,93.387,50.6,102.1
344,187.8,139.3,93.554,54.3,106.7
344,186.3,147.5,93.72,53.3,98.5
344,184.4,157.2,93.887,53.6,101.0
344,182.0,168.5,94.054,54.9,101.7
344,179.4,181.6,94.221,55.0,100.9
344,176.4,197.2,94.387,54.5,100.6
344,161.7,266.5,94.888,46.8,104.0
348,283.5,133.1,84.965,56.4,247.7
348,278.0,118.1,85.382,49.1,241.6
348,275.3,113.2,85.549,51.0,243.5
348,274.3,111.0,85.632,54.7,245.7
348,273.7,108.8,85.716,58.3,253.6
348,272.0,104.6,85.883,49.1,245.6
348,271.2,100.9,86.049,53.6,261.9
348,267.8,92.0,86.55,46.5,241.4
348,266.3,87.8,86.8,52.9,250.2
348,266.0,86.8,86.883,45.9,257.8
348,264.1,80.9,87.3,53.1,251.3
348,263.1,78.1,87.55,52.1,240.5
348,261.5,75.2,87.8,56.1,240.9
348,260.3,72.1,88.134,52.0,246.3
348,259.8,71.0,88.301,47.1,255.4
348,259.2,70.4,88.384,48.2,226.8
348,256.9,65.9,88.968,55.5,241.3
348,256.0,64.2,89.218,55.1,242.5
348,255.6,63.6,89.301,52.9,234.2
348,254.9,62.3,89.551,57.5,248.2
349,205.9,65.1,85.132,51.5,101.4
349,203.5,68.6,85.632,54.1,117.9
349,201.2,72.1,86.133,48.1,112.0
349,200.7,73.0,86.216,57.3,123.9
349,199.3,75.0,86.466,56.7,119.6
349,198.3,77.0,86.716,47.5,103.8
349,197.2,78.8,86.883,48.6,118.9
349,196.6,79.8,86.967,58.1,120.4
349,193.4,85.2,87.467,51.1,120.3
349,192.1,87.3,87.634,53.3,123.3
349,189.5,92.0,87.967,46.6,120.1
349,187.7,94.5,88.134,55.8,119.6
349,187.1,95.8,88.217,46.8,116.0
349,186.1,97.2,88.301,49.2,123.7
349,184.3,100.2,88.467,54.6,122.9
349,183.4,101.8,88.551,51.0,118.6
349,182.4,103.7,88.634,55.6,118.5
349,180.5,106.8,88.801,47.5,122.7
349,178.2,110.5,88.968,54.5,124.0
349,175.8,114.5,89.134,56.3,118.6
349,174.6,116.6,89.218,49.3,119.0
349,173.3,118.9,89.301,50.5,120.7
349,170.4,123.3,89.468,48.7,125.1
349,169.1,125.9,89.551,50.4,117.8
349,167.1,129.0,89.635,56.9,122.9
349,165.6,131.7,89.718,47.0,118.8
349,163.7,135.0,89.801,54.1,119.9
349,159.6,141.2,89.968,51.3,122.7
349,157.8,144.5,90.052,46.3,118.2
349,155.2,148.8,90.135,57.7,121.3
349,150.4,156.9,90.302,54.5,121.9
349,144.9,165.9,90.469,52.7,121.6
349,142.2,170.5,90.552,45.8,119.7
349,138.6,176.3,90.635,53.4,122.2
349,135.4,181.8,90.719,47.5,120.0
349,131.4,188.6,90.802,54.5,120.8
349,122.9,202.6,90.969,54.2,121.1
349,113.4,219.1,91.136,54.6,120.4
349,108.6,227.9,91.219,46.8,118.7
349,102.2,238.8,91.302,53.2,120.3
349,88.7,262.6,91.469,54.6,119.4
350,317.0,195.0,85.299,56.9,244.8
350,313.5,188.1,85.382,52.9,243.3
350,307.2,174.5,85.549,51.5,243.9
350,302.1,163.2,85.716,50.1,245.6
350,297.3,153.4,85.883,51.7,243.6
350,293.1,145.0,86.049,49.7,239.5
350,289.6,137.4,86.216,51.2,245.4
350,283.9,125.1,86.55,48.3,240.9
350,281.5,119.4,86.716,46.3,241.7
350,279.1,114.4,86.883,52.2,244.4
350,275.4,106.3,87.217,47.4,242.3
350,273.6,102.6,87.383,47.6,243.3
350,272.2,99.2,87.55,46.7,247.6
350,269.5,93.1,87.884,56.1,249.6
350,268.7,91.7,87.967,55.3,239.1
350,267.7,89.3,88.134,57.1,245.1
350,267.1,88.0,88.217,56.1,245.0
350,266.6,86.7,88.301,58.3,248.1
350,266.0,85.7,88.384,46.4,242.9
350,265.4,84.6,88.467,54.6,240.9
350,264.5,82.6,88.634,54.3,243.1
350,262.5,78.9,88.968,52.6,240.6
350,260.0,73.9,89.468,55.6,235.8
350,259.8,73.1,89.551,51.7,254.1
350,258.6,71.0,89.801,52.7,239.5
350,258.4,70.3,89.885,50.0,255.0
350,255.1,64.5,90.719,47.5,238.9
350,254.9,63.1,90.969,57.5,258.6
350,254.2,61.3,91.302,50.2,249.1
350,253.4,59.6,91.636,57.2,239.5
352,214.6,63.0,85.466,55.5,95.7
352,214.0,65.1,85.799,49.7,97.1
352,211.7,69.4,86.466,46.3,105.1
352,210.4,72.0,86.8,48.8,111.0
352,209.4,73.6,86.967,47.5,127.0
352,207.4,78.1,87.467,50.2,124.8
352,206.9,79.0,87.55,53.4,118.3
352,206.7,80.0,87.634,54.4,104.0
352,206.3,81.0,87.717,54.4,110.6
352,205.9,81.9,87.8,47.7,109.8
352,204.1,85.9,88.134,55.8,119.6
352,203.5,86.9,88.217,49.8,117.1
352,203.1,88.0,88.301,47.4,110.8
352,202.1,90.1,88.467,50.3,114.6
352,201.5,91.4,88.551,51.1,115.8
352,200.9,92.8,88.634,55.5,113.7
352,198.6,98.6,88.968,57.9,114.6
352,198.0,100.0,89.051,47.4,112.2
352,197.1,101.8,89.134,54.8,116.4
352,195.8,104.8,89.301,49.8,111.7
352,195.2,106.5,89.385,48.2,108.4
352,194.5,108.6,89.468,55.7,109.5
352,193.5,110.5,89.551,51.0,116.2
352,192.6,112.7,89.635,54.1,113.8
352,191.7,114.7,89.718,47.0,113.5
352,190.7,117.0,89.801,53.1,113.9
352,189.7,119.1,89.885,46.5,115.4
352,188.8,121.8,89.968,56.4,108.6
352,185.5,129.7,90.218,48.5,110.4
352,184.0,132.9,90.302,55.4,114.5
352,182.8,135.8,90.385,47.7,112.3
352,181.5,139.3,90.469,54.7,110.3
352,180.1,142.5,90.552,46.7,114.6
352,178.7,146.4,90.635,55.0,108.9
352,177.3,150.1,90.719,48.0,111.2
352,175.4,154.7,90.802,56.8,112.5
352,171.8,163.8,90.969,56.4,112.7
352,169.9,168.6,91.052,48.7,111.5
352,167.7,174.2,91.136,53.5,111.9
352,165.7,179.4,91.219,46.5,110.6
352,163.1,186.4,91.302,58.2,110.3
352,157.7,200.2,91.469,55.9,111.4
352,155.0,207.4,91.552,46.8,110.7
352,151.5,216.6,91.636,55.2,110.7
352,148.0,225.1,91.719,47.2,112.1
352,143.8,236.5,91.803,56.9,110.4
352,140.1,246.8,91.886,47.0,109.7
352,135.1,260.5,91.969,56.1,110.1
353,342.0,193.1,88.968,56.0,234.8
353,338.2,186.5,89.051,51.5,240.0
353,330.1,173.9,89.218,47.7,236.2
353,323.2,163.0,89.385,48.7,237.3
353,317.6,153.6,89.551,47.2,239.9
353,312.2,145.5,89.718,48.3,233.7
353,305.5,134.6,89.968,55.9,237.8
353,303.8,131.5,90.052,52.5,241.2
353,302.1,128.5,90.135,54.1,240.4
353,300.7,125.7,90.218,53.9,242.7
353,297.8,120.3,90.385,51.0,239.3
353,295.8,117.8,90.469,56.3,232.5
353,294.2,115.6,90.552,50.2,232.9
353,292.7,113.5,90.635,50.9,235.2
353,291.7,111.5,90.719,49.8,242.9
353,290.3,109.5,90.802,50.8,234.6
353,289.3,107.5,90.885,54.6,242.4
353,287.9,105.5,90.969,56.7,236.3
353,285.2,100.7,91.219,51.4,241.7
353,280.6,93.4,91.636,51.4,234.9
353,278.6,89.6,91.886,50.6,251.5
353,277.9,88.5,91.969,46.8,236.0
353,277.3,87.5,92.053,45.7,239.7
353,275.3,83.8,92.303,53.9,245.6
353,273.9,81.9,92.47,56.1,230.8
353,273.4,81.0,92.553,51.3,245.0
353,273.0,80.1,92.636,50.6,245.8
353,271.8,78.7,92.803,54.8,231.1
353,271.4,77.8,92.887,51.1,244.6
353,270.7,77.0,92.97,49.1,229.3
353,267.2,71.0,93.637,58.0,227.8
353,265.5,68.0,94.054,55.5,241.3
353,264.8,67.0,94.221,56.6,245.2
355,317.0,201.0,90.885,50.4,246.1
355,309.8,184.9,91.052,56.1,244.6
355,303.5,171.2,91.219,51.1,244.4
355,298.1,159.8,91.386,54.4,245.1
355,293.6,149.7,91.552,56.1,246.6
355,289.9,141.1,91.719,53.4,245.4
355,286.7,133.5,91.886,55.4,248.6
355,284.1,126.9,92.053,50.5,248.0
355,281.2,120.8,92.22,53.4,244.1
355,278.9,115.5,92.386,50.0,243.6
355,277.1,110.6,92.553,55.6,252.3
355,275.7,108.5,92.636,55.6,237.6
355,274.9,106.5,92.72,56.3,246.8
355,274.0,104.5,92.803,55.8,245.0
355,273.2,102.6,92.887,57.0,247.7
355,271.5,99.0,93.053,53.1,248.6
355,267.5,89.8,93.554,56.0,253.7
355,266.7,88.6,93.637,53.3,238.2
355,266.3,87.5,93.72,46.3,246.8
355,264.7,83.8,93.971,48.9,251.8
355,263.4,80.8,94.221,47.7,252.4
355,262.9,79.9,94.304,48.1,238.4
355,261.7,77.9,94.471,56.9,233.3
355,261.3,77.0,94.554,55.3,247.0
355,260.6,75.0,94.721,57.3,249.3
355,259.6,72.5,94.971,51.9,254.0
355,255.3,63.7,96.138,55.2,243.5
357,321.8,181.9,86.8,56.0,246.3
357,318.6,175.8,86.883,54.0,242.4
357,313.1,163.9,87.05,51.6,242.9
357,308.5,154.0,87.217,51.8,244.4
357,304.8,145.4,87.383,47.3,245.7
357,301.5,137.7,87.55,51.9,246.1
357,298.9,130.6,87.717,54.7,248.6
357,297.3,127.6,87.8,56.1,243.1
357,296.4,124.9,87.884,50.9,250.3
357,293.6,119.5,88.05,50.7,243.2
357,291.6,114.5,88.217,53.7,248.6
357,287.8,106.3,88.551,47.9,248.2
357,286.1,102.6,88.718,47.8,241.5
357,284.6,99.2,88.884,49.7,248.8
357,283.2,95.8,89.051,53.5,249.2
357,281.8,92.8,89.218,52.1,250.1
357,281.0,90.5,89.385,46.0,252.7
357,279.7,87.8,89.551,53.7,245.5
357,279.3,86.8,89.635,48.9,250.3
357,278.8,85.7,89.718,51.7,245.6
357,276.7,80.0,90.135,57.1,253.6
357,276.3,79.2,90.218,50.2,244.4
357,274.6,75.1,90.635,50.8,247.1
357,273.1,71.1,91.052,49.4,243.1
359,357.2,222.0,89.801,50.9,238.1
359,352.0,213.5,89.885,49.5,238.8
359,341.7,196.2,90.052,53.1,239.0
359,333.1,181.7,90.218,51.0,238.6
359,325.8,169.7,90.385,49.3,238.5
359,319.3,159.5,90.552,49.6,239.1
359,313.5,150.3,90.719,48.4,238.0
359,308.8,142.3,90.885,50.2,238.0
359,304.8,135.2,91.052,50.7,238.4
359,301.0,129.0,91.219,46.3,240.3
359,298.3,123.3,91.386,48.8,251.9
359,292.0,113.6,91.719,50.4,245.2
359,288.4,107.6,91.969,53.8,236.1
359,287.5,105.7,92.053,55.2,243.1
359,286.4,103.9,92.136,52.4,239.4
359,285.4,102.1,92.22,53.8,240.0
359,284.5,100.4,92.303,54.6,241.6
359,283.5,98.7,92.386,57.6,241.2
359,281.9,95.6,92.553,49.8,243.6
359,279.4,91.6,92.803,49.7,235.8
359,277.5,87.8,93.053,55.6,247.2
359,276.7,86.7,93.137,47.0,232.9
359,275.6,84.6,93.303,56.4,240.3
359,273.9,81.7,93.554,50.4,236.9
359,272.9,80.0,93.72,49.9,241.9
359,272.3,79.0,93.804,54.9,237.8
359,271.9,78.1,93.887,55.9,245.1
359,270.8,76.2,94.054,50.3,246.5
359,270.3,75.5,94.137,49.2,234.4
359,269.4,74.1,94.304,51.8,236.5
359,267.7,71.1,94.638,55.7,228.8
359,267.0,70.0,94.804,52.8,249.3
359,266.5,69.4,94.888,47.0,230.0
359,265.8,68.0,95.054,53.1,247.1
359,265.6,67.4,95.138,56.7,248.8
359,264.7,66.4,95.305,57.3,222.6
359,264.0,65.2,95.471,55.0,241.9
359,263.3,64.0,95.638,56.0,237.0
359,260.1,59.2,96.639,54.8,235.6
360,207.3,60.7,90.802,57.5,112.3
360,204.5,66.3,91.803,47.0,106.8
360,204.3,66.9,91.886,51.4,114.4
360,203.8,67.4,91.969,49.3,129.1
360,201.4,70.9,92.47,54.6,131.0
360,200.8,72.1,92.636,50.1,110.7
360,200.4,72.8,92.72,49.5,119.5
360,200.1,73.6,92.803,57.1,110.8
360,199.6,74.8,92.97,51.3,120.2
360,197.9,76.9,93.22,47.4,130.7
360,196.7,78.5,93.387,49.0,123.7
360,195.5,80.5,93.554,55.2,120.6
360,193.6,83.8,93.887,48.4,120.0
360,190.9,88.7,94.221,57.9,127.3
360,190.2,89.9,94.304,50.7,121.5
360,183.8,100.6,94.971,56.9,118.1
360,182.8,102.0,95.054,45.9,123.9
360,180.1,107.6,95.305,56.4,113.7
360,177.7,111.5,95.471,56.7,123.7
360,177.0,113.5,95.555,48.2,108.7
360,176.0,115.8,95.638,54.3,114.4
360,174.9,117.8,95.722,45.9,118.2
360,173.3,120.4,95.805,54.8,121.7
360,172.9,122.7,95.888,46.7,100.2
360,170.0,125.2,95.972,50.6,138.9
360,168.4,127.7,96.055,46.9,122.3
360,164.5,133.8,96.222,47.4,125.5
360,162.2,137.2,96.305,54.6,123.3
360,160.5,140.4,96.389,47.4,118.3
360,158.5,144.2,96.472,54.9,117.7
360,156.4,147.8,96.555,48.3,121.3
360,153.8,152.2,96.639,56.0,120.5
360,148.9,160.8,96.805,57.5,118.2
360,146.7,165.3,96.889,47.9,116.6
360,143.3,170.9,96.972,55.1,121.2
360,140.7,176.2,97.056,48.8,116.3
360,137.0,182.7,97.139,55.9,119.4
360,134.2,188.4,97.222,45.7,116.5
360,130.4,195.9,97.306,55.8,116.7
360,126.6,202.6,97.389,46.0,119.4
360,121.7,211.5,97.473,55.6,119.1
360,117.2,219.5,97.556,46.7,119.0
360,111.9,230.1,97.639,55.7,116.9
360,107.0,240.2,97.723,48.5,115.9
360,100.3,253.2,97.806,56.4,117.0
360,94.3,265.0,97.889,46.2,116.8
361,206.1,65.1,88.301,48.5,115.7
361,203.2,69.7,88.968,53.8,119.1
361,201.4,72.7,89.301,56.9,116.9
361,200.3,74.8,89.551,55.4,115.0
361,198.8,77.1,89.801,52.6,126.1
361,198.4,78.0,89.885,48.3,115.5
361,198.0,78.9,89.968,52.3,113.6
361,197.4,79.9,90.052,56.3,118.2
361,197.0,80.8,90.135,52.3,114.0
361,196.5,81.8,90.218,51.5,119.8
361,195.9,82.9,90.302,58.0,115.6
361,195.4,83.9,90.385,49.8,117.3
361,194.7,85.1,90.469,54.1,119.9
361,193.2,87.0,90.635,45.8,133.8
361,191.9,89.8,90.802,57.3,117.2
361,191.4,91.0,90.885,46.5,112.2
361,190.0,93.9,91.052,49.9,114.6
361,189.4,95.2,91.136,47.3,113.5
361,188.4,96.8,91.219,55.8,122.4
361,187.8,98.3,91.302,51.2,111.9
361,187.2,99.9,91.386,53.1,111.1
361,186.2,101.6,91.469,55.1,119.0
361,184.9,105.0,91.636,55.6,115.1
361,184.0,106.8,91.719,49.4,118.0
361,182.9,108.9,91.803,56.2,116.9
361,182.2,110.8,91.886,48.4,109.7
361,180.5,115.6,92.053,54.0,111.9
361,178.8,120.7,92.22,49.1,110.2
361,177.7,123.3,92.303,53.0,114.2
361,176.4,125.7,92.386,46.9,117.7
361,171.9,138.6,92.72,49.1,106.2
361,168.3,146.5,92.887,50.1,115.8
361,165.0,155.2,93.053,50.2,110.8
361,161.3,165.0,93.22,48.5,110.8
361,158.9,170.7,93.303,56.3,112.6
361,156.8,176.0,93.387,49.4,111.7
361,151.9,189.5,93.554,51.3,108.6
361,145.9,205.2,93.72,50.6,110.0
361,138.9,223.7,93.887,48.8,110.3
361,130.4,246.2,94.054,49.6,110.1
362,208.3,59.9,88.384,46.0,124.9
362,208.0,60.4,88.467,55.9,121.7
362,208.0,60.9,88.551,50.8,89.7
362,205.4,64.9,89.301,50.2,127.6
362,204.1,67.0,89.635,48.0,118.3
362,203.6,67.6,89.718,48.6,134.3
362,202.2,69.9,90.052,52.9,113.7
362,200.9,71.9,90.302,53.7,124.2
362,198.0,76.8,90.885,51.9,116.2
362,195.5,81.1,91.302,46.0,127.1
362,194.3,83.0,91.469,54.1,120.4
362,193.9,83.9,91.552,46.5,116.9
362,193.2,85.0,91.636,52.1,119.9
362,192.6,86.1,91.719,49.2,122.1
362,191.9,87.2,91.803,53.4,121.5
362,185.5,97.3,92.47,52.0,121.8
362,184.5,98.7,92.553,47.2,127.0
362,183.6,100.5,92.636,57.5,116.0
362,181.6,103.7,92.803,55.1,123.6
362,179.5,107.0,92.97,56.2,123.9
362,178.5,108.8,93.053,47.9,120.0
362,177.3,110.8,93.137,51.7,121.1
362,176.3,112.8,93.22,48.6,117.4
362,172.3,119.7,93.47,55.0,117.8
362,171.0,122.1,93.554,48.8,119.8
362,167.9,127.6,93.72,47.7,121.5
362,166.0,130.5,93.804,51.7,123.5
362,164.6,133.5,93.887,49.9,116.2
362,158.6,144.0,94.137,57.1,119.2
362,156.5,147.5,94.221,48.4,120.5
362,154.0,152.0,94.304,56.8,119.2
362,149.1,160.7,94.471,57.9,119.8
362,146.6,165.0,94.554,46.5,120.3
362,143.4,170.9,94.638,57.7,118.5
362,140.5,176.0,94.721,47.7,119.4
362,136.7,182.6,94.804,56.7,119.9
362,129.3,196.0,94.971,57.3,118.3
362,125.7,203.0,95.054,47.3,117.9
362,120.8,211.7,95.138,55.2,119.1
362,116.4,220.1,95.221,48.1,117.3
362,110.6,231.1,95.305,57.8,117.8
362,105.3,241.2,95.388,47.9,117.9
362,98.4,254.6,95.471,57.3,117.5
362,92.0,266.5,95.555,45.9,118.3
364,217.8,56.8,88.884,54.3,94.6
364,216.7,59.0,89.385,58.4,116.4
364,215.9,60.1,89.635,49.1,112.4
364,215.8,60.6,89.718,57.9,101.5
364,215.5,61.0,89.801,46.9,131.4
364,212.6,67.0,90.802,56.0,130.8
364,212.1,68.4,90.969,47.2,109.9
364,210.7,70.8,91.302,55.0,116.4
364,210.2,72.3,91.469,47.0,110.2
364,209.9,73.0,91.552,52.3,109.9
364,209.7,73.9,91.636,57.4,106.0
364,209.3,74.7,91.719,51.7,112.7
364,208.2,77.0,91.969,51.0,120.4
364,207.9,77.9,92.053,56.1,111.0
364,207.0,79.9,92.22,54.9,106.8
364,206.6,80.9,92.303,53.9,114.2
364,206.3,81.8,92.386,50.4,106.7
364,205.7,82.9,92.47,56.0,118.0
364,205.1,84.8,92.636,46.7,107.5
364,204.6,85.9,92.72,53.5,115.1
364,203.8,88.4,92.887,49.7,116.3
364,202.6,91.0,93.053,48.8,116.6
364,201.6,93.8,93.22,48.2,107.0
364,201.0,95.3,93.303,54.0,113.6
364,200.3,96.8,93.387,54.0,114.6
364,198.7,100.1,93.554,45.8,119.0
364,197.9,101.8,93.637,56.6,114.6
364,197.2,103.5,93.72,49.2,111.9
364,193.7,111.4,94.054,49.8,112.1
364,191.5,116.1,94.221,51.1,114.6
364,189.3,121.4,94.387,56.0,111.2
364,186.7,126.8,94.554,48.5,116.0
364,183.7,133.4,94.721,52.4,112.6
364,180.7,140.4,94.888,49.7,109.6
364,177.2,148.3,95.054,48.1,116.1
364,173.4,157.4,95.221,50.0,112.7
364,168.9,167.9,95.388,51.0,113.1
364,163.9,179.9,95.555,50.7,112.4
364,158.2,194.1,95.722,50.3,112.3
364,151.6,211.0,95.888,50.9,110.8
364,143.7,231.4,96.055,50.7,111.5
364,134.4,256.3,96.222,49.7,111.3
365,336.5,242.3,93.137,56.6,243.2
365,331.2,231.6,93.22,51.7,244.0
365,322.2,210.4,93.387,54.9,247.2
365,314.3,193.3,93.554,51.7,245.8
365,307.4,178.9,93.72,52.1,242.7
365,302.2,166.8,93.887,52.9,245.6
365,293.2,148.0,94.221,50.4,244.7
365,289.7,140.1,94.387,51.9,246.2
365,286.4,133.2,94.554,51.3,242.9
365,283.9,126.8,94.721,50.5,246.7
365,281.2,120.8,94.888,53.7,245.6
365,280.1,118.3,94.971,54.0,245.7
365,278.9,116.1,95.054,50.9,242.6
365,277.1,111.4,95.221,53.5,249.2
365,273.5,103.4,95.555,47.1,250.8
365,271.1,98.1,95.805,53.6,238.7
365,270.6,96.6,95.888,51.0,252.9
365,269.3,93.7,96.055,48.3,243.5
365,267.9,90.9,96.222,47.8,241.0
365,266.9,88.2,96.389,56.2,248.9
365,265.0,84.7,96.639,55.4,237.2
365,264.7,83.7,96.722,49.3,253.1
365,263.3,80.6,96.972,47.9,241.0
365,262.8,79.7,97.056,48.4,239.0
365,262.4,78.7,97.139,56.1,244.7
365,261.8,77.8,97.222,52.6,237.7
365,261.0,76.0,97.389,50.8,256.4
365,259.6,72.8,97.723,50.1,243.7
365,259.2,72.0,97.806,54.2,244.2
365,258.9,71.3,97.889,51.8,247.1
366,220.8,62.0,91.302,45.9,91.4
366,220.6,63.9,91.636,56.6,84.2
366,220.1,65.1,91.803,47.3,119.5
366,219.9,67.0,92.053,54.2,110.3
366,219.5,70.1,92.47,57.8,102.7
366,219.0,73.1,92.803,51.4,105.2
366,217.9,78.0,93.303,47.7,104.6
366,217.7,79.0,93.387,54.7,100.5
366,217.4,79.9,93.47,54.1,109.3
366,217.2,80.8,93.554,51.1,99.3
366,217.0,81.8,93.637,50.2,103.7
366,216.8,82.9,93.72,56.0,99.0
366,216.1,85.2,93.887,49.4,106.5
366,215.6,87.7,94.054,47.6,103.2
366,215.1,89.0,94.137,54.1,109.9
366,214.8,90.1,94.221,47.3,107.0
366,214.0,93.0,94.387,48.0,104.3
366,213.2,95.9,94.554,47.7,104.8
366,212.4,99.2,94.721,49.3,103.6
366,211.6,103.0,94.888,47.8,102.3
366,211.1,104.8,94.971,55.1,106.6
366,210.6,106.7,95.054,52.4,104.7
366,209.3,111.0,95.221,46.0,110.2
366,208.2,115.8,95.388,51.7,101.7
366,206.8,120.8,95.555,49.8,108.0
366,205.3,126.7,95.722,48.1,104.0
366,203.5,133.2,95.888,50.9,106.3
366,201.8,140.4,96.055,50.8,104.5
366,199.8,148.5,96.222,48.6,103.8
366,197.5,158.0,96.389,52.4,102.4
366,194.6,168.7,96.555,53.4,104.8
366,191.4,181.5,96.722,54.0,103.5
366,187.8,196.1,96.889,51.1,103.9
366,183.5,214.0,97.056,51.7,104.2
366,178.4,235.5,97.222,52.5,103.4
366,172.2,261.9,97.389,51.4,103.2
370,335.6,187.2,92.803,54.1,237.6
370,331.5,181.0,92.887,52.0,237.0
370,324.3,169.1,93.053,50.4,239.0
370,318.1,158.9,93.22,49.7,237.8
370,315.2,154.0,93.303,57.7,239.4
370,312.8,150.2,93.387,48.1,237.4
370,308.0,142.4,93.554,46.4,235.7
370,304.5,135.3,93.72,50.5,246.1
370,301.0,129.1,93.887,46.4,238.3
370,299.1,126.0,93.971,58.0,238.3
370,297.9,123.5,94.054,48.8,243.6
370,294.8,118.4,94.221,46.1,241.8
370,289.9,109.9,94.554,46.5,242.9
370,288.5,107.8,94.638,57.2,236.1
370,287.6,106.1,94.721,46.7,241.6
370,286.5,104.4,94.804,51.2,238.6
370,285.7,102.6,94.888,52.2,244.5
370,282.7,97.7,95.138,57.2,236.6
370,282.2,96.3,95.221,49.8,249.7
370,281.5,94.7,95.305,57.7,244.3
370,279.2,90.6,95.555,56.2,244.7
370,277.7,88.5,95.722,47.0,236.3
370,276.4,85.9,95.888,49.9,238.0
370,275.7,84.7,95.972,58.1,238.6
370,274.3,82.8,96.138,53.2,237.6
370,274.1,81.8,96.222,55.7,257.9
370,273.4,80.9,96.305,48.2,232.0
370,273.1,79.9,96.389,55.0,250.1
370,272.5,78.9,96.472,56.2,238.5
370,270.3,75.9,96.805,52.8,230.4
370,268.8,72.8,97.139,52.0,249.9
371,377.4,248.3,93.22,49.4,235.2
371,362.7,223.9,93.387,54.2,240.0
371,350.3,204.8,93.554,51.0,239.0
371,340.6,189.5,93.72,49.1,237.4
371,332.1,176.7,93.887,49.3,235.8
371,324.9,165.5,94.054,50.1,236.8
371,318.4,155.6,94.221,50.2,235.5
371,313.3,146.9,94.387,50.4,237.8
371,308.8,139.1,94.554,50.4,237.4
371,304.2,132.4,94.721,49.7,233.4
371,300.8,126.3,94.888,46.9,232.2
371,298.9,123.4,94.971,57.4,237.0
371,294.7,115.7,95.221,47.5,239.5
371,293.1,113.3,95.305,57.2,237.3
371,291.9,111.5,95.388,47.1,236.7
371,287.3,103.4,95.722,46.1,236.0
371,286.2,101.6,95.805,57.6,239.9
371,285.3,100.0,95.888,51.1,238.8
371,283.4,96.5,96.055,52.1,240.5
371,281.8,93.5,96.222,46.0,239.5
371,280.0,90.7,96.389,52.9,239.0
371,279.3,89.6,96.472,47.2,237.5
371,278.8,88.5,96.555,47.2,244.5
371,277.1,85.8,96.722,56.9,238.3
371,276.3,84.6,96.805,58.2,238.1
371,275.7,83.5,96.889,56.4,240.3
371,275.1,82.5,96.972,48.1,238.7
371,273.5,79.9,97.222,49.2,242.2
371,272.4,78.1,97.389,47.3,240.2
371,270.1,74.8,97.723,48.6,235.8
371,267.8,70.9,98.14,55.5,239.3
372,208.6,68.7,93.47,53.9,98.5
372,208.5,70.0,93.637,56.9,92.8
372,207.9,71.1,93.804,48.7,122.9
372,206.6,74.7,94.221,48.7,112.2
372,206.3,75.5,94.304,56.6,112.4
372,205.9,77.1,94.471,47.9,102.7
372,205.8,77.9,94.554,49.3,98.4
372,205.3,78.8,94.638,52.2,118.7
372,203.0,84.2,95.138,48.8,112.8
372,202.6,85.2,95.221,47.0,113.6
372,200.6,90.0,95.555,51.2,114.6
372,199.5,92.9,95.722,53.3,110.6
372,197.7,96.8,95.972,50.3,115.5
372,196.3,99.8,96.138,55.7,114.2
372,195.7,101.6,96.222,56.8,107.0
372,193.4,107.0,96.472,55.8,115.4
372,192.5,108.8,96.555,48.9,115.9
372,191.5,110.9,96.639,54.7,115.5
372,190.7,112.8,96.722,48.5,112.1
372,188.8,117.6,96.889,48.9,109.7
372,186.4,122.8,97.056,47.9,114.9
372,184.1,128.5,97.222,49.7,111.1
372,182.6,131.6,97.306,53.9,116.3
372,181.3,134.6,97.389,49.8,113.5
372,179.7,138.1,97.473,56.5,113.9
372,178.6,141.4,97.556,48.7,108.9
372,175.3,149.4,97.723,48.1,113.7
372,171.6,158.3,97.889,48.3,111.8
372,167.3,168.7,98.056,50.5,112.0
372,164.8,174.9,98.14,58.1,112.1
372,162.5,180.4,98.223,48.5,113.3
372,157.0,194.0,98.39,48.3,111.1
372,153.7,202.4,98.473,58.4,111.4
372,150.7,210.2,98.556,49.7,111.0
372,146.8,220.0,98.64,57.4,111.6
372,143.4,229.3,98.723,49.2,110.2
372,138.9,241.3,98.807,57.7,110.6
372,134.8,252.5,98.89,48.7,110.0
372,129.2,265.7,98.973,51.5,113.2
374,341.4,247.8,93.72,46.4,240.9
374,329.9,224.6,93.887,53.9,245.2
374,320.8,204.7,94.054,52.6,246.3
374,313.3,188.7,94.221,51.8,245.0
374,307.0,175.6,94.387,47.5,242.3
374,302.0,164.4,94.554,50.2,246.4
374,297.4,154.8,94.721,47.2,244.7
374,293.6,146.1,94.888,47.6,247.8
374,290.4,138.3,95.054,50.3,250.0
374,287.0,131.6,95.221,50.2,244.2
374,284.4,125.7,95.388,47.9,242.9
374,282.2,120.2,95.555,47.6,241.9
374,279.9,115.4,95.722,48.8,245.4
374,277.9,110.7,95.888,53.6,243.5
374,276.3,106.8,96.055,47.0,252.9
374,274.6,103.2,96.222,46.5,249.0
374,273.2,99.6,96.389,49.4,247.7
374,271.7,96.5,96.555,46.2,242.9
374,269.8,92.2,96.805,56.5,248.4
374,269.4,91.0,96.889,48.4,251.7
374,268.8,89.8,96.972,49.4,240.3
374,267.2,85.9,97.222,54.6,251.7
374,266.9,84.8,97.306,53.5,254.6
374,266.4,83.8,97.389,49.7,243.6
374,265.7,82.9,97.473,46.3,234.8
374,265.3,81.8,97.556,57.6,250.5
374,264.8,80.9,97.639,46.3,239.1
374,264.6,79.9,97.723,58.3,256.1
374,264.1,79.0,97.806,50.1,241.0
374,263.1,77.1,97.973,57.9,235.6
374,262.0,74.9,98.223,50.2,244.9
374,260.2,70.6,98.64,55.1,248.7
375,204.5,67.7,94.304,57.5,115.6
375,202.7,69.9,94.638,58.1,121.9
375,201.7,71.8,94.888,46.9,118.7
375,200.5,73.9,95.138,49.6,124.5
375,200.3,74.8,95.221,56.6,102.3
375,199.7,75.6,95.305,53.0,128.3
375,199.0,76.9,95.471,50.7,107.0
375,197.8,78.8,95.638,48.7,134.5
375,196.5,80.8,95.805,54.0,122.3
375,195.0,83.0,96.055,46.5,116.2
375,193.6,85.0,96.222,51.3,125.9
375,192.5,86.9,96.389,48.4,127.0
375,191.2,89.7,96.555,47.9,114.7
375,190.0,90.9,96.639,50.5,134.0
375,188.3,93.6,96.805,57.3,123.9
375,187.8,94.8,96.889,47.0,112.6
375,184.7,98.7,97.139,55.1,121.6
375,183.1,101.8,97.306,56.0,114.8
375,182.2,103.7,97.389,58.0,114.8
375,181.0,105.7,97.473,55.6,121.0
375,180.0,107.3,97.556,46.6,119.6
375,175.2,115.8,97.889,51.1,115.4
375,172.3,120.7,98.056,48.8,121.7
375,169.4,125.5,98.223,53.0,117.5
375,167.7,128.4,98.306,54.9,120.2
375,166.1,131.4,98.39,53.1,117.4
375,164.1,134.7,98.473,53.7,122.5
375,162.2,137.6,98.556,46.3,122.3
375,160.0,141.4,98.64,56.7,120.0
375,158.2,144.8,98.723,47.9,118.7
375,155.7,149.0,98.807,56.6,120.6
375,153.6,153.1,98.89,51.1,117.1
375,150.7,157.8,98.973,56.1,121.0
375,148.4,162.1,99.057,47.4,118.2
375,145.3,167.7,99.14,57.4,119.4
375,142.5,172.8,99.224,49.4,118.5
375,139.0,179.1,99.307,57.1,119.0
375,135.7,184.9,99.39,47.7,119.6
375,128.1,199.3,99.557,47.5,117.7
375,123.4,208.2,99.64,57.8,117.9
375,118.9,216.0,99.724,47.0,119.7
375,113.2,226.6,99.807,57.8,118.4
375,108.2,236.3,99.891,48.1,117.3
375,95.1,261.3,100.057,47.9,118.0
377,384.5,247.3,95.054,50.4,237.8
377,369.9,223.6,95.221,52.4,238.4
377,358.5,204.7,95.388,51.3,239.2
377,349.2,189.0,95.555,51.6,239.9
377,341.3,175.7,95.722,50.3,238.6
377,333.9,164.5,95.888,49.7,235.5
377,328.7,154.9,96.055,49.7,242.6
377,323.0,146.3,96.222,51.5,235.7
377,318.6,138.9,96.389,47.4,238.6
377,314.4,132.1,96.555,47.3,234.2
377,309.1,122.9,96.805,55.4,240.6
377,304.5,115.7,97.056,48.2,235.6
377,302.8,113.5,97.139,51.7,232.3
377,301.5,111.6,97.222,48.5,235.5
377,299.1,107.3,97.389,48.8,235.0
377,296.8,103.4,97.556,46.5,240.8
377,295.5,101.7,97.639,52.9,232.1
377,294.6,99.9,97.723,57.3,243.2
377,293.7,98.3,97.806,55.9,240.3
377,292.8,96.8,97.889,53.3,239.5
377,290.8,94.0,98.056,54.8,236.5
377,289.8,92.7,98.14,51.5,232.9
377,288.9,91.5,98.223,48.2,234.2
377,287.3,88.8,98.39,49.7,237.5
377,283.8,84.0,98.723,53.2,233.3
377,283.3,83.0,98.807,46.3,240.2
377,282.5,82.0,98.89,54.9,232.6
377,281.6,81.0,98.973,54.0,230.3
377,280.4,79.1,99.14,46.4,228.6
377,279.8,78.3,99.224,46.8,232.2
377,279.0,77.4,99.307,51.4,225.9
377,277.3,74.9,99.557,50.3,233.4
377,275.6,72.4,99.807,52.0,225.7
377,274.6,71.1,99.974,52.4,237.2
377,272.8,68.4,100.307,54.0,234.9
377,269.9,64.6,100.891,51.6,246.9
377,269.0,63.6,101.058,51.1,229.6
377,267.9,61.8,101.391,49.4,228.6
384,209.6,72.6,97.222,53.5,118.1
384,209.3,73.4,97.306,55.8,108.3
384,209.0,74.1,97.389,48.5,114.9
384,208.3,75.9,97.556,46.6,97.3
384,206.6,79.0,97.889,56.9,111.2
384,206.2,79.9,97.973,51.1,113.3
384,206.0,80.9,98.056,51.1,105.7
384,205.5,81.8,98.14,50.8,114.8
384,205.0,82.9,98.223,55.0,114.4
384,204.5,83.9,98.306,50.7,118.6
384,204.1,84.9,98.39,48.6,108.4
384,203.7,86.0,98.473,51.4,111.1
384,203.5,87.1,98.556,46.8,103.2
384,202.8,88.1,98.64,46.0,121.7
384,201.4,92.0,98.89,49.2,107.0
384,200.4,94.5,99.057,53.4,113.7
384,199.9,95.9,99.14,49.3,110.5
384,199.2,97.2,99.224,46.1,115.8
384,198.7,98.9,99.307,58.3,106.6
384,197.3,102.0,99.474,54.8,113.9
384,196.8,103.8,99.557,52.4,107.3
384,196.0,105.7,99.64,56.4,112.9
384,192.0,115.7,100.057,49.3,107.0
384,191.1,118.1,100.141,54.6,111.1
384,190.1,120.3,100.224,46.4,115.0
384,189.1,122.9,100.307,54.1,111.6
384,186.5,128.3,100.474,58.4,113.1
384,185.5,131.2,100.558,51.1,107.9
384,184.0,134.4,100.641,54.7,114.7
384,182.9,137.6,100.724,50.2,109.1
384,181.5,141.2,100.808,54.8,111.5
384,180.2,144.5,100.891,46.4,111.7
384,176.9,152.5,101.058,46.3,115.3
384,175.0,157.3,101.141,56.5,112.2
384,173.3,161.4,101.225,46.3,112.2
384,171.1,166.8,101.308,56.8,112.5
384,169.1,171.9,101.391,49.2,111.4
384,166.5,178.2,101.475,58.0,112.2
384,164.2,183.8,101.558,46.8,112.9
384,161.4,191.1,101.642,57.9,110.6
384,158.7,197.7,101.725,47.4,112.2
384,155.2,206.3,101.808,57.4,112.3
384,152.2,213.9,101.892,46.6,111.6
384,148.1,224.0,101.975,56.6,112.1
384,144.3,233.5,102.059,48.6,111.6
384,139.3,245.9,102.142,57.2,112.0
384,134.8,257.3,102.225,47.5,111.4
385,366.0,239.3,97.639,58.0,237.6
385,360.1,229.4,97.723,49.1,239.1
385,348.9,210.3,97.889,47.9,238.3
385,343.3,201.4,97.973,58.0,237.9
385,339.0,194.4,98.056,49.6,238.5
385,331.3,180.9,98.223,47.9,239.2
385,327.2,174.5,98.306,58.0,237.5
385,320.5,164.4,98.473,57.0,236.0
385,317.6,160.0,98.556,47.7,236.4
385,314.3,155.3,98.64,55.6,235.6
385,312.0,151.3,98.723,49.5,239.8
385,307.2,143.4,98.89,47.8,239.2
385,304.9,139.5,98.973,58.0,239.4
385,302.7,136.4,99.057,47.8,234.0
385,298.6,130.1,99.224,49.2,236.5
385,294.8,124.5,99.39,45.7,232.2
385,289.8,116.6,99.64,55.3,239.3
385,288.5,114.6,99.724,47.5,237.3
385,281.9,104.6,100.141,51.9,229.9
385,280.8,102.8,100.224,54.9,238.2
385,276.6,96.2,100.558,53.0,243.1
385,275.5,94.7,100.641,57.5,235.9
385,272.7,90.8,100.891,47.0,233.6
385,271.8,89.6,100.975,50.3,234.3
385,271.2,88.5,101.058,48.4,240.6
385,269.6,85.8,101.225,51.8,240.6
385,268.8,84.7,101.308,55.2,233.0
385,267.4,82.7,101.475,53.9,233.6
385,266.8,81.8,101.558,50.8,239.1
385,266.1,80.8,101.642,50.8,234.9
385,265.6,79.9,101.725,51.8,240.7
385,264.9,79.0,101.808,53.2,231.4
385,264.4,78.0,101.892,54.9,242.5
385,263.5,76.2,102.059,49.7,245.4
385,261.5,72.8,102.392,50.8,236.8
385,260.2,71.0,102.642,53.8,243.2
385,259.9,70.2,102.726,55.8,243.7
385,258.2,67.1,103.142,57.4,232.0
385,257.7,66.1,103.309,57.7,253.9
385,256.1,62.9,103.81,52.7,237.1
385,254.6,60.1,104.31,47.0,240.8
387,212.0,66.6,98.14,47.5,133.4
387,211.3,68.1,98.39,49.8,113.3
387,210.4,70.0,98.64,50.0,114.4
387,209.8,71.6,98.807,53.7,126.7
387,209.2,72.9,98.973,53.7,105.3
387,208.6,74.2,99.14,54.1,111.7
387,208.3,74.9,99.224,50.1,114.5
387,208.0,75.9,99.307,58.2,104.5
387,207.1,77.4,99.474,50.4,120.1
387,206.8,78.1,99.557,46.0,113.3
387,206.4,79.0,99.64,47.0,117.4
387,206.1,79.9,99.724,53.5,108.1
387,205.6,80.9,99.807,55.3,111.8
387,205.4,81.9,99.891,50.0,104.6
387,205.1,82.9,99.974,53.1,107.4
387,204.2,84.6,100.141,57.9,121.0
387,203.4,86.8,100.307,58.4,111.8
387,202.9,87.9,100.391,47.3,115.7
387,201.8,90.0,100.558,46.8,112.7
387,200.7,92.8,100.724,49.2,114.3
387,196.5,102.8,101.308,56.0,117.0
387,195.8,104.7,101.391,55.6,109.3
387,194.9,106.5,101.475,51.4,117.0
387,191.2,114.4,101.808,56.7,113.9
387,190.2,116.6,101.892,51.1,114.2
387,189.1,119.2,101.975,57.3,114.2
387,186.7,123.6,102.142,49.0,119.9
387,185.5,126.5,102.225,55.6,112.2
387,184.0,129.4,102.309,52.9,117.2
387,181.1,135.4,102.475,58.2,114.2
387,179.8,138.4,102.559,47.2,113.9
387,177.9,142.3,102.642,56.9,116.0
387,176.4,145.6,102.726,46.5,115.5
387,174.4,150.0,102.809,58.3,113.6
387,172.7,153.7,102.892,45.7,115.9
387,168.2,163.0,103.059,47.3,114.9
387,165.9,168.4,103.142,55.9,113.0
387,163.6,173.2,103.226,46.1,115.9
387,161.0,179.5,103.309,55.7,112.7
387,158.5,185.0,103.393,45.9,114.4
387,155.5,192.1,103.476,55.2,112.9
387,152.8,198.6,103.559,46.5,112.5
387,149.2,206.9,103.643,55.2,113.3
387,142.0,224.4,103.81,56.0,112.2
387,138.1,233.6,103.893,46.8,112.8
387,133.2,245.8,103.976,56.5,111.7
387,128.8,256.9,104.06,46.0,112.1
388,406.0,253.6,98.473,49.4,232.2
388,397.2,241.4,98.556,53.8,234.3
388,382.7,219.0,98.723,50.6,235.3
388,370.4,201.0,98.89,49.3,235.6
388,360.3,185.8,99.057,50.9,236.7
388,351.3,173.3,99.224,48.3,234.7
388,343.3,162.4,99.39,51.6,235.5
388,336.7,153.0,99.557,48.9,233.5
388,325.5,137.0,99.891,52.1,236.7
388,320.6,130.4,100.057,48.0,232.5
388,308.4,114.6,100.558,50.7,231.3
388,305.1,110.3,100.724,48.6,227.1
388,301.8,106.0,100.891,49.5,229.2
388,299.5,102.4,101.058,46.6,237.4
388,296.7,98.8,101.225,50.5,231.3
388,294.3,95.6,101.391,48.9,235.0
388,293.0,94.1,101.475,56.0,229.6
388,292.1,92.9,101.558,48.3,234.0
388,290.9,91.7,101.642,48.6,224.9
388,289.9,90.6,101.725,46.1,229.8
388,288.1,87.7,101.892,55.4,239.9
388,287.0,86.5,101.975,55.5,227.9
388,284.7,83.0,102.225,55.6,241.3
388,283.6,82.0,102.309,54.1,224.0
388,283.1,80.9,102.392,57.9,244.0
388,282.1,79.9,102.475,58.0,227.9
388,281.4,79.0,102.559,49.2,228.2
388,278.0,74.8,102.976,48.7,225.9
388,275.8,72.0,103.309,51.8,228.7
388,273.7,68.9,103.643,48.5,227.4
388,271.5,66.1,104.06,51.6,226.8
388,268.5,62.1,104.727,46.1,230.3
388,267.9,61.1,104.893,54.2,236.9
388,267.3,59.9,105.06,57.8,256.5
390,218.0,78.1,99.474,57.5,114.6
390,217.8,79.0,99.557,50.8,105.1
390,217.5,80.0,99.64,57.3,104.7
390,217.2,81.0,99.724,55.2,107.2
390,216.9,82.0,99.807,53.2,105.3
390,216.7,83.1,99.891,52.8,102.0
390,216.1,85.8,100.057,53.8,103.1
390,215.7,86.9,100.141,51.1,113.2
390,215.4,88.0,100.224,47.3,101.9
390,214.6,91.1,100.391,54.5,106.9
390,213.5,94.0,100.558,48.1,107.0
390,212.7,97.0,100.724,48.0,104.0
390,211.8,100.3,100.891,47.7,103.2
390,210.5,103.9,101.058,46.9,110.4
390,209.4,107.9,101.225,47.2,106.8
390,207.8,112.5,101.391,52.2,108.0
390,206.6,117.5,101.558,48.0,101.8
390,205.0,123.0,101.725,56.1,105.2
390,203.2,129.2,101.892,55.6,105.5
390,201.1,136.4,102.059,54.0,109.3
390,199.2,144.0,102.225,53.5,101.5
390,196.8,153.0,102.392,54.8,105.1
390,194.2,163.2,102.559,52.7,103.9
390,191.1,175.3,102.726,55.0,104.2
390,187.6,189.3,102.892,53.5,103.1
390,183.6,205.9,103.059,52.3,102.7
390,178.7,226.2,103.226,53.3,103.5
390,172.9,251.2,103.393,52.4,103.5
390,169.3,265.3,103.476,55.4,104.3
395,210.8,71.0,99.974,58.3,113.7
395,210.3,72.0,100.141,56.4,102.4
395,209.7,73.9,100.391,56.5,101.7
395,208.7,76.3,100.641,58.2,102.5
395,208.4,77.1,100.724,47.0,113.3
395,207.9,78.0,100.808,54.5,118.5
395,205.6,83.1,101.308,48.1,117.4
395,204.8,85.0,101.475,49.7,121.6
395,203.2,88.9,101.725,54.0,108.4
395,201.7,92.1,101.975,48.1,110.6
395,200.5,94.7,102.142,56.3,112.6
395,199.9,95.9,102.225,46.3,113.1
395,197.8,100.7,102.475,57.0,118.2
395,196.5,103.7,102.642,52.6,112.8
395,195.6,105.7,102.726,57.4,114.5
395,194.7,107.6,102.809,53.8,114.0
395,191.2,115.6,103.142,56.8,110.9
395,190.4,117.8,103.226,48.8,109.7
395,188.3,122.8,103.393,46.0,113.9
395,183.5,133.8,103.726,49.5,111.4
395,182.0,137.2,103.81,54.9,114.2
395,176.0,151.9,104.143,56.1,112.8
395,172.3,160.6,104.31,57.7,112.2
395,170.7,165.0,104.393,47.4,110.2
395,168.4,170.5,104.477,54.6,113.1
395,163.8,181.6,104.643,55.4,112.1
395,161.6,187.5,104.727,48.2,110.7
395,158.8,194.7,104.81,54.1,111.5
395,156.2,201.4,104.893,46.5,110.8
395,152.9,210.3,104.977,57.1,110.4
395,145.7,228.7,105.144,57.1,110.5
395,142.2,238.3,105.227,47.0,110.1
395,137.7,250.9,105.31,55.9,109.9
395,133.3,262.4,105.394,46.0,110.7
402,376.9,247.5,102.309,55.4,237.4
402,369.8,235.5,102.392,55.7,239.3
402,356.8,214.5,102.559,51.5,238.5
402,346.4,197.4,102.726,50.0,240.5
402,337.2,183.2,102.892,48.8,238.5
402,330.1,170.9,103.059,50.9,240.2
402,323.5,160.6,103.226,49.4,238.0
402,318.0,151.5,103.393,46.5,237.7
402,312.3,143.2,103.559,52.9,235.5
402,308.0,136.0,103.726,46.6,235.5
402,303.8,129.5,103.893,51.6,237.0
402,300.6,123.6,104.06,51.2,245.4
402,298.6,120.8,104.143,58.4,233.8
402,297.2,118.5,104.226,49.3,239.8
402,293.9,114.0,104.393,46.3,232.1
402,291.5,109.6,104.56,50.3,237.5
402,289.1,105.5,104.727,52.2,239.5
402,287.7,103.7,104.81,54.7,232.6
402,286.8,101.8,104.893,58.1,245.3
402,285.8,100.1,104.977,55.7,238.4
402,284.8,98.5,105.06,52.4,238.0
402,281.1,92.6,105.394,46.0,237.5
402,280.2,91.5,105.477,46.7,229.8
402,279.3,90.1,105.561,56.0,238.5
402,278.6,88.8,105.644,55.6,240.0
402,278.0,87.6,105.727,52.9,243.2
402,276.5,85.1,105.894,57.2,239.6
402,274.2,81.0,106.228,51.5,236.7
402,273.5,80.0,106.311,50.9,236.6
402,273.0,79.2,106.394,50.2,236.2
402,270.4,75.0,106.811,55.7,235.7
402,269.8,74.3,106.895,51.4,232.3
402,268.9,72.5,107.061,49.0,242.0
402,267.9,71.1,107.228,53.4,235.4
402,266.4,68.4,107.562,46.4,234.2
402,265.3,66.5,107.812,48.7,235.0
402,263.6,64.1,108.145,57.2,236.0
402,262.7,63.0,108.395,47.3,227.6
402,261.7,61.3,108.646,53.6,242.8
403,379.9,245.5,102.892,48.9,231.9
403,364.4,223.3,103.059,50.0,236.6
403,357.6,213.3,103.142,57.8,236.0
403,352.8,205.8,103.226,47.1,237.3
403,343.2,190.8,103.393,46.6,236.9
403,338.5,184.0,103.476,54.6,235.6
403,335.3,178.4,103.559,48.0,239.7
403,331.3,172.2,103.643,57.0,237.0
403,328.0,167.6,103.726,45.9,235.0
403,324.6,162.4,103.81,55.4,236.6
403,322.0,158.2,103.893,47.1,238.5
403,319.1,153.4,103.976,58.1,238.6
403,313.9,145.6,104.143,57.9,237.4
403,311.6,142.4,104.226,46.4,234.7
403,305.6,132.3,104.477,57.1,238.4
403,303.8,129.7,104.56,47.2,236.1
403,301.9,126.6,104.643,57.2,238.4
403,299.3,121.6,104.81,55.4,237.3
403,294.7,114.5,105.06,52.6,238.5
403,293.4,112.5,105.144,50.4,236.6
403,292.3,110.6,105.227,49.4,241.2
403,291.0,108.6,105.31,51.2,235.3
403,288.6,105.4,105.477,52.7,235.8
403,287.7,103.9,105.561,46.9,238.5
403,284.8,98.8,105.811,56.5,238.8
403,281.4,93.3,106.144,56.0,237.3
403,279.3,89.8,106.394,48.5,244.9
403,277.7,87.7,106.561,46.7,229.0
403,273.4,80.8,107.145,49.6,229.5
403,272.4,78.8,107.312,57.0,241.4
403,272.1,77.9,107.395,49.5,253.0
403,271.6,77.1,107.478,53.5,240.3
403,270.9,75.9,107.645,51.5,257.8
403,270.2,75.1,107.728,52.6,230.3
403,265.6,67.9,108.646,45.8,244.5
403,265.1,66.9,108.812,48.0,236.5
403,264.0,65.4,109.063,45.8,235.1
403,263.5,64.6,109.229,51.2,227.7
404,215.0,62.1,103.226,48.9,118.3
404,214.5,63.2,103.393,57.0,116.2
404,211.5,68.9,104.31,54.1,128.1
404,211.5,69.6,104.393,53.1,87.1
404,211.2,70.2,104.477,47.7,115.5
404,211.1,71.0,104.56,57.8,99.9
404,210.0,73.1,104.81,56.9,108.3
404,209.2,74.8,104.977,57.8,115.6
404,208.7,76.0,105.144,47.5,116.8
404,208.0,77.8,105.31,49.6,118.0
404,207.2,79.2,105.477,49.3,116.7
404,206.4,80.9,105.644,49.8,104.4
404,206.2,82.0,105.727,53.8,104.3
404,205.6,82.9,105.811,46.6,122.2
404,204.3,86.1,106.061,48.1,118.8
404,203.0,88.8,106.228,48.9,114.7
404,202.3,89.9,106.311,46.7,122.2
404,200.9,94.0,106.561,53.0,111.6
404,199.0,97.8,106.811,56.1,113.1
404,198.4,99.2,106.895,47.8,112.6
404,197.6,100.9,106.978,54.1,115.3
404,197.0,102.6,107.061,52.1,109.7
404,194.9,107.8,107.312,51.1,109.6
404,194.1,109.8,107.395,53.2,110.8
404,193.3,111.9,107.478,52.9,112.2
404,192.3,113.8,107.562,47.6,115.4
404,190.5,118.6,107.728,49.4,110.7
404,189.3,121.4,107.812,58.4,113.8
404,188.3,123.8,107.895,47.4,112.7
404,187.5,126.3,107.979,48.9,106.8
404,186.3,129.1,108.062,51.8,114.2
404,184.9,132.3,108.145,55.7,112.6
404,183.7,135.3,108.229,49.8,112.6
404,182.4,139.0,108.312,56.5,109.0
404,181.1,142.0,108.395,45.8,113.6
404,179.4,146.0,108.479,55.4,113.2
404,178.0,149.6,108.562,47.6,110.8
404,176.0,154.2,108.646,56.9,113.7
404,174.5,158.3,108.729,48.0,109.9
404,172.5,163.5,108.812,57.4,111.1
404,170.5,168.0,108.896,46.2,114.2
404,163.1,186.1,109.146,56.5,112.2
404,160.7,192.2,109.229,47.3,111.7
404,157.5,200.2,109.313,56.6,111.7
404,154.7,207.3,109.396,46.2,111.6
404,151.4,216.9,109.479,58.0,109.2
404,148.2,225.5,109.563,47.2,110.5
404,143.8,237.1,109.646,57.6,110.5
404,140.0,247.6,109.73,47.4,110.1
404,134.8,261.4,109.813,56.3,110.5
405,365.2,226.2,103.893,53.5,240.4
405,353.8,206.4,104.06,51.7,239.7
405,344.8,190.0,104.226,52.1,243.9
405,336.9,176.7,104.393,51.3,240.9
405,330.1,165.2,104.56,50.8,238.5
405,324.8,155.4,104.727,50.4,242.7
405,319.5,146.6,104.893,52.5,239.3
405,315.2,139.2,105.06,48.6,239.3
405,311.5,132.1,105.227,51.0,241.7
405,308.2,126.2,105.394,48.0,239.3
405,302.5,115.8,105.727,52.2,243.0
405,301.2,113.5,105.811,55.1,240.4
405,300.2,111.5,105.894,49.9,242.1
405,294.6,101.7,106.311,57.2,237.1
405,292.6,98.7,106.478,57.3,235.3
405,290.9,95.6,106.644,51.9,237.9
405,290.2,94.2,106.728,51.4,243.2
405,289.3,92.8,106.811,54.7,237.6
405,287.1,88.8,107.061,52.4,246.2
405,286.2,87.7,107.145,47.2,230.1
405,285.4,86.7,107.228,46.5,232.9
405,282.8,82.1,107.562,46.0,240.4
405,279.4,77.8,107.979,55.2,239.6
405,278.9,76.9,108.062,56.0,242.7
405,278.2,76.0,108.145,57.9,232.0
405,276.8,73.9,108.395,50.2,235.9
405,276.1,73.1,108.479,57.5,227.4
405,275.2,71.5,108.646,57.2,239.6
405,274.7,70.8,108.729,54.3,237.3
405,274.2,70.1,108.812,53.2,234.8
405,272.8,68.4,109.063,51.1,227.8
405,272.5,67.8,109.146,49.5,243.3
406,199.9,64.6,103.976,57.2,141.7
406,193.1,70.1,104.81,46.7,142.1
406,192.3,70.9,104.893,57.5,136.3
406,189.6,73.1,105.144,52.5,147.9
406,188.7,74.0,105.227,56.6,138.8
406,183.0,78.0,105.644,55.2,148.0
406,182.2,78.9,105.727,51.9,132.6
406,179.7,81.0,105.894,56.6,134.7
406,178.1,82.0,105.977,50.9,148.9
406,176.9,82.9,106.061,48.7,142.0
406,175.3,84.0,106.144,51.5,145.7
406,170.9,86.9,106.394,47.5,145.6
406,169.1,88.1,106.478,50.6,148.2
406,167.4,89.3,106.561,53.7,143.4
406,163.8,92.1,106.728,51.3,144.2
406,157.6,95.9,106.978,54.2,148.0
406,151.2,100.4,107.228,48.8,143.5
406,148.5,102.1,107.312,54.5,147.2
406,146.1,103.9,107.395,52.5,143.3
406,143.2,105.8,107.478,55.6,146.7
406,140.8,107.7,107.562,51.7,142.5
406,137.6,109.7,107.645,53.7,147.2
406,135.1,111.6,107.728,48.6,142.9
406,131.8,113.7,107.812,52.6,146.6
406,128.8,115.9,107.895,49.2,144.9
406,122.0,120.7,108.062,46.8,143.8
406,118.0,123.4,108.145,54.8,145.5
406,109.9,128.6,108.312,52.5,148.0
406,106.2,131.2,108.395,46.3,144.4
406,101.3,134.4,108.479,54.0,146.7
406,97.2,137.5,108.562,48.7,143.1
406,92.1,141.1,108.646,53.5,145.2
406,81.6,148.2,108.812,54.3,145.0
406,69.7,156.1,108.979,53.4,146.3
406,63.8,160.3,109.063,47.0,144.7
406,56.6,165.4,109.146,54.1,144.5
406,41.8,175.6,109.313,51.8,146.1
406,25.3,187.2,109.479,52.6,145.0
406,12.8,199.5,109.646,47.5,124.3
408,340.4,250.6,104.31,54.3,242.5
408,334.2,238.8,104.393,53.2,242.2
408,324.7,216.6,104.56,53.2,246.4
408,316.5,198.4,104.727,53.3,245.8
408,309.9,183.7,104.893,49.9,245.2
408,304.2,171.5,105.06,49.1,244.4
408,299.1,160.8,105.227,49.7,244.6
408,294.8,151.2,105.394,52.5,246.4
408,291.0,143.0,105.561,48.5,243.4
408,285.1,129.2,105.894,50.5,247.6
408,282.9,123.2,106.061,52.1,258.3
408,281.0,120.5,106.144,54.8,234.3
408,279.9,118.2,106.228,50.7,245.1
408,277.9,113.5,106.394,47.6,246.9
408,276.2,109.1,106.561,47.7,246.4
408,272.8,101.6,106.895,46.4,244.4
408,271.3,98.2,107.061,54.3,257.1
408,269.9,95.0,107.228,48.3,242.6
408,269.3,93.5,107.312,57.8,247.0
408,267.4,89.7,107.562,46.7,239.6
408,266.3,87.0,107.728,51.0,239.5
408,265.9,85.8,107.812,54.0,251.0
408,265.4,84.8,107.895,47.9,242.9
408,264.9,83.9,107.979,48.2,239.2
408,264.4,82.8,108.062,53.6,248.7
408,263.9,81.9,108.145,45.9,238.3
408,263.6,81.0,108.229,47.3,251.7
408,262.7,79.0,108.395,51.9,251.8
408,262.3,78.1,108.479,55.3,246.8
408,261.8,77.2,108.562,55.0,240.6
408,260.9,75.3,108.729,48.0,247.1
408,259.8,72.9,108.979,49.5,240.0
408,259.5,72.2,109.063,48.9,247.3
408,259.2,71.5,109.146,54.8,248.7
408,257.8,68.0,109.563,53.7,246.1
408,257.7,67.5,109.646,46.7,253.7
408,256.5,65.1,109.98,50.6,236.8
409,366.4,228.4,104.727,52.8,241.5
409,354.3,208.8,104.893,50.4,241.4
409,344.4,192.4,105.06,50.9,238.2
409,336.0,179.0,105.227,49.2,237.8
409,328.6,167.7,105.394,47.5,235.3
409,322.2,157.9,105.561,48.2,236.4
409,316.9,148.9,105.727,49.3,237.1
409,312.1,141.1,105.894,48.6,239.3
409,309.7,137.3,105.977,58.4,237.9
409,307.7,134.2,106.061,50.4,237.5
409,303.9,128.1,106.228,46.6,241.7
409,300.4,122.4,106.394,50.1,238.8
409,291.7,108.8,106.895,50.0,241.5
409,289.1,104.9,107.061,51.6,238.0
409,285.3,97.9,107.395,54.9,242.6
409,284.3,96.5,107.478,50.8,235.1
409,283.4,95.0,107.562,53.3,240.0
409,282.3,93.6,107.645,53.0,231.7
409,279.9,89.7,107.895,46.4,233.8
409,277.1,84.8,108.229,56.4,248.6
409,276.3,83.8,108.312,48.6,232.9
409,275.9,82.9,108.395,49.6,246.5
409,275.1,81.8,108.479,57.6,232.4
409,274.5,80.9,108.562,47.7,238.0
409,273.3,79.0,108.729,50.4,240.3
409,270.5,75.0,109.146,53.0,241.9
409,269.7,73.3,109.313,57.1,239.5
409,268.7,72.1,109.479,53.8,236.9
409,266.4,68.1,109.98,55.2,245.7
409,266.0,67.5,110.063,57.3,235.0
409,265.6,66.9,110.146,45.8,235.7
409,265.4,66.4,110.23,47.6,248.6
409,265.1,65.9,110.313,48.7,242.6
409,264.3,64.7,110.48,46.1,230.2
409,263.7,63.1,110.73,57.4,258.6
410,339.2,246.0,104.893,50.7,242.4
410,328.3,222.2,105.06,53.0,246.0
410,319.7,203.4,105.227,51.9,246.2
410,312.6,188.0,105.394,49.8,244.8
410,306.5,175.1,105.561,47.9,243.6
410,301.3,164.0,105.727,47.7,243.2
410,296.8,154.3,105.894,49.1,245.6
410,293.1,146.0,106.061,47.2,246.3
410,289.6,138.3,106.228,50.2,244.9
410,286.6,131.3,106.394,54.4,246.5
410,285.2,128.2,106.478,56.0,245.4
410,284.4,125.7,106.561,47.8,252.1
410,281.8,120.2,106.728,49.3,246.1
410,280.4,117.6,106.811,57.4,242.4
410,279.2,115.5,106.895,49.2,241.4
410,277.3,110.8,107.061,50.8,246.8
410,275.6,106.6,107.228,52.0,250.6
410,274.8,104.7,107.312,56.7,246.2
410,273.4,101.6,107.478,55.6,246.9
410,269.5,92.6,107.979,47.3,246.9
410,268.8,91.4,108.062,49.7,242.6
410,267.9,88.8,108.229,48.9,252.3
410,267.5,87.5,108.312,57.0,253.2
410,266.9,86.5,108.395,47.4,240.5
410,265.6,83.0,108.646,53.3,248.3
410,265.1,82.1,108.729,50.5,243.8
410,263.1,77.6,109.146,50.0,241.5
410,262.2,76.1,109.313,55.5,246.2
410,261.9,75.3,109.396,51.6,246.7
410,260.6,72.1,109.73,55.1,246.9
410,259.5,69.2,110.063,56.2,244.8
410,258.7,68.1,110.23,58.1,248.9
410,258.1,66.8,110.397,47.7,246.3
410,258.0,66.2,110.48,47.3,258.5
410,257.5,65.1,110.647,55.3,248.0
411,410.2,251.6,105.144,49.3,228.9
411,401.5,240.9,105.227,47.8,231.1
411,385.5,219.4,105.394,51.6,234.4
411,372.6,201.5,105.561,49.8,233.7
411,361.9,186.5,105.727,51.0,235.1
411,352.7,174.1,105.894,47.5,233.1
411,344.8,163.4,106.061,49.3,233.6
411,341.1,158.2,106.144,58.3,234.4
411,338.1,154.2,106.228,48.0,232.5
411,326.5,138.5,106.561,49.9,234.9
411,321.8,132.0,106.728,47.3,236.2
411,317.4,126.2,106.895,45.9,231.1
411,314.9,123.3,106.978,56.3,228.5
411,313.3,121.1,107.061,46.8,235.3
411,306.5,111.6,107.395,55.1,237.9
411,304.9,109.6,107.478,53.3,231.3
411,303.4,107.6,107.562,53.4,232.9
411,301.8,105.6,107.645,55.7,229.7
411,297.9,100.5,107.895,49.6,229.5
411,296.7,98.8,107.979,58.0,235.2
411,291.3,91.7,108.395,47.7,234.0
411,290.2,90.4,108.479,52.6,229.6
411,287.7,86.9,108.729,51.5,230.9
411,286.6,85.8,108.812,51.6,226.7
411,286.0,84.7,108.896,49.9,236.8
411,285.2,83.8,108.979,48.9,230.3
411,284.5,82.8,109.063,50.5,235.7
411,283.5,81.8,109.146,52.2,224.5
411,282.9,80.9,109.229,49.3,238.6
411,282.2,79.8,109.313,57.4,235.2
411,280.6,77.9,109.479,55.9,228.0
411,278.3,75.0,109.813,48.3,233.6
411,273.8,69.2,110.48,53.6,232.6
411,270.3,64.1,111.23,53.6,256.9
411,269.5,63.3,111.397,55.8,242.8
411,269.0,62.8,111.481,48.8,225.9
411,268.7,62.3,111.564,57.3,237.9
411,268.2,61.8,111.647,51.7,228.0
411,266.6,59.9,112.064,57.8,229.2
411,266.4,59.5,112.148,51.8,241.5
411,265.9,59.0,112.231,56.7,226.9
411,263.8,55.4,112.981,50.8,240.0
413,189.2,73.0,106.228,53.7,133.3
413,179.7,80.0,106.978,48.4,144.0
413,178.8,80.9,107.061,46.1,138.0
413,177.4,81.8,107.145,47.5,147.8
413,176.3,82.9,107.228,55.7,134.6
413,174.6,83.9,107.312,51.7,148.6
413,170.9,86.7,107.562,54.9,149.6
413,169.1,87.9,107.645,54.1,147.5
413,164.2,91.7,107.895,50.5,141.2
413,162.2,92.9,107.979,48.1,149.4
413,144.6,104.6,108.646,49.4,148.8
413,127.3,116.4,109.146,58.1,144.7
413,124.2,118.6,109.229,47.0,145.2
413,120.5,121.3,109.313,57.1,143.6
413,112.9,126.3,109.479,53.9,147.2
413,104.4,131.4,109.646,51.0,149.4
413,95.4,137.3,109.813,52.1,147.6
413,90.9,140.4,109.896,46.2,146.2
413,85.0,144.2,109.98,55.6,146.6
413,73.7,151.2,110.146,51.1,148.3
413,61.0,159.0,110.313,51.2,148.4
413,54.8,163.3,110.397,46.5,145.3
413,46.6,167.9,110.48,47.7,150.6
413,30.5,177.9,110.647,50.3,148.5
413,14.0,189.1,110.814,48.7,143.4
414,357.8,221.5,106.311,53.6,238.6
414,352.8,212.4,106.394,53.1,241.4
414,342.9,195.8,106.561,48.7,238.1
414,334.4,182.1,106.728,46.9,237.1
414,330.3,175.6,106.811,57.8,238.3
414,327.6,170.5,106.895,48.4,241.6
414,321.5,160.3,107.061,49.1,241.3
414,318.0,155.5,107.145,55.1,233.3
414,311.9,143.9,107.395,49.0,239.1
414,304.3,130.4,107.728,51.9,243.0
414,302.5,127.3,107.812,55.6,239.2
414,299.7,122.3,107.979,56.5,242.6
414,299.0,120.1,108.062,47.6,254.6
414,295.6,115.4,108.229,46.6,236.0
414,293.1,110.7,108.395,52.1,241.3
414,291.8,108.5,108.479,57.2,239.6
414,287.6,101.6,108.812,55.4,240.4
414,285.7,98.7,108.979,54.4,236.5
414,284.9,97.2,109.063,52.7,242.0
414,283.9,95.6,109.146,54.5,236.5
414,283.1,94.4,109.229,45.7,239.7
414,281.4,91.6,109.396,46.4,235.9
414,280.5,90.2,109.479,55.7,235.6
414,278.5,86.7,109.73,48.2,239.5
414,277.7,85.6,109.813,51.7,232.5
414,277.2,84.6,109.896,49.6,245.2
414,275.8,82.5,110.063,46.6,236.1
414,274.1,79.8,110.313,46.8,226.5
414,273.6,78.8,110.397,53.9,243.3
414,273.0,77.9,110.48,55.4,238.3
414,272.5,77.1,110.563,49.2,236.5
414,270.8,74.9,110.814,46.7,231.9
414,270.4,74.0,110.897,56.4,242.2
414,269.4,72.3,111.064,58.4,247.2
414,268.7,71.1,111.23,48.3,239.4
414,266.6,68.0,111.647,54.5,246.0
414,264.4,64.6,112.148,46.8,229.6
414,264.1,64.1,112.231,48.0,231.8
414,263.8,63.5,112.314,57.1,247.0
414,263.2,62.6,112.481,50.0,229.3
414,263.0,62.1,112.565,56.0,250.0
414,262.2,61.2,112.731,57.3,225.9
414,262.0,60.3,112.898,48.6,252.2
414,260.0,57.3,113.565,47.6,240.6
416,205.7,79.9,107.979,53.1,110.0
416,205.6,80.9,108.062,56.6,97.0
416,204.0,84.9,108.395,50.0,111.5
416,203.2,87.0,108.562,49.0,111.0
416,202.2,89.5,108.729,47.7,110.2
416,201.7,90.8,108.812,53.7,110.4
416,201.2,92.0,108.896,46.0,111.6
416,200.1,94.9,109.063,47.9,108.5
416,199.6,96.4,109.146,53.5,108.9
416,198.9,97.8,109.229,48.4,116.5
416,198.2,99.2,109.313,46.4,117.9
416,197.6,100.8,109.396,50.4,109.7
416,195.5,106.0,109.646,52.0,114.2
416,194.7,107.8,109.73,50.3,111.9
416,193.8,109.9,109.813,56.4,114.2
416,192.9,111.9,109.896,50.7,112.5
416,192.1,114.3,109.98,56.5,110.1
416,191.1,116.3,110.063,47.3,115.1
416,186.9,126.6,110.397,49.1,111.2
416,184.2,132.6,110.563,46.6,114.1
416,182.8,136.2,110.647,58.4,111.8
416,181.6,139.4,110.73,50.4,109.3
416,180.0,143.3,110.814,56.2,113.3
416,178.5,146.7,110.897,47.9,112.7
416,175.1,155.2,111.064,48.7,111.0
416,173.0,160.3,111.147,58.1,112.8
416,171.1,164.9,111.23,49.0,112.2
416,168.7,170.7,111.314,57.8,112.7
416,166.7,176.0,111.397,49.0,110.7
416,164.0,182.7,111.481,57.9,112.2
416,161.7,188.7,111.564,48.1,110.4
416,158.7,196.5,111.647,57.7,111.4
416,155.8,203.4,111.731,47.6,112.1
416,149.0,221.3,111.897,48.6,110.5
416,144.6,232.5,111.981,57.9,111.4
416,140.8,242.7,112.064,47.9,110.7
416,135.6,256.4,112.148,58.1,110.6
417,372.3,239.9,107.478,54.7,240.1
417,365.6,228.8,107.562,54.6,238.9
417,353.1,209.4,107.728,48.6,235.7
417,343.0,193.2,107.895,50.3,239.2
417,334.5,179.6,108.062,48.9,237.8
417,327.5,168.1,108.229,49.0,238.9
417,321.5,158.1,108.395,48.8,240.0
417,318.4,153.3,108.479,57.5,236.9
417,315.8,149.3,108.562,51.2,237.1
417,302.6,128.5,109.063,54.7,241.5
417,299.4,123.1,109.229,45.9,236.9
417,294.4,115.5,109.479,52.3,230.8
417,293.1,113.5,109.563,48.2,236.3
417,286.5,101.7,110.063,52.6,248.0
417,285.3,100.0,110.146,53.7,234.6
417,281.1,92.7,110.563,50.2,242.3
417,280.0,91.5,110.647,46.9,228.8
417,279.3,90.2,110.73,53.6,240.5
417,278.7,88.8,110.814,57.7,244.8
417,278.3,87.7,110.897,50.7,249.9
417,277.4,86.7,110.98,46.6,230.5
417,276.8,85.6,111.064,51.4,240.1
417,274.3,81.2,111.397,49.0,237.8
417,273.7,80.2,111.481,55.4,241.1
417,273.1,79.3,111.564,48.3,231.8
417,272.6,78.4,111.647,56.4,245.9
417,271.5,76.9,111.814,52.6,235.8
417,271.1,76.1,111.897,52.7,246.0
417,269.6,74.0,112.148,54.0,232.9
417,269.3,73.2,112.231,56.3,253.8
417,265.6,67.3,112.981,52.8,234.0
417,263.6,64.1,113.482,52.1,250.5
417,263.0,63.2,113.648,47.0,229.1
417,260.2,58.1,114.649,46.4,244.2
419,201.7,73.1,109.146,55.5,123.2
419,200.0,76.1,109.479,54.3,118.1
419,199.6,76.9,109.563,52.2,116.0
419,198.0,79.2,109.813,50.1,127.4
419,197.5,80.0,109.896,47.0,123.6
419,196.8,81.0,109.98,52.0,125.7
419,196.3,81.8,110.063,45.9,119.2
419,195.2,84.0,110.23,50.0,117.5
419,194.4,85.2,110.313,54.5,125.2
419,192.5,88.5,110.563,46.0,117.5
419,191.6,89.9,110.647,56.2,124.5
419,191.0,91.0,110.73,46.7,116.7
419,190.1,92.2,110.814,45.9,129.5
419,185.0,100.8,111.314,56.9,123.4
419,183.1,103.9,111.481,54.5,119.7
419,182.2,105.7,111.564,50.9,117.2
419,181.0,107.7,111.647,55.4,119.8
419,177.3,113.7,111.897,51.7,119.5
419,176.1,116.0,111.981,53.1,116.4
419,173.2,120.5,112.148,56.4,122.7
419,172.0,122.8,112.231,46.9,119.1
419,170.2,125.6,112.314,54.1,121.9
419,168.7,128.4,112.398,52.3,118.7
419,166.7,131.5,112.481,54.0,123.4
419,165.1,134.6,112.565,51.0,117.6
419,162.9,138.0,112.648,54.3,121.9
419,160.9,141.1,112.731,47.1,122.8
419,158.7,145.2,112.815,57.2,118.9
419,156.9,148.7,112.898,47.0,116.4
419,154.3,153.1,112.981,55.5,120.4
419,151.8,157.2,113.065,48.8,121.3
419,148.7,162.2,113.148,54.7,122.3
419,146.1,166.6,113.232,46.0,120.7
419,142.8,172.5,113.315,58.0,119.1
419,139.7,177.7,113.398,46.9,120.4
419,135.8,184.5,113.482,56.9,120.2
419,132.3,190.6,113.565,47.8,119.6
419,127.7,198.5,113.648,56.8,120.3
419,123.6,205.4,113.732,46.0,120.5
419,118.6,214.7,113.815,56.7,118.7
419,114.0,223.2,113.899,47.7,118.1
419,107.9,234.5,113.982,57.2,118.6
419,95.1,258.0,114.149,57.1,117.8
420,336.8,242.3,109.146,56.1,245.5
420,331.9,231.4,109.229,52.9,245.8
420,322.6,210.8,109.396,51.9,245.9
420,315.1,194.1,109.563,49.9,246.1
420,308.9,180.3,109.73,50.5,246.9
420,303.6,168.6,109.896,48.5,246.7
420,298.6,158.8,110.063,46.7,243.6
420,291.2,141.9,110.397,47.3,243.8
420,285.4,128.2,110.73,54.1,255.0
420,284.0,125.2,110.814,57.8,245.0
420,282.7,122.4,110.897,56.7,245.9
420,281.4,119.6,110.98,58.2,243.4
420,280.5,117.3,111.064,50.9,249.3
420,276.5,108.6,111.397,52.6,251.5
420,276.0,106.5,111.481,57.6,255.8
420,273.3,101.4,111.731,46.3,243.7
420,268.6,92.6,112.231,46.3,243.4
420,267.7,89.6,112.398,47.7,246.9
420,267.0,88.4,112.481,50.6,239.5
420,264.9,83.7,112.815,56.7,247.9
420,263.6,79.9,113.148,54.3,250.8
420,263.0,78.9,113.232,54.0,240.5
420,261.6,76.6,113.482,55.2,240.4
420,261.3,75.8,113.565,51.1,247.6
420,260.5,74.1,113.732,50.0,249.9
420,259.3,71.9,113.982,54.9,237.6
420,259.0,71.1,114.065,55.4,252.6
420,258.6,70.0,114.232,50.1,257.0
420,257.5,68.1,114.482,50.6,237.6
420,257.0,67.1,114.649,52.1,249.2
420,255.4,64.1,115.066,52.9,237.6
420,254.5,62.1,115.399,53.9,243.0
425,338.2,241.7,111.814,58.1,242.5
425,333.2,230.9,111.897,52.6,245.6
425,323.6,209.8,112.064,53.7,245.2
425,315.8,193.0,112.231,51.8,244.9
425,309.5,179.1,112.398,49.9,245.4
425,303.9,167.2,112.565,48.8,243.8
425,299.0,156.9,112.731,52.4,244.2
425,296.8,152.3,112.815,55.3,243.8
425,294.7,148.3,112.898,51.7,243.0
425,291.1,140.3,113.065,50.5,244.1
425,288.1,133.3,113.232,52.1,248.3
425,285.3,127.3,113.398,47.1,246.7
425,281.1,118.5,113.648,54.9,241.8
425,280.0,116.4,113.732,46.9,241.0
425,277.9,111.6,113.899,54.4,248.8
425,277.0,109.4,113.982,55.2,246.4
425,276.1,107.6,114.065,50.9,244.7
425,275.1,105.7,114.149,52.8,241.2
425,274.4,103.8,114.232,56.9,250.5
425,272.8,100.3,114.399,47.6,245.9
425,271.2,96.8,114.566,51.1,245.0
425,270.5,95.2,114.649,58.4,244.9
425,270.0,93.8,114.732,52.7,250.8
425,269.3,92.6,114.816,46.3,240.9
425,268.7,91.2,114.899,56.8,244.6
425,267.9,89.9,114.983,53.1,241.0
425,267.4,88.7,115.066,50.0,244.1
425,265.6,83.8,115.399,55.0,258.0
425,264.9,82.8,115.483,48.8,234.1
425,264.4,81.8,115.566,53.8,245.1
425,263.9,80.8,115.65,51.0,242.8
425,263.5,79.8,115.733,55.9,246.1
425,262.9,78.9,115.816,55.4,240.6
425,262.6,77.9,115.9,55.3,248.2
425,262.3,77.0,115.983,56.5,253.7
425,260.6,73.8,116.317,55.3,244.1
425,260.2,73.0,116.4,57.2,244.9
425,259.3,70.9,116.65,51.8,245.9
425,256.9,66.3,117.234,56.8,239.4
425,256.1,64.6,117.484,49.9,233.7
425,256.0,64.1,117.567,54.3,258.6
426,298.5,232.0,113.398,46.1,252.6
426,281.0,176.1,114.983,57.3,254.8
426,279.4,170.6,115.066,52.3,254.5
426,276.1,159.4,115.233,52.8,255.6
426,273.2,149.7,115.399,52.1,253.7
426,270.8,141.4,115.566,51.5,256.1
426,268.6,134.1,115.733,50.6,255.3
426,266.6,127.4,115.9,51.6,256.1
426,264.8,121.5,116.067,52.2,254.5
426,263.4,116.4,116.233,48.7,261.0
426,262.3,111.5,116.4,53.8,256.7
426,260.9,107.4,116.567,45.7,253.1
426,259.8,103.4,116.734,47.8,255.5
426,259.2,101.6,116.817,55.1,252.0
426,257.7,96.5,117.067,47.5,252.4
426,256.7,93.6,117.234,45.9,254.2
426,256.0,90.7,117.401,48.1,257.6
426,255.4,88.0,117.567,55.6,256.2
426,254.8,86.7,117.651,58.2,246.8
426,254.5,85.7,117.734,49.5,253.0
426,252.8,79.1,118.234,47.8,249.8
426,252.1,75.5,118.568,56.0,269.7
426,250.8,72.3,118.901,53.2,242.9
426,249.6,68.9,119.318,50.9,256.2
426,249.6,68.2,119.402,52.8,267.2
426,248.5,65.2,119.819,57.2,251.2
426,247.7,62.3,120.319,56.3,258.9
429,378.8,253.7,112.481,47.1,235.5
429,371.4,242.1,112.565,51.0,237.4
429,358.9,220.5,112.731,48.0,240.7
429,348.5,203.2,112.898,46.8,239.0
429,339.6,188.8,113.065,46.1,237.5
429,332.5,176.4,113.232,46.7,240.3
429,328.6,170.4,113.315,57.0,236.7
429,325.8,165.7,113.398,46.9,238.4
429,322.6,160.4,113.482,58.1,239.3
429,320.3,156.3,113.565,46.9,240.4
429,317.6,151.6,113.648,58.1,240.3
429,315.0,148.1,113.732,46.6,234.0
429,308.5,137.2,113.982,55.3,238.5
429,306.5,134.2,114.065,47.9,235.7
429,302.9,128.2,114.232,47.3,235.9
429,301.0,125.3,114.316,55.5,238.0
429,299.8,122.8,114.399,51.1,244.2
429,295.4,115.6,114.649,52.1,238.2
429,294.2,113.6,114.732,49.5,239.3
429,290.6,107.6,114.983,51.5,234.6
429,289.6,105.8,115.066,51.4,242.2
429,286.8,100.8,115.316,55.0,240.6
429,285.8,99.3,115.399,49.2,237.7
429,284.9,97.7,115.483,53.1,239.0
429,284.2,96.1,115.566,55.8,245.9
429,283.3,94.8,115.65,49.3,236.1
429,281.2,90.8,115.9,52.2,245.3
429,277.2,84.1,116.4,47.0,237.9
429,276.7,83.1,116.483,49.8,243.3
429,276.1,82.1,116.567,54.4,240.7
429,275.7,81.0,116.65,55.4,247.4
429,274.6,79.1,116.817,55.8,241.7
430,289.1,202.9,113.648,53.6,250.2
430,286.8,195.6,113.732,50.5,252.9
430,282.1,180.4,113.899,56.4,253.7
430,278.4,167.6,114.065,55.7,253.0
430,275.1,157.0,114.232,52.2,252.0
430,272.5,147.7,114.399,50.7,251.7
430,270.2,139.5,114.566,52.6,253.9
430,268.1,132.4,114.732,51.5,253.7
430,266.7,126.2,114.899,48.3,256.5
430,264.7,120.4,115.066,50.4,251.9
430,263.1,115.1,115.233,54.2,253.6
430,262.0,110.5,115.399,51.4,258.0
430,260.7,106.3,115.566,48.9,250.7
430,259.9,102.3,115.733,47.5,257.4
430,259.2,100.6,115.816,55.4,248.5
430,257.0,92.6,116.233,48.9,249.5
430,256.0,89.7,116.4,54.9,252.6
430,255.6,88.6,116.483,48.9,253.6
430,255.4,87.4,116.567,55.2,258.6
430,254.8,84.9,116.734,52.2,263.6
430,254.2,83.9,116.817,51.2,242.4
430,253.9,82.9,116.9,48.9,252.3
430,252.8,78.6,117.234,46.7,255.7
430,252.2,76.7,117.401,48.7,248.9
430,251.6,75.0,117.567,52.3,244.9
430,251.1,73.4,117.734,53.4,251.3
430,250.0,70.2,118.068,57.6,254.0
431,214.1,63.6,112.815,54.7,120.3
431,212.4,67.3,113.315,48.8,108.4
431,211.6,68.6,113.482,53.6,109.8
431,211.4,69.3,113.565,51.8,106.9
431,210.5,70.8,113.732,57.0,106.9
431,210.1,71.5,113.815,54.7,115.7
431,209.7,72.2,113.899,47.1,118.7
431,208.9,73.7,114.065,49.4,114.6
431,206.0,80.0,114.649,54.8,115.7
431,204.5,83.3,114.899,48.4,116.2
431,202.7,87.0,115.149,54.7,116.2
431,200.8,90.9,115.399,51.1,112.3
431,199.8,93.9,115.566,54.6,108.4
431,198.4,97.0,115.733,49.5,110.2
431,195.3,103.8,116.067,52.2,112.7
431,194.2,105.8,116.15,58.1,118.9
431,193.2,107.7,116.233,51.1,117.5
431,191.5,112.2,116.4,50.8,107.1
431,189.5,117.2,116.567,53.4,111.4
431,187.0,122.6,116.734,51.6,112.4
431,184.3,128.4,116.9,52.0,112.2
431,181.5,135.1,117.067,51.6,114.1
431,178.3,142.5,117.234,51.2,111.9
431,174.8,150.8,117.401,51.2,111.3
431,170.8,160.4,117.567,51.9,111.8
431,166.2,171.6,117.734,52.0,112.5
431,160.9,184.4,117.901,53.4,111.1
431,154.9,199.2,118.068,49.8,111.9
431,148.1,216.9,118.234,50.5,110.7
431,139.5,238.3,118.401,50.5,111.2
432,210.0,71.5,113.148,52.7,119.4
432,209.4,72.8,113.315,55.9,117.7
432,208.1,75.6,113.565,47.4,117.3
432,206.7,78.1,113.815,54.4,121.9
432,206.2,78.9,113.899,46.8,121.6
432,205.9,79.9,113.982,53.9,109.0
432,205.5,80.9,114.065,54.0,110.8
432,205.0,81.9,114.149,53.9,115.6
432,204.4,82.9,114.232,52.7,120.1
432,202.4,87.7,114.566,53.7,113.8
432,201.8,88.9,114.649,51.0,119.2
432,201.1,90.0,114.732,47.0,122.4
432,199.9,92.9,114.899,49.5,110.8
432,195.8,102.7,115.399,52.2,107.6
432,194.8,104.6,115.483,57.4,115.9
432,193.9,106.6,115.566,54.5,116.7
432,192.3,110.7,115.733,52.0,110.1
432,190.6,115.5,115.9,51.5,111.7
432,188.5,120.7,116.067,51.0,108.9
432,187.1,123.5,116.15,56.6,115.5
432,186.0,126.3,116.233,55.2,111.3
432,184.4,129.5,116.317,58.0,117.2
432,183.3,132.4,116.4,50.1,110.1
432,180.7,139.6,116.567,53.3,108.5
432,177.5,147.3,116.734,47.7,113.7
432,173.7,156.1,116.9,51.2,114.1
432,169.6,166.3,117.067,49.9,113.1
432,164.7,178.6,117.234,51.9,111.8
432,159.0,192.4,117.401,50.1,113.2
432,152.8,209.0,117.567,49.9,110.9
432,145.2,229.2,117.734,51.3,110.8
432,135.9,254.2,117.901,51.1,110.2
432,130.0,266.3,117.984,47.0,116.0
435,373.5,248.6,113.398,47.3,239.3
435,359.9,225.7,113.565,49.7,239.8
435,348.6,207.4,113.732,47.1,237.6
435,343.8,198.9,113.815,57.6,240.3
435,339.8,192.2,113.899,48.4,238.9
435,332.1,178.9,114.065,48.8,241.4
435,322.2,162.4,114.316,57.5,239.6
435,319.7,158.2,114.399,47.1,238.4
435,316.5,153.4,114.482,58.1,236.8
435,314.3,149.8,114.566,45.8,238.6
435,309.6,142.1,114.732,48.1,238.9
435,307.6,138.3,114.816,57.5,241.3
435,305.8,135.3,114.899,49.2,239.6
435,298.8,123.5,115.233,50.9,239.5
439,203.5,71.0,114.649,48.3,116.2
439,201.9,74.0,114.983,50.0,114.7
439,200.8,75.1,115.149,49.9,125.5
439,200.1,76.0,115.233,57.3,124.3
439,198.7,78.2,115.483,53.5,112.7
439,198.0,79.1,115.566,50.0,130.5
439,197.5,80.0,115.65,52.7,117.3
439,196.9,81.0,115.733,54.8,120.2
439,195.6,82.9,115.9,50.1,114.8
439,194.9,83.9,115.983,52.1,126.8
439,192.8,87.0,116.233,47.2,125.1
439,192.2,88.1,116.317,49.1,118.1
439,190.6,90.2,116.483,46.3,130.7
439,188.3,94.0,116.734,46.7,122.3
439,186.7,96.5,116.9,47.4,110.0
439,185.3,97.9,116.984,48.3,135.2
439,182.8,102.7,117.234,49.9,115.6
439,181.7,104.6,117.317,56.3,121.5
439,179.6,107.9,117.484,49.3,119.9
439,178.5,109.8,117.567,48.9,120.4
439,177.0,112.0,117.651,57.3,122.3
439,173.3,118.7,117.901,50.0,117.3
439,171.5,121.5,117.984,57.6,123.1
439,166.8,129.4,118.234,51.8,121.4
439,164.9,132.7,118.318,56.6,120.1
439,163.3,135.6,118.401,47.2,119.3
439,161.0,139.3,118.485,57.8,121.9
439,159.1,142.6,118.568,48.8,118.9
439,154.8,150.5,118.735,46.9,117.4
439,149.6,159.5,118.901,47.6,119.3
439,146.5,164.9,118.985,57.4,120.3
439,143.8,169.8,119.068,49.7,118.9
439,140.0,176.0,119.152,57.9,121.0
439,136.9,181.7,119.235,48.9,118.6
439,132.7,189.0,119.318,58.3,120.3
439,129.0,195.5,119.402,48.2,119.8
439,119.8,211.7,119.569,47.8,120.5
439,114.0,221.9,119.652,58.2,119.3
439,108.9,231.3,119.735,48.8,118.7
439,102.2,243.7,119.819,58.2,118.4
439,95.8,255.1,119.902,48.0,119.2
442,298.3,225.9,115.233,54.4,252.1
442,291.9,205.1,115.399,55.3,254.1
442,286.0,188.5,115.566,52.6,248.6
442,281.5,174.7,115.733,52.3,249.7
442,278.0,163.0,115.9,50.9,252.0
442,274.8,153.0,116.067,53.0,251.9
442,271.9,144.4,116.233,49.3,251.4
442,269.6,136.7,116.4,52.4,255.3
442,267.4,129.5,116.567,52.1,254.9
442,265.6,123.4,116.734,54.8,251.7
442,263.7,118.2,116.9,49.3,248.3
442,262.2,113.3,117.067,53.3,252.1
442,261.0,108.7,117.234,52.2,256.8
442,259.8,104.6,117.401,54.1,252.5
442,259.3,102.7,117.484,57.1,255.0
442,258.9,101.2,117.567,49.4,255.7
442,257.9,97.6,117.734,54.9,257.0
442,256.9,94.6,117.901,46.1,252.2
442,256.1,91.7,118.068,48.9,257.4
442,255.6,90.3,118.151,55.5,249.6
442,255.3,89.2,118.234,46.5,253.0
442,254.1,85.5,118.485,56.6,248.7
442,253.9,84.5,118.568,47.3,255.7
442,253.3,82.1,118.735,53.5,256.3
442,252.0,77.6,119.152,46.8,251.5
442,251.6,76.0,119.318,55.0,245.5
442,250.8,73.4,119.569,49.7,248.3
442,250.3,72.0,119.735,55.4,260.0
442,249.9,70.0,119.985,54.2,255.0
442,249.6,68.4,120.152,53.5,259.9
442,246.7,60.1,121.486,54.0,250.8
444,293.0,152.8,115.733,47.3,243.4
444,288.9,143.5,115.9,52.8,247.5
444,285.3,135.6,116.067,46.9,243.3
444,282.4,128.5,116.233,56.8,246.3
444,278.6,119.1,116.483,53.3,245.9
444,275.8,112.2,116.734,46.4,248.5
444,273.6,107.6,116.9,55.1,247.4
444,272.7,105.5,116.984,58.2,245.0
444,272.2,103.6,117.067,55.7,254.6
444,270.8,99.8,117.234,53.9,247.4
444,269.2,96.4,117.401,53.7,246.1
444,267.8,93.5,117.567,48.4,251.2
444,267.1,90.6,117.734,49.3,252.6
444,266.3,89.3,117.818,51.9,235.2
444,266.1,88.1,117.901,52.2,261.8
444,265.6,85.6,118.068,53.2,253.4
444,264.9,84.5,118.151,54.0,239.7
444,264.5,83.4,118.234,53.3,245.4
444,259.3,71.7,119.318,56.5,249.4
444,257.0,66.5,119.985,56.4,258.5
444,257.0,65.9,120.069,51.8,272.6
445,203.1,70.0,116.734,47.4,123.5
445,202.0,72.1,116.984,53.8,125.8
445,201.6,72.8,117.067,51.1,119.5
445,201.2,73.7,117.15,56.4,115.4
445,200.4,74.8,117.317,48.5,124.5
445,197.5,80.0,117.818,46.9,116.9
445,197.0,80.8,117.901,47.3,118.8
445,196.6,81.8,117.984,53.5,110.3
445,196.1,82.9,118.068,54.2,119.1
445,195.5,83.8,118.151,46.0,120.1
445,194.8,84.9,118.234,51.9,122.9
445,193.3,86.9,118.401,48.5,112.4
445,190.3,92.0,118.735,49.1,123.4
445,188.2,95.7,118.985,54.4,130.2
445,184.5,101.7,119.318,53.9,118.7
445,183.6,103.6,119.402,57.2,113.7
445,182.3,105.4,119.485,51.0,127.4
445,179.9,108.9,119.652,54.8,122.3
445,179.0,110.8,119.735,49.1,115.5
445,177.6,113.0,119.819,55.4,121.8
445,176.5,115.0,119.902,46.6,118.3
445,174.9,117.4,119.985,56.3,122.8
445,173.9,119.7,120.069,48.6,115.6
445,172.3,122.4,120.152,56.4,119.4
445,171.1,124.8,120.236,46.5,117.1
445,169.2,127.6,120.319,52.6,124.6
445,167.5,130.4,120.402,50.1,120.7
445,165.6,133.5,120.486,53.9,120.9
445,164.0,136.5,120.569,47.3,119.2
445,162.1,140.2,120.652,56.9,117.4
445,160.2,143.5,120.736,47.3,119.4
445,157.9,147.4,120.819,53.4,120.9
445,155.6,151.2,120.903,49.0,120.8
445,153.2,155.8,120.986,55.8,117.7
445,147.9,164.8,121.153,54.2,120.0
445,145.2,169.5,121.236,47.1,119.1
445,142.0,175.5,121.32,56.0,118.3
445,139.2,180.9,121.403,47.0,117.5
445,135.4,187.9,121.486,57.0,118.4
445,127.6,202.2,121.653,57.6,118.6
445,118.6,219.1,121.82,57.2,118.1
445,113.9,227.8,121.903,46.9,118.1
445,107.7,239.3,121.987,56.0,118.3
445,102.3,249.8,122.07,46.3,117.1
445,95.1,263.8,122.153,55.7,117.2
451,281.8,93.6,117.317,57.6,239.0
451,281.0,92.3,117.401,51.5,237.0
451,280.0,90.9,117.484,57.6,234.1
451,279.5,89.8,117.567,46.2,249.0
451,278.2,87.0,117.734,50.2,240.5
451,277.2,85.9,117.818,54.4,227.7
451,276.6,84.8,117.901,53.2,241.2
451,275.5,82.5,118.068,58.3,245.1
451,272.4,77.8,118.485,55.1,246.2
451,271.9,77.0,118.568,48.2,237.1
451,271.0,75.1,118.735,56.1,245.3
451,270.4,74.3,118.818,54.3,234.0
451,268.7,71.4,119.152,53.8,236.5
451,266.9,69.0,119.485,52.6,232.9
451,265.6,66.4,119.819,54.8,242.3
451,262.0,60.5,120.819,56.1,234.3
456,404.4,250.5,117.984,52.4,234.4
456,397.1,239.4,118.068,50.6,237.0
456,381.6,218.1,118.234,49.8,235.6
456,370.0,201.2,118.401,46.4,231.7
456,359.5,186.6,118.568,47.5,233.5
456,351.0,174.2,118.735,48.2,235.0
456,346.7,168.3,118.818,57.6,234.2
456,343.8,163.7,118.901,48.8,238.0
456,337.3,154.3,119.068,49.1,236.8
456,331.5,146.1,119.235,47.6,235.5
456,321.9,132.2,119.569,47.5,234.3
456,317.6,126.3,119.735,45.9,232.6
456,315.7,123.5,119.819,56.0,235.6
456,307.2,111.6,120.236,56.8,240.3
456,305.5,109.7,120.319,51.0,229.2
456,304.1,107.7,120.402,52.7,233.8
456,302.6,105.8,120.486,55.5,233.2
456,301.4,103.9,120.569,54.4,236.4
456,298.9,100.5,120.736,47.4,230.6
456,297.5,98.9,120.819,55.1,230.1
456,295.5,95.8,120.986,50.9,231.6
456,290.1,88.9,121.403,52.7,227.2
456,289.1,87.7,121.486,51.6,228.4
456,285.1,82.1,121.903,55.8,235.9
456,284.0,81.0,121.987,54.7,222.9
456,283.5,80.0,122.07,55.8,242.2
456,279.5,75.0,122.57,52.7,234.5
456,277.3,72.0,122.904,49.6,231.2
456,275.5,70.1,123.154,54.3,230.2
456,273.4,67.2,123.571,53.1,237.0
458,214.4,64.5,118.651,56.5,102.2
458,214.3,65.1,118.735,54.3,99.6
458,213.6,66.1,118.901,51.6,119.9
458,210.5,72.0,119.652,56.7,111.8
458,210.2,72.7,119.735,50.6,114.4
458,209.8,73.5,119.819,52.6,116.3
458,209.1,75.0,119.985,56.4,114.5
458,208.7,75.9,120.069,55.6,110.4
458,207.6,78.2,120.319,50.7,120.5
458,207.0,79.0,120.402,46.2,122.3
458,206.6,80.0,120.486,56.7,113.1
458,206.3,81.0,120.569,52.8,110.1
458,205.9,81.9,120.652,48.0,113.8
458,205.0,84.1,120.819,53.8,116.2
458,203.7,87.7,121.069,49.2,107.7
458,203.1,88.9,121.153,53.8,116.6
458,202.6,90.0,121.236,45.9,115.1
458,202.0,91.4,121.32,56.3,112.4
458,201.5,92.8,121.403,55.8,110.2
458,200.3,95.3,121.57,46.4,117.8
458,199.6,96.8,121.653,55.4,111.8
458,197.6,101.8,121.903,57.5,111.4
458,196.8,103.6,121.987,57.2,112.0
458,191.6,115.8,122.487,57.4,111.1
458,190.9,117.9,122.57,48.3,108.7
458,188.7,123.5,122.737,54.8,106.6
458,187.4,126.4,122.82,55.3,114.5
458,186.0,129.1,122.904,49.9,117.5
458,183.1,135.6,123.071,50.9,109.3
458,181.8,139.3,123.154,57.4,110.0
458,180.6,142.5,123.237,47.9,110.5
458,177.3,150.9,123.404,51.1,112.0
458,173.5,160.2,123.571,50.4,112.6
458,171.3,165.7,123.654,58.0,111.7
458,169.4,170.9,123.738,51.6,110.1
458,164.5,183.2,123.904,51.1,111.0
458,158.9,197.5,124.071,49.4,111.3
458,152.4,214.9,124.238,49.8,110.6
458,144.6,235.5,124.405,49.3,110.7
458,135.0,261.2,124.571,49.3,110.7
460,349.2,207.0,119.318,55.4,238.4
460,344.2,199.0,119.402,53.7,237.6
460,334.9,183.9,119.569,50.9,238.1
460,327.7,171.8,119.735,49.1,241.4
460,321.1,161.2,119.902,49.1,239.3
460,315.3,152.2,120.069,46.7,236.6
460,310.6,144.0,120.236,48.6,239.4
460,306.4,136.5,120.402,50.7,241.2
460,302.5,130.1,120.569,46.4,237.0
460,299.7,124.3,120.736,46.9,242.2
460,298.1,121.5,120.819,57.8,240.7
460,296.4,118.8,120.903,56.4,236.4
460,293.3,113.9,121.069,53.7,238.9
460,290.8,109.6,121.236,51.6,245.8
460,289.4,107.5,121.32,55.9,234.6
460,288.2,105.5,121.403,56.5,240.3
460,287.0,103.7,121.486,56.0,236.5
460,286.3,102.1,121.57,47.3,245.0
460,285.2,100.4,121.653,55.1,237.2
460,284.1,98.7,121.736,55.0,237.1
460,282.5,95.5,121.903,48.6,240.7
460,279.1,89.9,122.237,53.2,243.2
460,278.4,88.8,122.32,46.6,238.3
460,277.9,87.7,122.403,51.7,246.8
460,276.3,84.9,122.57,54.3,241.9
460,275.4,83.8,122.654,53.0,231.3
460,274.8,82.9,122.737,45.7,234.7
460,274.0,81.8,122.82,57.0,233.7
460,273.5,80.9,122.904,48.6,242.2
460,272.9,80.0,122.987,51.5,236.2
460,272.5,79.0,123.071,56.1,247.2
460,271.8,78.0,123.154,58.2,236.5
460,271.3,77.2,123.237,53.4,240.2
460,270.8,76.3,123.321,55.8,240.5
460,266.3,69.0,124.155,47.1,225.5
460,265.2,67.0,124.405,58.4,250.9
460,260.1,59.3,125.739,52.5,227.5
466,343.3,184.1,124.988,55.9,238.4
466,339.3,178.0,125.072,53.0,237.3
466,331.2,165.3,125.238,55.2,236.0
466,324.6,154.7,125.405,53.6,235.4
466,319.3,145.2,125.572,54.5,237.3
466,314.3,137.0,125.739,56.6,243.2
466,309.6,130.0,125.906,54.8,234.3
466,306.1,124.0,126.072,51.8,237.4
466,301.3,115.6,126.322,54.1,236.5
466,299.9,113.4,126.406,51.4,235.4
466,297.2,108.6,126.573,58.0,246.2
466,294.5,104.6,126.739,51.5,230.9
466,292.5,101.0,126.906,51.0,237.8
466,288.6,94.6,127.24,45.7,240.5
466,285.2,88.9,127.573,52.4,241.7
466,284.6,87.7,127.657,53.8,245.2
466,283.7,86.6,127.74,48.8,231.3
466,282.5,83.8,127.907,56.8,242.5
466,281.7,82.9,127.99,48.9,230.6
466,280.4,80.8,128.157,51.6,228.4
466,280.1,79.9,128.24,49.3,246.2
466,279.4,78.9,128.324,55.7,237.7
466,278.9,78.0,128.407,58.1,241.5
466,278.3,77.0,128.49,56.8,234.8
466,274.2,70.9,129.157,55.7,231.9
466,273.9,70.2,129.241,54.1,242.3
466,270.1,65.1,129.991,51.4,244.8
466,269.4,63.9,130.158,54.7,236.5
466,268.4,62.3,130.408,56.2,234.8
469,348.5,209.6,121.069,55.4,240.0
469,337.5,191.9,121.236,53.1,238.6
469,329.9,177.8,121.403,52.3,241.0
469,323.2,165.9,121.57,50.8,240.5
469,317.3,155.9,121.736,50.3,236.8
469,312.6,146.6,121.903,54.9,241.7
469,308.4,138.5,122.07,50.7,239.7
469,304.5,131.7,122.237,50.3,241.3
469,301.7,125.5,122.403,53.4,247.2
469,299.0,119.9,122.57,54.0,247.5
469,296.5,115.0,122.737,47.8,243.7
469,294.1,110.5,122.904,53.0,244.5
469,292.2,106.4,123.071,50.1,249.4
469,291.1,104.4,123.154,57.1,239.6
469,290.4,102.7,123.237,51.5,246.9
469,288.7,99.0,123.404,53.4,246.5
469,287.3,95.6,123.571,51.2,250.2
469,286.3,94.1,123.654,57.6,237.7
469,284.5,90.2,123.904,45.9,246.2
469,283.1,87.6,124.071,49.3,241.5
469,281.9,85.1,124.238,53.1,246.4
469,280.7,82.9,124.405,50.2,245.2
469,280.0,81.8,124.488,54.8,236.9
469,279.6,80.9,124.571,52.2,248.0
469,279.2,79.9,124.655,53.4,245.7
469,278.7,79.0,124.738,53.1,240.7
469,278.2,78.0,124.822,57.8,246.5
469,277.0,76.4,124.988,54.6,232.5
469,275.9,74.0,125.238,52.2,249.5
469,274.0,71.0,125.572,56.7,247.4
469,272.7,69.0,125.822,56.1,234.9
469,271.5,67.2,126.072,57.1,244.3
469,271.1,66.7,126.156,46.3,233.2
469,270.2,64.9,126.406,47.3,257.5
469,265.7,58.1,127.74,53.0,244.6
476,211.4,70.0,121.486,57.6,128.8
476,210.3,73.0,121.82,52.2,131.0
476,208.2,77.9,122.32,57.1,120.5
476,207.9,78.9,122.403,55.6,107.3
476,207.1,81.0,122.57,56.5,113.9
476,206.7,82.0,122.654,50.8,110.3
476,205.8,83.9,122.82,53.8,121.1
476,204.8,86.0,122.987,54.4,115.8
476,203.5,89.9,123.237,52.1,104.8
476,202.1,92.4,123.404,57.4,116.1
476,201.3,93.9,123.487,54.8,118.3
476,200.1,96.7,123.654,58.0,117.0
476,199.8,98.0,123.738,46.8,103.4
476,198.3,101.7,123.904,56.2,111.0
476,193.1,113.5,124.405,48.9,102.0
476,192.3,115.7,124.488,51.4,111.1
476,190.2,120.4,124.655,57.9,113.9
476,189.3,122.8,124.738,49.3,110.8
476,186.9,128.7,124.905,50.0,116.1
476,184.5,135.0,125.072,48.8,110.1
476,181.6,142.2,125.238,49.6,111.7
476,179.9,146.2,125.322,56.2,112.9
476,178.5,150.1,125.405,50.5,110.0
476,176.5,154.8,125.489,58.2,113.2
476,174.8,159.0,125.572,48.4,112.0
476,170.8,169.0,125.739,47.2,112.8
476,166.0,180.8,125.906,48.2,112.9
476,163.3,187.8,125.989,57.4,111.2
476,161.0,194.3,126.072,48.8,109.5
476,157.7,202.5,126.156,56.9,112.1
476,154.7,210.1,126.239,48.3,111.5
476,147.7,229.3,126.406,48.0,109.7
476,143.3,241.1,126.489,56.9,110.4
476,139.5,252.4,126.573,48.8,108.6
476,134.2,265.6,126.656,51.8,111.9
477,221.6,63.7,122.904,51.5,104.1
477,220.8,66.5,123.321,50.4,111.9
477,220.6,67.1,123.404,49.1,104.4
477,218.6,74.0,124.238,57.2,105.4
477,217.8,76.3,124.488,57.0,104.2
477,217.5,77.1,124.571,46.7,112.6
477,217.2,78.0,124.655,54.7,109.4
477,217.0,78.9,124.738,50.4,103.4
477,216.5,80.9,124.905,55.3,106.6
477,216.2,81.9,124.988,50.8,108.4
477,216.0,82.9,125.072,51.4,97.3
477,215.5,84.0,125.155,57.3,114.1
477,215.2,85.1,125.238,51.1,106.9
477,214.9,86.2,125.322,51.8,104.4
477,213.7,89.9,125.572,52.1,102.1
477,213.3,91.2,125.655,52.2,109.5
477,213.0,92.4,125.739,49.7,101.4
477,212.6,93.8,125.822,53.4,108.1
477,211.2,98.1,126.072,48.0,109.6
477,210.3,101.5,126.239,53.1,102.4
477,206.8,113.4,126.739,51.3,103.1
477,206.0,115.9,126.823,57.2,109.4
477,205.4,118.1,126.906,49.3,104.3
477,204.1,123.5,127.073,49.8,103.5
477,203.3,126.4,127.156,56.3,104.0
477,202.3,129.1,127.24,49.9,111.7
477,201.4,132.4,127.323,58.1,105.0
477,200.4,135.5,127.406,51.6,107.9
477,199.1,139.2,127.49,56.7,109.1
477,198.4,142.5,127.573,49.0,102.5
477,196.0,150.9,127.74,51.0,106.3
477,193.6,160.1,127.907,49.6,105.4
477,192.0,165.5,127.99,58.1,106.5
477,190.5,170.6,128.073,50.4,106.4
477,187.3,182.8,128.24,50.0,104.7
477,183.4,197.3,128.407,49.7,105.2
477,179.0,214.6,128.574,50.7,104.4
477,173.8,235.1,128.74,49.6,104.2
477,167.7,260.4,128.907,49.8,103.7
487,208.8,74.8,125.572,54.0,125.1
487,207.6,78.9,125.906,52.6,102.7
487,207.0,80.0,125.989,58.2,119.3
487,206.7,80.9,126.072,52.9,107.2
487,206.0,81.9,126.156,52.6,125.2
487,204.8,84.1,126.322,53.5,126.7
487,203.4,87.9,126.573,57.0,104.4
487,202.6,89.0,126.656,47.6,125.2
487,199.7,96.0,127.073,46.3,113.4
487,196.7,103.0,127.406,48.6,115.1
487,195.4,106.8,127.573,51.3,100.6
487,194.2,108.9,127.657,55.2,120.6
487,193.2,110.9,127.74,52.8,116.2
487,191.1,115.7,127.907,50.0,116.0
487,189.0,120.8,128.073,48.5,117.4
487,186.8,126.6,128.24,55.2,110.0
487,184.1,132.8,128.407,47.7,108.1
487,181.0,139.9,128.574,47.1,116.1
487,178.0,148.0,128.74,54.6,110.0
487,174.3,157.2,128.907,52.4,111.3
487,170.0,167.4,129.074,49.4,114.8
487,165.2,179.7,129.241,51.4,112.3
487,160.0,193.5,129.408,49.9,110.9
487,153.3,210.2,129.574,50.2,111.8
487,145.7,230.3,129.741,51.0,110.6
487,136.6,255.1,129.908,49.9,111.2
488,205.0,74.7,126.239,57.7,99.6
488,204.5,76.9,126.489,57.1,103.1
488,204.0,78.9,126.739,46.0,99.2
488,203.8,79.8,126.823,52.2,99.1
488,203.4,80.8,126.906,54.1,112.4
488,203.1,81.8,126.989,54.2,107.3
488,201.4,87.2,127.49,47.7,110.6
488,199.8,91.9,127.823,50.2,113.9
488,198.9,94.5,127.99,53.7,110.6
488,197.8,97.0,128.157,46.6,118.5
488,196.5,99.9,128.324,55.0,116.5
488,196.0,101.4,128.407,49.1,108.8
488,195.2,103.0,128.49,49.9,117.0
488,194.6,104.7,128.574,49.1,108.6
488,193.8,106.6,128.657,54.9,112.7
488,192.3,110.3,128.824,55.7,109.7
488,190.6,114.4,128.991,57.4,111.2
488,189.6,116.4,129.074,46.4,116.2
488,188.7,118.6,129.157,49.7,110.9
488,188.0,120.8,129.241,46.0,110.1
488,186.9,123.5,129.324,54.9,110.5
488,185.7,126.3,129.408,53.6,113.6
488,184.7,129.2,129.491,54.5,109.5
488,182.5,135.2,129.658,57.9,111.7
488,179.7,141.9,129.824,57.5,114.0
488,178.6,145.3,129.908,47.3,108.7
488,175.4,153.5,130.075,46.9,111.5
488,173.5,158.2,130.158,56.0,111.8
488,171.8,162.5,130.241,47.4,112.0
488,169.7,168.1,130.325,57.7,110.8
488,167.7,172.9,130.408,46.3,111.8
488,163.0,185.0,130.575,46.1,111.0
488,160.1,192.5,130.658,57.9,111.6
488,157.5,199.1,130.742,47.1,111.4
488,154.0,207.9,130.825,57.8,111.3
488,151.0,215.7,130.908,47.2,111.3
488,143.2,236.1,131.075,48.1,111.1
488,138.1,248.8,131.159,57.3,112.1
488,133.5,260.9,131.242,48.9,111.0
490,335.6,240.9,127.49,57.3,245.1
490,330.7,230.3,127.573,51.7,244.9
490,321.5,209.7,127.74,52.3,245.1
490,313.8,192.6,127.907,54.1,246.1
490,307.1,178.7,128.073,51.7,242.3
490,301.9,167.0,128.24,50.2,245.3
490,297.4,157.0,128.407,49.7,246.6
490,293.5,147.9,128.574,52.4,248.4
490,290.6,140.1,128.74,48.6,253.8
490,287.4,133.0,128.907,53.3,246.7
490,284.5,126.9,129.074,48.1,243.0
490,282.2,121.0,129.241,53.8,252.4
490,281.1,118.5,129.324,55.0,246.6
490,280.2,116.4,129.408,47.2,246.8
490,278.3,111.8,129.574,47.6,249.0
490,277.5,109.6,129.658,58.1,249.6
490,276.7,107.6,129.741,52.4,248.5
490,275.8,105.7,129.824,55.4,244.7
490,275.1,104.1,129.908,47.7,246.4
490,272.2,97.2,130.241,53.9,249.0
490,271.4,95.7,130.325,52.5,242.5
490,270.9,94.4,130.408,49.2,248.9
490,267.9,87.8,130.825,54.9,247.2
490,267.4,86.8,130.908,49.0,244.5
490,266.3,84.2,131.075,52.1,249.3
490,265.4,82.1,131.242,47.0,249.3
490,262.6,76.9,131.742,45.9,241.3
490,262.3,76.0,131.826,56.0,254.7
490,260.6,72.8,132.159,52.8,255.7
490,259.4,69.9,132.493,48.5,264.7
490,258.8,68.5,132.659,48.3,255.2
490,258.3,67.9,132.743,48.9,233.7
491,330.4,228.0,126.656,56.0,245.9
491,326.0,217.7,126.739,56.6,246.8
491,317.4,198.9,126.906,53.9,245.0
491,310.7,184.1,127.073,50.2,245.4
491,304.8,171.3,127.24,51.6,247.0
491,299.8,160.3,127.406,54.6,244.7
491,295.9,151.0,127.573,51.6,250.0
491,292.0,142.8,127.74,49.5,246.1
491,288.7,135.4,127.907,49.9,249.7
491,285.9,128.9,128.073,48.3,246.1
491,283.2,122.9,128.24,50.8,246.1
491,280.9,117.4,128.407,53.0,248.3
491,277.5,110.7,128.657,57.0,237.3
491,276.6,108.5,128.74,57.0,248.5
491,275.7,106.5,128.824,55.9,246.1
491,274.8,104.5,128.907,57.6,244.7
491,273.0,101.1,129.074,46.4,239.1
491,267.9,90.6,129.658,56.3,246.4
491,266.0,86.9,129.908,51.0,247.5
491,265.7,85.8,129.991,50.1,250.8
491,261.8,77.8,130.658,49.8,247.8
491,261.5,76.9,130.742,54.1,248.8
491,261.1,76.1,130.825,48.7,241.3
491,260.0,73.3,131.075,50.0,244.5
491,259.3,71.9,131.242,51.1,245.0
493,359.4,229.1,128.073,53.0,239.6
493,348.3,209.4,128.24,48.9,239.7
493,338.7,192.9,128.407,50.7,241.2
493,330.9,178.5,128.574,55.2,243.8
493,324.0,166.8,128.74,48.4,240.2
493,317.8,157.0,128.907,47.8,238.7
493,312.8,147.9,129.074,55.6,243.0
493,304.7,133.4,129.408,46.4,246.7
493,303.1,130.1,129.491,57.9,244.6
493,300.9,127.2,129.574,53.4,232.4
493,293.5,114.0,129.991,55.8,239.8
493,292.2,112.2,130.075,45.9,235.2
493,290.0,108.0,130.241,48.4,239.5
493,288.1,104.2,130.408,48.2,241.1
493,285.6,100.5,130.575,51.7,237.9
493,284.6,98.8,130.658,57.0,237.9
493,284.0,97.3,130.742,51.3,247.9
493,282.5,94.3,130.908,49.1,252.0
493,280.8,91.5,131.075,48.8,243.6
493,277.9,86.7,131.409,46.0,243.1
493,275.8,82.1,131.742,46.3,248.3
493,273.3,77.5,132.159,50.3,255.5
493,272.8,76.7,132.242,51.4,240.8
493,271.3,73.9,132.493,57.8,245.8
493,270.9,72.7,132.659,56.7,263.9
493,267.0,67.6,133.243,46.4,226.8
493,266.7,67.0,133.326,51.8,240.8
493,263.8,62.5,134.077,51.4,223.8
493,263.4,62.0,134.16,55.7,236.6
493,261.4,59.3,134.661,55.3,219.6
493,260.3,57.7,134.994,53.7,233.6
493,260.0,57.0,135.161,51.3,249.6
493,259.6,56.5,135.328,45.9,248.1
495,211.0,71.8,128.157,53.5,117.4
495,209.9,74.1,128.407,52.6,112.5
495,209.1,75.7,128.574,49.6,119.9
495,207.9,78.2,128.824,56.7,112.9
495,207.5,79.1,128.907,49.4,115.9
495,206.9,80.0,128.991,54.2,121.7
495,206.6,81.0,129.074,52.2,106.0
495,206.1,82.1,129.157,57.4,112.5
495,205.9,83.0,129.241,47.8,101.3
495,205.3,84.1,129.324,54.9,121.7
495,204.9,85.1,129.408,48.0,107.6
495,204.3,86.2,129.491,50.6,120.7
495,202.9,90.0,129.741,50.0,106.3
495,201.7,92.2,129.908,46.4,118.5
495,200.6,95.1,130.075,48.2,110.5
495,199.9,96.7,130.158,58.1,112.6
495,199.2,98.1,130.241,47.7,115.0
495,198.3,99.9,130.325,57.6,118.4
495,197.0,102.8,130.491,53.3,112.3
495,196.5,104.6,130.575,51.1,107.6
495,195.7,106.5,130.658,55.5,111.0
495,192.3,114.5,130.992,57.2,111.0
495,191.4,116.7,131.075,49.4,112.2
495,189.4,121.7,131.242,47.1,111.0
495,188.4,124.3,131.325,53.4,111.6
495,187.5,126.9,131.409,49.2,107.8
495,184.7,133.0,131.575,48.4,115.3
495,180.4,143.8,131.826,58.1,113.5
495,178.9,147.3,131.909,48.5,112.1
495,175.3,156.0,132.076,49.5,113.9
495,173.2,160.9,132.159,55.7,113.9
495,171.3,165.3,132.242,46.8,113.4
495,166.7,176.7,132.409,49.9,111.9
495,164.0,183.4,132.493,57.7,111.8
495,161.7,189.5,132.576,48.2,110.8
495,155.7,204.7,132.743,48.0,111.7
495,151.9,214.0,132.826,58.0,112.2
495,148.5,222.7,132.91,48.9,111.3
495,140.1,244.6,133.076,47.9,110.9
495,134.9,258.6,133.16,58.2,110.2
496,332.1,229.3,128.74,54.0,245.2
496,322.8,208.4,128.907,54.0,246.6
496,314.9,191.1,129.074,53.5,245.7
496,308.6,177.5,129.241,51.4,244.9
496,303.3,165.7,129.408,53.5,246.9
496,298.5,155.6,129.574,50.6,246.8
496,294.6,146.7,129.741,51.7,244.4
496,291.0,139.0,129.908,46.0,244.6
496,285.7,125.6,130.241,51.8,247.6
496,283.0,120.2,130.408,50.0,249.6
496,280.8,115.1,130.575,49.4,252.5
496,278.7,110.5,130.742,51.4,251.0
496,276.7,106.4,130.908,50.0,247.4
496,275.8,104.5,130.992,54.8,244.2
496,274.9,102.8,131.075,52.0,243.4
496,271.8,96.3,131.409,48.9,244.8
496,269.1,90.6,131.742,50.5,243.0
496,268.3,89.4,131.826,49.3,235.8
496,267.2,86.8,131.992,53.7,246.8
496,266.8,85.7,132.076,48.9,249.3
496,266.2,84.5,132.159,57.3,244.3
496,264.4,80.5,132.493,52.7,242.7
496,263.9,79.6,132.576,51.3,241.5
496,263.1,77.7,132.743,47.0,251.0
496,262.6,76.9,132.826,52.6,237.2
496,261.1,73.8,133.16,48.5,244.1
496,259.5,70.8,133.493,56.1,239.3
496,257.8,67.1,133.993,48.1,234.2
496,257.2,65.4,134.244,54.8,256.9
497,371.5,237.1,129.324,56.5,238.0
497,359.6,218.0,129.491,55.7,238.0
497,349.1,202.3,129.658,54.2,236.5
497,340.8,189.0,129.824,53.4,236.5
497,333.3,177.5,129.991,52.9,237.2
497,326.6,167.3,130.158,54.2,238.0
497,321.2,158.4,130.325,52.9,238.2
497,316.1,150.3,130.491,55.7,237.9
497,311.7,143.3,130.658,52.6,236.2
497,307.8,136.8,130.825,54.7,239.3
497,304.1,131.0,130.992,54.5,241.0
497,302.4,128.4,131.075,47.0,236.6
497,301.0,125.5,131.159,54.5,245.3
497,294.2,114.5,131.575,48.1,241.1
497,292.8,112.5,131.659,50.5,235.6
497,291.7,110.6,131.742,47.7,240.6
497,290.4,108.7,131.826,52.1,237.3
497,289.5,106.8,131.909,51.2,243.1
497,288.4,104.9,131.992,55.2,238.9
497,286.6,101.7,132.159,55.2,241.4
497,284.7,98.9,132.326,54.5,237.6
497,282.4,94.7,132.576,47.4,243.2
497,281.6,93.4,132.659,48.3,236.2
497,278.9,88.8,132.993,47.4,238.5
497,278.4,87.7,133.076,45.7,242.9
497,277.1,85.7,133.243,48.3,241.0
497,276.4,84.6,133.326,55.4,236.8
497,275.4,82.7,133.493,52.4,240.7
497,274.8,81.7,133.577,52.6,239.9
497,273.8,79.9,133.743,56.1,248.9
497,273.1,78.9,133.827,56.4,235.2
497,272.8,78.2,133.91,45.9,245.2
497,272.2,77.3,133.993,51.5,237.7
497,271.1,75.8,134.16,56.2,230.9
497,270.8,75.1,134.244,48.8,247.8
497,269.3,73.1,134.494,56.3,234.2
499,378.4,249.3,130.158,48.6,233.1
499,364.1,228.2,130.325,55.3,238.5
499,358.5,219.7,130.408,46.0,236.2
499,352.9,210.4,130.491,55.4,239.1
499,343.5,195.8,130.658,53.6,234.3
499,335.8,183.1,130.825,53.7,239.8
499,328.6,172.3,130.992,54.2,236.3
499,322.3,163.0,131.159,52.7,237.6
499,317.1,154.6,131.325,53.2,236.5
499,311.8,147.4,131.492,52.1,233.5
499,307.1,140.6,131.659,52.9,235.6
499,303.3,134.6,131.826,52.2,240.1
499,299.1,128.9,131.992,57.2,235.3
499,297.4,126.5,132.076,45.8,236.3
499,295.4,123.7,132.159,55.2,234.2
499,293.9,121.3,132.242,48.3,237.7
499,286.4,110.8,132.659,58.4,238.9
499,283.8,107.5,132.826,51.4,231.2
499,282.7,105.6,132.91,52.0,239.7
499,281.3,103.8,132.993,55.6,232.5
499,279.1,100.7,133.16,54.4,235.3
499,277.0,97.8,133.326,57.4,234.9
499,274.2,93.6,133.577,46.6,235.1
499,273.3,92.3,133.66,51.6,236.8
499,272.6,90.9,133.743,57.1,243.1
499,271.7,89.6,133.827,53.8,234.4
499,270.3,87.6,133.993,45.7,234.0
499,266.6,81.8,134.494,45.9,233.2
499,266.0,80.9,134.577,46.3,238.6
499,264.8,78.9,134.744,51.8,240.4
499,264.2,78.0,134.827,57.4,236.6
499,262.2,74.8,135.161,46.2,235.2
499,261.9,74.1,135.244,51.4,250.9
499,257.0,65.6,136.328,57.7,237.0
503,399.7,243.6,130.825,53.7,232.9
503,391.9,233.6,130.908,47.8,231.9
503,383.9,222.7,130.992,57.4,233.9
503,378.0,214.4,131.075,47.8,234.5
503,371.6,205.2,131.159,57.5,234.8
503,366.4,198.4,131.242,46.7,232.8
503,361.0,190.8,131.325,55.8,234.3
503,352.0,178.6,131.492,55.9,234.8
503,344.4,168.1,131.659,55.9,235.4
503,337.9,158.8,131.826,56.8,236.1
503,332.0,150.5,131.992,57.3,235.3
503,326.9,143.3,132.159,54.2,231.2
503,321.8,136.6,132.326,57.1,233.0
503,320.0,133.6,132.409,50.2,238.8
503,317.4,130.5,132.493,52.6,230.0
503,315.8,128.0,132.576,45.8,236.6
503,310.0,120.0,132.826,57.3,231.7
503,306.6,115.8,132.993,49.9,226.9
503,305.2,113.6,133.076,52.7,237.1
503,300.8,107.7,133.326,51.9,232.2
503,299.6,105.9,133.41,52.5,236.6
503,295.4,100.8,133.66,53.9,228.0
503,290.6,94.9,133.993,57.0,227.3
503,289.6,93.6,134.077,51.2,234.0
503,287.5,90.8,134.244,48.2,233.8
503,286.2,89.7,134.327,47.6,220.0
503,283.3,86.0,134.577,52.7,233.0
503,282.3,84.9,134.661,54.9,230.0
503,280.4,82.9,134.827,56.0,227.3
503,279.6,81.9,134.911,52.5,233.5
503,278.7,80.9,134.994,49.3,223.8
503,277.9,80.0,135.077,52.8,229.9
503,277.1,79.1,135.161,53.4,229.7
503,274.0,76.0,135.494,48.5,222.2
503,270.0,71.0,135.995,58.2,242.1
503,268.4,69.0,136.245,53.1,245.9
503,263.7,63.5,137.079,51.9,239.1
503,261.3,60.1,137.662,58.0,233.5
514,391.2,238.1,132.993,56.1,238.8
514,384.8,227.6,133.076,53.0,238.8
514,371.3,207.9,133.243,49.8,236.7
514,360.8,192.2,133.41,49.4,237.4
514,352.1,178.7,133.577,50.1,237.5
514,344.6,167.3,133.743,48.2,236.0
514,338.1,157.5,133.91,49.3,238.3
514,332.2,149.0,134.077,46.6,235.1
514,326.6,141.1,134.244,49.3,235.1
514,323.9,137.4,134.327,57.8,234.4
514,321.9,134.4,134.41,49.1,236.3
514,317.6,128.2,134.577,46.5,232.1
514,315.5,125.3,134.661,55.8,234.3
514,313.7,122.6,134.744,54.4,236.5
514,311.6,120.1,134.827,53.8,230.1
514,306.8,113.4,135.077,47.3,230.1
514,303.6,109.0,135.244,49.1,233.4
514,300.9,105.1,135.411,48.3,236.9
514,299.5,103.5,135.494,48.0,228.4
514,295.6,97.7,135.744,52.7,235.5
514,294.4,96.2,135.828,54.3,232.4
514,293.5,94.8,135.911,50.0,237.1
514,289.6,89.7,136.245,47.1,236.0
514,288.5,88.4,136.328,54.4,229.7
514,287.8,87.3,136.412,51.5,237.0
514,284.6,83.1,136.745,51.0,236.4
514,283.8,82.0,136.828,58.3,233.0
514,283.1,81.0,136.912,54.5,238.6
514,281.7,79.0,137.079,49.5,236.5
514,280.9,78.1,137.162,53.2,227.2
514,279.5,76.9,137.329,51.9,224.8
514,279.0,76.0,137.412,54.0,236.9
514,278.3,75.1,137.495,58.4,232.3
514,275.2,70.9,137.996,49.0,228.8
514,269.1,63.2,139.163,53.1,224.6
514,265.3,58.1,140.164,51.7,242.4
516,393.5,247.4,133.91,48.7,237.0
516,378.8,225.3,134.077,48.2,235.8
516,367.9,207.1,134.244,47.1,239.1
516,358.2,192.0,134.41,46.9,236.8
516,350.3,179.3,134.577,45.9,238.4
516,346.4,173.2,134.661,56.0,237.0
516,343.5,168.4,134.744,46.7,239.0
516,339.9,163.0,134.827,56.6,236.2
516,337.3,158.9,134.911,46.3,237.5
516,331.7,150.3,135.077,46.7,238.3
516,329.1,146.3,135.161,53.7,237.2
516,327.0,143.0,135.244,46.6,236.8
516,324.4,139.3,135.328,56.2,235.2
516,322.6,136.3,135.411,47.2,239.4
516,320.2,132.8,135.494,58.4,234.8
516,315.7,126.4,135.661,57.5,236.0
516,311.9,121.5,135.828,53.8,233.5
516,310.5,119.0,135.911,53.3,240.6
516,308.8,116.8,135.995,51.0,232.7
516,307.5,114.6,136.078,52.0,239.2
516,305.8,112.4,136.161,53.4,233.2
516,304.6,110.6,136.245,46.1,235.3
516,303.1,108.6,136.328,53.3,233.2
516,302.0,106.7,136.412,51.6,240.1
516,300.5,104.9,136.495,53.5,230.1
516,298.2,101.7,136.662,56.2,236.0
516,296.0,98.7,136.828,52.5,232.2
516,293.8,95.8,136.995,57.6,237.3
516,290.3,90.7,137.329,50.4,231.3
516,285.5,84.1,137.829,57.2,234.7
516,284.1,82.5,137.996,50.3,232.6
516,282.7,80.8,138.163,50.9,231.4
516,282.1,79.9,138.246,51.5,234.5
516,281.2,78.9,138.329,58.3,230.1
516,280.8,78.0,138.413,53.6,245.0
516,280.0,77.2,138.496,49.3,226.4
516,279.0,76.0,138.663,52.3,234.0
516,278.5,75.1,138.746,56.0,240.1
516,278.0,74.3,138.83,56.9,238.1
516,275.5,71.1,139.246,49.1,235.6
516,274.6,70.1,139.413,49.9,240.6
516,268.7,62.1,140.747,51.9,251.7
516,267.1,60.4,141.164,54.7,234.3
516,266.0,58.4,141.581,51.4,238.5
516,265.7,58.0,141.665,49.3,238.4
526,208.0,77.9,136.912,51.7,121.1
526,204.3,86.3,137.662,48.1,115.7
526,204.0,87.4,137.746,47.6,108.1
526,203.5,88.6,137.829,54.5,109.6
526,203.1,89.8,137.912,49.0,109.2
526,202.5,91.0,137.996,47.8,117.2
526,199.2,98.5,138.496,55.7,114.8
526,198.7,99.9,138.579,47.7,110.3
526,196.7,104.5,138.83,51.6,113.7
526,195.4,107.8,138.996,48.9,108.4
526,193.9,111.4,139.163,46.4,113.0
526,192.4,115.1,139.33,48.0,113.2
526,190.7,119.5,139.497,55.2,105.5
526,188.7,123.9,139.663,45.7,112.7
526,186.8,128.4,139.83,57.3,110.7
526,185.5,131.3,139.914,50.8,114.4
526,184.5,134.7,139.997,57.0,106.9
526,182.5,140.4,140.164,48.5,109.5
526,179.3,147.3,140.33,52.9,116.4
526,176.8,154.6,140.497,51.0,111.1
526,175.1,159.0,140.581,51.8,111.6
526,170.1,171.9,140.831,50.9,111.4
526,166.2,182.0,140.997,49.7,111.1
526,161.7,194.1,141.164,51.5,109.9
526,156.4,207.8,141.331,50.2,111.0
526,150.2,223.9,141.498,52.0,110.9
526,143.2,242.7,141.665,50.6,110.7
526,135.0,265.0,141.831,49.8,110.3
527,296.8,150.0,137.245,53.8,247.6
527,292.0,141.2,137.412,52.0,241.7
527,289.3,133.6,137.579,55.4,249.9
527,285.9,127.0,137.746,49.7,243.3
527,282.6,120.6,137.912,56.8,242.7
527,280.3,115.5,138.079,49.0,243.9
527,278.0,110.6,138.246,52.5,247.9
527,275.8,106.3,138.413,48.8,240.5
527,274.2,102.5,138.579,47.0,243.5
527,272.3,98.7,138.746,53.4,235.7
527,270.7,95.4,138.913,47.8,245.7
527,269.0,92.4,139.08,47.3,233.9
527,267.7,89.5,139.246,51.9,239.9
527,266.6,86.9,139.413,46.8,241.0
527,265.9,85.8,139.497,51.6,237.1
527,265.4,84.7,139.58,53.2,248.4
527,264.9,83.6,139.663,55.3,245.2
527,264.5,82.6,139.747,52.8,249.9
527,260.9,74.8,140.414,54.6,248.7
527,259.1,70.9,140.831,49.3,234.3
527,258.0,68.0,141.164,55.1,245.1
527,257.5,67.0,141.331,53.7,237.7
527,256.5,65.1,141.581,54.8,252.9
527,256.1,64.0,141.748,46.4,243.2
531,216.8,80.8,137.829,50.0,98.0
531,216.2,83.0,137.996,56.6,105.4
531,215.9,84.0,138.079,50.5,105.9
531,215.3,86.5,138.246,48.8,103.6
531,214.4,88.9,138.413,47.7,108.3
531,214.2,90.0,138.496,46.5,101.6
531,213.6,92.9,138.663,54.0,102.0
531,211.2,101.8,139.163,55.2,106.2
531,210.7,103.7,139.246,57.2,104.2
531,210.2,105.7,139.33,58.4,105.6
531,209.7,107.5,139.413,51.6,104.8
531,208.9,109.7,139.497,56.6,109.7
531,208.4,111.5,139.58,48.3,106.4
531,207.9,113.7,139.663,51.9,103.1
531,207.3,115.8,139.747,49.6,104.7
531,206.1,120.6,139.914,48.4,108.9
531,205.3,123.4,139.997,56.5,106.1
531,204.9,125.8,140.08,46.2,99.6
531,203.2,131.7,140.247,48.0,102.5
531,201.4,138.5,140.414,47.6,106.1
531,199.2,146.9,140.581,57.3,105.7
531,198.3,151.0,140.664,53.0,103.2
531,195.3,164.1,140.914,47.2,105.1
531,193.8,169.6,140.997,56.5,105.3
531,192.8,174.8,141.081,48.6,100.5
531,191.2,181.3,141.164,57.5,103.9
531,190.0,187.0,141.248,46.8,102.5
531,186.4,201.4,141.414,46.5,104.1
531,184.6,210.5,141.498,58.0,101.1
531,182.7,218.7,141.581,48.6,103.0
531,180.1,229.5,141.665,57.5,103.7
531,177.9,239.3,141.748,47.8,102.4
531,175.1,252.5,141.831,57.7,102.0
531,172.3,264.6,141.915,47.8,103.0
532,209.9,72.1,138.496,48.0,110.9
532,209.6,72.7,138.579,47.7,115.7
532,209.1,73.5,138.663,51.9,125.2
532,208.3,75.0,138.83,57.9,112.5
532,208.0,75.8,138.913,51.6,111.9
532,206.5,78.9,139.246,47.6,115.1
532,206.1,79.9,139.33,56.3,110.7
532,205.7,81.0,139.413,55.8,111.9
532,205.2,81.9,139.497,51.3,115.9
532,204.8,82.9,139.58,47.9,113.4
532,204.4,83.9,139.663,53.9,112.9
532,204.0,84.9,139.747,47.7,110.1
532,203.5,86.0,139.83,49.5,117.4
532,203.1,87.0,139.914,47.7,107.4
532,200.3,92.9,140.33,52.4,120.6
532,197.9,98.9,140.664,51.0,112.6
532,196.7,101.8,140.831,52.1,112.7
532,195.4,105.0,140.997,51.3,114.4
532,194.7,106.7,141.081,48.5,112.9
532,193.7,108.8,141.164,55.0,115.4
532,193.0,110.7,141.248,51.0,110.1
532,192.0,112.8,141.331,52.6,113.9
532,191.3,114.8,141.414,47.8,109.5
532,190.3,117.4,141.498,57.7,111.4
532,189.3,119.6,141.581,47.8,115.0
532,188.3,122.3,141.665,56.4,110.7
532,177.2,147.0,142.332,57.9,113.6
532,175.9,150.5,142.415,46.1,110.6
532,173.9,155.0,142.498,55.4,113.8
532,172.2,159.2,142.582,47.6,111.9
532,170.0,164.5,142.665,57.4,112.3
532,168.2,169.1,142.748,47.0,112.2
532,165.7,175.0,142.832,55.9,112.9
532,163.7,180.3,142.915,46.1,110.9
532,160.8,187.2,142.999,56.5,112.3
532,157.9,194.8,143.082,57.5,111.2
532,155.1,201.6,143.165,47.5,111.9
532,148.9,217.8,143.332,55.0,110.6
532,145.6,226.4,143.416,46.3,111.0
532,141.5,237.5,143.499,55.3,110.4
532,137.6,247.8,143.582,46.3,110.8
532,132.5,261.9,143.666,57.3,109.8
536,213.3,65.6,139.246,50.7,106.2
536,213.0,66.1,139.33,46.6,119.8
536,212.7,66.7,139.413,52.8,120.4
536,211.6,69.0,139.747,56.2,108.1
536,211.4,69.9,139.914,49.7,101.0
536,210.4,72.0,140.164,50.7,103.5
536,209.9,72.6,140.247,48.4,124.8
536,209.4,74.0,140.414,47.5,109.2
536,209.0,74.8,140.497,54.2,115.6
536,207.8,77.8,140.831,55.2,106.8
536,205.6,82.8,141.331,53.4,111.3
536,205.1,83.8,141.414,47.9,115.4
536,204.7,84.9,141.498,51.1,111.3
536,204.4,85.8,141.581,46.9,109.3
536,203.4,87.9,141.748,45.9,106.9
536,202.7,89.2,141.831,58.3,117.2
536,201.7,91.5,141.998,57.5,116.1
536,201.2,92.7,142.081,48.4,109.6
536,200.6,93.9,142.165,46.6,115.9
536,199.3,96.6,142.332,52.3,116.8
536,198.6,98.0,142.415,47.7,114.9
536,198.0,99.6,142.498,51.9,110.0
536,197.2,101.1,142.582,46.7,120.2
536,196.3,102.8,142.665,54.6,116.6
536,195.8,104.5,142.748,48.8,108.2
536,194.9,106.3,142.832,53.2,115.1
536,192.1,112.4,143.082,56.6,117.4
536,191.4,114.3,143.165,45.7,110.8
536,189.3,118.7,143.332,57.4,115.1
536,187.2,123.3,143.499,53.6,111.0
536,183.6,131.5,143.749,49.0,111.5
536,179.3,141.5,143.999,56.1,116.5
536,178.0,145.0,144.083,48.9,110.1
536,176.1,149.1,144.166,55.6,114.8
536,172.7,157.4,144.333,55.0,113.4
536,171.0,161.5,144.416,46.1,112.0
536,168.8,166.7,144.499,54.4,112.8
536,166.8,171.6,144.583,47.9,112.4
536,164.5,177.8,144.666,56.8,111.0
536,162.3,183.2,144.75,46.3,112.0
536,159.3,190.4,144.833,56.6,112.2
536,156.8,196.9,144.916,47.6,111.0
536,153.3,205.4,145.0,56.9,112.8
536,150.2,212.9,145.083,46.9,111.8
536,146.3,222.9,145.167,56.2,111.8
536,137.7,244.8,145.333,47.7,111.3
537,350.5,198.9,139.663,58.2,238.9
537,346.0,191.5,139.747,54.6,238.5
537,336.5,176.5,139.914,55.6,236.4
537,328.7,164.8,140.08,51.9,240.0
537,322.1,154.6,140.247,52.6,237.3
537,315.7,145.8,140.414,52.6,237.6
537,307.9,133.3,140.664,56.1,235.6
537,302.0,124.8,140.914,52.3,250.1
537,297.3,116.0,141.164,53.3,232.0
537,295.9,113.9,141.248,48.1,234.5
537,291.8,109.5,141.414,49.9,214.0
537,289.9,103.5,141.665,54.7,247.0
537,286.8,97.9,141.915,51.9,239.1
537,284.8,94.7,142.081,55.9,242.7
537,282.9,91.6,142.248,51.3,236.3
537,281.9,90.3,142.332,55.9,235.4
537,281.2,89.1,142.415,47.9,235.5
537,279.6,86.4,142.582,52.3,234.9
537,276.8,81.9,142.915,53.9,235.1
537,274.6,78.6,143.165,46.8,227.5
537,274.1,77.7,143.249,55.4,242.4
537,272.9,75.7,143.416,56.0,233.6
537,272.3,74.8,143.499,56.1,239.0
537,270.7,73.8,143.666,48.2,213.6
543,196.8,73.2,142.332,49.3,144.8
543,196.3,74.0,142.415,53.3,124.1
543,193.5,76.3,142.665,45.9,144.5
543,191.6,77.9,142.832,53.2,139.1
543,190.4,78.8,142.915,51.9,142.6
543,189.3,79.8,142.999,57.2,138.3
543,188.0,80.8,143.082,55.9,141.2
543,184.8,83.2,143.332,54.4,138.0
543,181.7,85.0,143.499,46.5,151.2
543,180.5,86.2,143.582,54.7,135.7
543,177.4,88.8,143.749,50.0,139.8
543,175.7,89.9,143.832,47.0,146.4
543,168.9,94.9,144.166,54.3,152.0
543,160.8,100.5,144.499,51.9,146.3
543,156.3,103.7,144.666,54.8,142.7
543,151.2,107.2,144.833,55.9,144.7
543,145.9,110.8,145.0,52.7,144.2
543,140.0,114.8,145.167,56.3,145.0
543,133.0,119.6,145.333,47.6,146.7
543,126.7,124.1,145.5,50.4,146.6
543,119.4,128.9,145.667,49.7,146.5
543,111.9,134.3,145.834,54.4,141.3
543,107.9,137.4,145.917,48.2,142.8
543,101.7,140.6,146.0,50.9,152.6
543,93.9,147.4,146.167,52.0,138.1
543,83.5,154.8,146.334,51.9,144.0
543,72.0,163.0,146.501,49.9,144.8
543,58.9,172.2,146.667,49.3,144.9
543,44.2,182.8,146.834,50.8,145.1
543,27.2,194.8,147.001,50.7,144.5
543,15.7,207.6,147.168,47.4,118.2
544,343.7,253.3,142.498,51.1,243.0
544,337.8,240.5,142.582,56.4,245.1
544,327.0,216.9,142.748,54.0,246.4
544,318.2,198.3,142.915,53.9,245.0
544,308.1,175.1,143.165,53.9,246.5
544,305.5,170.1,143.249,47.7,242.7
544,300.4,159.4,143.416,52.6,244.1
544,295.8,150.0,143.582,51.6,244.4
544,292.1,141.8,143.749,49.1,244.0
544,288.9,134.3,143.916,53.0,248.5
544,285.7,127.6,144.083,51.0,248.8
544,283.4,121.7,144.249,54.5,250.4
544,280.9,116.3,144.416,52.6,246.4
544,278.7,111.5,144.583,54.2,247.1
544,277.5,109.4,144.666,54.5,241.5
544,276.7,107.5,144.75,50.7,246.6
544,275.1,103.5,144.916,46.8,245.2
544,273.5,99.9,145.083,54.5,249.4
544,271.9,96.3,145.25,57.7,242.4
544,271.1,94.9,145.333,53.9,242.4
544,269.9,92.2,145.5,58.0,249.4
544,268.1,88.1,145.75,53.2,246.2
544,267.5,86.9,145.834,56.3,244.1
544,267.0,85.8,145.917,50.1,245.0
544,266.4,84.6,146.0,55.4,242.1
544,265.9,83.7,146.084,47.0,245.1
544,264.8,81.4,146.25,46.2,236.0
544,262.9,76.9,146.667,48.4,236.4
544,262.5,76.1,146.751,51.5,244.2
544,260.6,72.0,147.168,52.5,241.9
544,260.3,71.2,147.251,56.1,252.3
545,216.6,81.6,142.915,47.2,105.6
545,215.5,85.0,143.165,48.1,99.9
545,214.2,88.5,143.416,49.9,111.8
545,212.8,93.9,143.749,47.8,102.8
545,211.7,97.1,143.916,48.5,111.0
545,210.7,100.5,144.083,51.8,107.7
545,209.1,105.7,144.333,54.2,111.7
545,208.6,107.7,144.416,54.5,105.1
545,208.0,109.9,144.499,57.4,105.0
545,207.5,111.8,144.583,49.6,105.1
545,206.4,116.7,144.75,52.9,104.1
545,204.8,121.8,144.916,49.3,108.4
545,203.2,127.2,145.083,47.6,107.5
545,200.0,137.6,145.333,49.8,108.7
545,199.2,140.6,145.417,46.3,105.0
545,197.1,148.6,145.583,48.3,108.1
545,194.7,158.0,145.75,52.1,106.4
545,192.0,168.2,145.917,48.4,105.8
545,188.8,180.0,146.084,49.6,104.8
545,185.1,194.2,146.25,50.3,103.8
545,181.0,210.9,146.417,50.1,104.6
545,176.0,230.8,146.584,49.9,103.2
545,170.0,255.4,146.751,50.5,104.2
546,211.8,97.0,143.165,47.7,108.5
546,211.4,98.7,143.249,57.1,102.2
546,209.1,106.0,143.582,46.8,108.7
546,208.0,110.5,143.749,54.5,103.0
546,207.3,112.7,143.832,56.1,106.2
546,206.7,114.8,143.916,49.8,105.5
546,205.4,119.8,144.083,49.8,104.5
546,203.9,125.8,144.249,52.9,104.2
546,201.9,131.8,144.416,46.1,105.9
546,199.9,139.2,144.583,51.6,105.3
546,198.0,147.2,144.75,53.2,103.9
546,195.5,156.3,144.916,52.8,104.9
546,192.8,166.9,145.083,52.9,105.1
546,188.1,187.3,145.333,54.5,103.2
546,186.7,193.7,145.417,48.1,102.4
546,182.7,210.3,145.583,51.7,103.5
546,178.1,230.9,145.75,52.2,102.2
546,172.7,256.0,145.917,50.3,102.6
547,204.0,85.8,143.249,49.5,103.8
547,203.3,86.9,143.332,50.8,121.5
547,202.9,88.0,143.416,48.6,113.7
547,202.4,89.2,143.499,49.8,110.9
547,199.5,95.9,143.916,48.0,113.1
547,198.4,98.8,144.083,52.5,108.4
547,197.6,100.4,144.166,52.1,117.4
547,197.1,101.9,144.249,47.4,109.0
547,196.3,103.7,144.333,54.1,114.2
547,194.9,106.8,144.499,51.7,116.0
547,194.0,108.6,144.583,49.1,114.5
547,193.0,110.9,144.666,58.2,114.2
547,192.3,112.9,144.75,50.8,108.4
547,191.6,115.2,144.833,53.1,109.2
547,189.3,119.5,145.0,56.4,115.8
547,188.5,121.8,145.083,48.6,109.2
547,187.2,124.5,145.167,52.1,116.3
547,184.7,130.7,145.333,49.2,113.0
547,182.6,136.4,145.5,53.9,110.2
547,181.4,139.5,145.583,47.4,111.2
547,179.8,143.1,145.667,53.2,113.8
547,178.4,146.5,145.75,46.4,112.2
547,176.5,150.9,145.834,58.2,113.3
547,175.1,154.8,145.917,47.4,109.9
547,173.2,159.8,146.0,57.1,111.2
547,171.3,164.1,146.084,46.9,113.3
547,169.1,169.6,146.167,55.2,112.1
547,167.1,174.4,146.25,45.8,111.9
547,164.5,180.7,146.334,55.2,112.8
547,162.6,186.6,146.417,48.3,107.5
547,159.8,193.9,146.501,56.1,111.1
547,157.2,200.5,146.584,46.4,111.8
547,153.7,209.2,146.667,56.1,111.8
547,150.7,217.1,146.751,46.5,111.0
547,146.8,227.3,146.834,55.9,110.5
547,143.3,236.6,146.918,46.0,110.7
547,138.6,249.3,147.001,56.8,110.3
547,134.4,260.8,147.084,46.8,110.3
548,208.3,75.9,143.499,52.7,118.3
548,204.8,83.3,144.166,55.5,116.4
548,202.2,89.1,144.583,46.2,110.7
548,200.2,94.1,144.916,51.1,107.9
548,199.6,95.7,145.0,58.4,111.7
548,199.1,97.0,145.083,45.9,111.7
548,197.6,100.3,145.25,52.6,118.1
548,197.1,101.9,145.333,48.2,109.9
548,195.5,105.0,145.5,53.3,118.0
548,194.8,106.7,145.583,48.0,112.1
548,194.1,108.7,145.667,56.0,109.2
548,193.3,110.7,145.75,51.8,110.9
548,192.5,112.8,145.834,50.9,112.7
548,191.5,114.7,145.917,47.0,116.0
548,189.5,119.7,146.084,50.3,111.4
548,188.4,122.4,146.167,57.7,111.6
548,184.8,130.2,146.417,48.6,114.4
548,183.4,133.4,146.501,55.2,113.7
548,182.4,136.5,146.584,50.3,107.4
548,181.0,140.1,146.667,55.7,111.5
548,179.6,143.5,146.751,48.6,112.7
548,176.3,151.4,146.918,46.5,112.5
548,174.4,156.0,147.001,55.6,112.5
548,172.7,160.1,147.084,46.5,112.9
548,170.8,165.4,147.168,57.1,109.6
548,166.3,176.6,147.334,49.0,111.9
548,161.9,188.6,147.501,55.7,110.6
548,159.5,194.8,147.585,46.2,111.1
548,156.4,203.1,147.668,57.1,110.9
548,153.6,210.4,147.751,45.8,110.7
548,150.1,220.0,147.835,56.3,110.1
548,146.8,228.8,147.918,46.8,110.6
548,142.2,240.7,148.002,57.4,111.1
548,138.2,251.3,148.085,46.4,110.4
548,132.9,265.2,148.168,54.7,110.9
549,271.8,78.0,143.749,52.1,231.4
549,270.4,76.0,143.916,54.8,240.5
549,268.0,73.4,144.166,57.0,227.7
549,267.3,71.3,144.416,48.3,244.6
549,266.8,69.9,144.583,47.2,245.7
549,265.5,68.0,144.833,49.4,243.6
549,265.2,67.3,144.916,55.4,244.1
549,264.6,66.3,145.083,54.8,253.2
549,263.4,63.9,145.417,55.7,252.4
549,262.9,63.3,145.5,55.0,225.2
549,262.0,62.1,145.75,54.8,247.3
549,261.2,60.7,146.0,57.7,249.2
549,259.8,58.4,146.501,50.1,239.3
549,259.6,58.1,146.584,45.8,238.6
549,258.3,55.7,147.168,46.0,225.8
550,376.5,250.9,143.666,47.7,234.8
550,363.3,229.3,143.832,56.6,239.8
550,357.2,220.7,143.916,46.6,234.6
550,351.4,211.1,143.999,56.5,238.9
550,346.9,203.6,144.083,48.3,238.8
550,342.2,195.7,144.166,55.3,239.3
550,334.3,182.6,144.333,56.9,238.8
550,327.8,171.5,144.499,56.2,239.9
550,325.0,166.8,144.583,47.0,238.7
550,321.6,161.7,144.666,55.4,237.2
550,316.4,153.4,144.833,55.2,237.0
550,311.9,145.7,145.0,57.5,239.6
550,310.0,142.4,145.083,46.6,238.8
550,308.1,138.8,145.167,55.4,242.6
550,305.8,135.3,145.25,54.8,236.5
550,303.9,132.4,145.333,49.3,236.9
550,301.3,127.5,145.5,48.2,243.1
550,299.8,125.1,145.583,46.0,237.7
550,298.4,122.4,145.667,55.1,243.8
550,297.0,119.8,145.75,55.1,242.3
550,295.4,117.5,145.834,50.2,234.7
550,292.6,113.6,146.0,46.8,234.3
550,291.5,111.6,146.084,50.1,239.9
550,290.2,109.6,146.167,51.3,237.2
550,289.3,107.8,146.25,49.4,242.5
550,288.0,105.8,146.334,56.5,237.7
550,286.0,102.7,146.501,50.8,235.3
550,285.2,101.1,146.584,51.8,242.7
550,284.4,99.4,146.667,53.9,244.6
550,283.6,98.0,146.751,49.8,243.6
550,282.7,96.6,146.834,48.7,234.6
550,281.1,93.9,147.001,58.3,245.4
550,278.3,88.7,147.334,47.9,239.9
550,276.0,84.8,147.668,50.4,243.1
550,275.4,83.9,147.751,46.3,236.5
550,274.7,82.9,147.835,52.2,235.5
550,274.4,81.9,147.918,52.7,251.5
550,273.7,81.0,148.002,50.1,235.8
550,273.3,79.9,148.085,55.8,245.0
550,272.8,79.0,148.168,54.4,243.8
550,270.5,75.0,148.585,50.2,240.1
550,269.3,73.0,148.835,46.6,240.6
550,268.1,71.0,149.085,54.0,242.1
551,200.7,72.8,143.666,53.4,138.9
551,199.1,75.8,143.999,48.7,120.4
551,198.5,76.8,144.083,56.8,121.4
551,197.4,78.9,144.333,48.4,122.7
551,196.8,79.9,144.416,56.8,119.7
551,196.2,80.9,144.499,52.8,121.8
551,194.4,84.0,144.833,46.0,124.1
551,193.8,85.0,144.916,49.1,119.4
551,193.1,86.1,145.0,50.0,120.3
551,192.5,87.2,145.083,51.1,119.4
551,192.0,88.5,145.167,55.7,110.0
551,191.2,89.9,145.25,57.8,121.2
551,187.6,95.7,145.667,50.0,121.9
551,185.1,99.7,145.917,49.5,126.6
551,183.4,102.8,146.084,55.5,115.3
551,182.6,104.4,146.167,48.7,118.1
551,180.5,107.7,146.334,50.4,118.5
551,178.5,111.1,146.501,54.0,119.1
551,173.6,119.7,146.834,47.8,125.1
551,170.3,124.7,147.001,57.8,125.3
551,167.8,129.7,147.168,51.3,119.6
551,160.7,142.1,147.501,54.3,119.5
551,159.0,145.4,147.585,46.1,117.0
551,156.7,149.2,147.668,50.4,121.1
551,154.7,153.0,147.751,46.9,117.8
551,152.2,157.5,147.835,53.9,119.5
551,146.6,166.6,148.002,55.0,120.6
551,140.9,177.0,148.168,53.3,117.5
551,134.0,188.9,148.335,54.5,119.0
551,130.8,195.1,148.418,45.7,117.2
551,126.4,203.1,148.502,54.8,118.6
551,117.5,219.3,148.669,55.5,118.5
551,106.7,239.1,148.835,55.0,118.7
551,93.8,262.9,149.002,55.0,118.9
552,331.3,230.4,144.083,53.1,244.4
552,321.5,209.7,144.249,52.3,245.9
552,314.2,192.9,144.416,51.1,246.3
552,307.4,179.0,144.583,50.4,244.1
552,302.0,167.0,144.75,51.8,248.0
552,297.1,156.9,144.916,49.1,245.6
552,292.8,148.0,145.083,52.7,246.3
552,287.2,136.0,145.333,50.9,236.5
554,333.8,235.4,146.0,48.7,244.1
554,325.2,216.8,146.167,55.4,244.8
554,314.6,193.2,146.417,52.2,247.5
554,311.5,186.2,146.501,54.0,245.5
554,308.9,180.5,146.584,47.7,245.3
554,303.4,169.0,146.751,46.7,243.4
554,296.8,154.8,147.001,55.3,245.8
554,295.2,150.9,147.084,48.0,248.3
554,293.1,146.8,147.168,54.5,242.8
554,291.4,142.9,147.251,55.5,246.1
554,289.5,139.4,147.334,51.7,242.0
554,280.5,117.6,148.002,47.3,240.8
554,278.5,113.4,148.168,56.9,246.9
554,275.9,107.7,148.418,52.8,246.1
554,273.9,102.7,148.669,51.9,246.7
554,272.2,99.7,148.835,52.6,240.3
554,271.7,98.1,148.919,53.3,252.9
554,270.9,96.6,149.002,51.9,241.9
554,269.9,94.3,149.169,45.9,255.0
554,269.2,92.9,149.252,53.5,246.1
554,269.0,91.4,149.336,58.2,259.4
554,266.7,87.4,149.669,49.1,242.8
554,266.5,86.2,149.753,53.8,258.9
554,263.1,77.7,150.503,45.8,244.7
554,262.5,75.9,150.67,55.0,258.6
554,261.1,73.7,150.92,56.2,224.5
554,260.8,72.9,151.003,53.7,252.3
554,259.3,69.5,151.42,54.0,263.9
554,257.4,66.7,151.837,56.4,241.3
554,257.1,65.8,152.004,47.8,254.7
554,256.9,65.3,152.087,50.5,253.3
554,256.3,64.7,152.171,56.0,224.6
560,295.6,154.1,145.0,55.8,242.8
560,293.6,149.7,145.083,55.6,245.7
560,287.8,136.7,145.333,51.9,237.9
560,286.6,133.9,145.417,47.0,247.2
560,284.2,127.6,145.583,48.4,249.2
560,281.5,121.9,145.75,47.5,243.1
560,279.3,116.7,145.917,51.7,246.8
560,277.6,111.9,146.084,53.3,254.2
560,276.4,109.8,146.167,54.5,240.7
560,275.6,107.8,146.25,53.3,246.5
560,274.8,105.9,146.334,54.8,249.1
560,272.6,100.7,146.584,51.7,246.6
560,269.7,94.7,146.918,48.4,241.7
560,269.1,93.2,147.001,57.7,248.0
560,268.5,91.9,147.084,50.0,244.2
560,267.2,88.9,147.251,57.8,249.7
560,267.0,87.8,147.334,48.1,255.9
560,263.2,79.1,148.002,53.2,244.1
560,260.6,73.9,148.585,50.8,247.7
560,259.8,71.6,148.835,55.7,250.1
560,258.0,67.1,149.419,52.9,247.9
561,300.8,249.8,145.5,57.2,252.5
561,297.2,237.5,145.583,55.5,253.5
561,290.2,214.0,145.75,56.0,253.4
561,284.7,195.5,145.917,54.7,252.9
561,280.5,180.4,146.084,52.5,255.1
561,276.6,167.7,146.25,54.0,252.9
561,274.2,156.9,146.417,52.0,258.8
561,271.3,147.4,146.584,53.8,254.1
561,269.3,139.3,146.751,52.3,252.1
561,267.2,132.0,146.918,50.2,254.4
561,266.2,125.5,147.084,53.0,257.3
561,263.2,116.4,147.334,54.9,255.2
561,262.6,114.1,147.418,53.2,255.1
561,261.4,109.4,147.585,54.9,256.3
561,260.8,107.4,147.668,55.2,253.3
561,260.1,105.3,147.751,58.3,250.8
561,259.6,103.3,147.835,58.3,255.7
561,259.0,101.5,147.918,55.7,251.9
561,258.2,98.0,148.085,57.0,261.4
561,257.4,94.6,148.252,53.2,253.6
561,256.3,91.7,148.418,51.8,253.1
561,255.2,87.6,148.669,55.5,254.4
561,254.2,83.9,148.919,52.9,253.3
561,253.9,82.8,149.002,54.2,250.2
561,253.4,81.8,149.085,53.1,247.2
561,253.0,80.9,149.169,50.1,246.2
561,252.3,77.8,149.419,50.0,250.8
561,250.3,71.7,150.003,48.7,252.7
561,250.2,70.9,150.086,55.4,262.9
564,200.5,73.9,146.501,55.8,111.6
564,197.6,77.7,146.918,54.5,110.3
564,197.0,78.6,147.001,49.4,124.9
564,195.2,83.0,147.418,52.2,100.5
564,194.4,83.9,147.501,46.9,129.4
564,193.7,85.9,147.668,51.3,105.6
564,192.8,86.9,147.751,47.1,131.1
564,189.6,92.1,148.085,52.6,108.6
564,188.7,93.3,148.168,48.3,126.1
564,186.9,95.9,148.335,49.1,124.5
564,183.0,101.7,148.669,58.1,117.2
564,182.1,103.6,148.752,56.7,115.1
564,180.9,105.6,148.835,57.2,122.0
564,178.7,108.8,149.002,48.3,122.6
564,177.6,110.9,149.085,53.0,118.0
564,176.1,113.2,149.169,56.8,123.3
564,172.2,119.8,149.419,46.7,117.8
564,170.4,122.4,149.502,51.8,124.7
564,162.0,136.4,149.919,48.0,124.3
564,159.7,140.0,150.003,56.0,122.3
564,155.3,147.0,150.169,56.8,122.2
564,153.1,150.7,150.253,47.0,121.7
564,150.7,155.1,150.336,53.9,119.0
564,145.4,164.3,150.503,56.6,118.0
564,139.3,174.4,150.67,54.0,120.2
564,136.2,179.7,150.753,47.1,120.2
564,132.4,186.7,150.836,57.3,118.8
564,125.0,200.6,151.003,55.7,118.3
564,116.0,216.9,151.17,58.3,117.2
564,111.5,225.5,151.253,46.9,118.0
564,105.4,236.4,151.337,54.6,119.0
564,92.9,259.9,151.504,55.8,118.0
568,335.9,237.4,146.834,58.3,242.6
568,331.1,227.7,146.918,48.7,243.9
568,326.2,217.1,147.001,58.2,245.1
568,322.7,209.3,147.084,47.2,246.1
568,311.6,185.5,147.334,49.7,246.8
568,306.3,174.3,147.501,55.9,242.5
568,301.6,164.5,147.668,54.5,245.0
568,297.1,155.5,147.835,56.1,245.5
568,293.3,147.6,148.002,56.6,244.2
568,291.9,144.0,148.085,50.2,248.2
568,290.1,140.5,148.168,51.5,242.9
568,288.6,137.4,148.252,47.7,244.5
568,287.4,134.0,148.335,54.9,249.4
568,284.5,128.4,148.502,53.3,244.8
568,283.7,125.9,148.585,46.8,252.2
568,281.5,120.5,148.752,49.2,244.6
568,280.5,118.3,148.835,48.6,246.0
568,276.9,110.0,149.169,53.8,248.3
568,275.0,106.0,149.336,47.6,244.4
568,273.4,102.9,149.502,51.4,244.0
568,272.2,99.8,149.669,56.4,246.2
568,271.0,96.9,149.836,55.9,244.6
568,270.7,95.6,149.919,48.2,257.7
568,269.8,94.2,150.003,52.7,239.3
568,268.8,91.9,150.169,53.5,245.7
568,267.7,89.6,150.336,47.2,245.4
568,266.8,87.4,150.503,57.4,249.6
568,266.1,85.5,150.67,48.7,251.6
568,265.7,84.5,150.753,51.4,250.5
568,264.4,81.8,151.003,51.8,244.8
568,263.9,80.8,151.087,53.0,244.1
568,263.6,79.9,151.17,50.7,250.2
568,263.4,79.1,151.253,47.1,257.8
568,263.1,78.1,151.337,56.6,250.0
568,262.3,76.0,151.587,57.2,260.5
568,262.0,75.2,151.67,47.9,247.4
568,261.1,73.3,151.92,46.1,255.7
568,260.4,71.9,152.087,56.6,259.3
568,257.5,65.5,153.088,49.3,249.2
568,254.8,60.2,154.088,56.7,259.5
568,254.1,59.0,154.338,47.5,241.0
568,253.9,58.0,154.589,50.7,255.6
568,253.6,57.4,154.755,56.6,262.2
572,365.7,208.9,147.585,45.9,238.6
572,360.3,200.3,147.668,57.2,238.2
572,352.6,186.9,147.835,57.3,241.9
572,345.9,175.7,148.002,55.1,238.3
572,339.8,165.7,148.168,54.4,240.1
572,334.4,156.8,148.335,53.6,238.2
572,329.7,148.9,148.502,55.7,237.5
572,325.3,142.0,148.669,57.2,240.0
572,321.4,136.0,148.835,52.3,237.9
572,317.9,130.1,149.002,54.6,238.1
572,314.4,125.1,149.169,53.9,231.2
572,312.4,122.4,149.252,53.3,232.6
572,311.2,120.2,149.336,46.7,240.3
572,309.9,117.9,149.419,51.3,241.7
572,305.7,111.9,149.669,55.2,237.9
572,302.2,106.6,149.919,47.0,238.1
572,300.8,104.8,150.003,53.4,234.0
572,298.6,101.8,150.169,54.3,232.1
572,296.6,98.8,150.336,53.7,234.5
572,294.5,96.0,150.503,57.7,239.7
572,293.8,94.8,150.586,46.7,241.5
572,292.7,93.5,150.67,48.8,228.2
572,289.3,88.8,151.003,55.8,234.9
572,287.9,86.8,151.17,48.5,234.6
572,287.2,85.8,151.253,49.5,236.0
572,286.4,84.8,151.337,48.0,229.3
572,284.7,82.8,151.504,56.1,236.2
572,284.2,81.9,151.587,47.5,239.4
572,283.3,80.9,151.67,51.7,228.4
572,282.5,80.0,151.754,53.7,228.8
572,280.8,77.8,152.004,49.3,239.1
572,280.3,77.0,152.087,50.6,235.8
572,279.5,76.3,152.171,46.4,225.0
572,278.3,75.0,152.337,52.0,232.7
572,277.9,74.2,152.421,55.7,246.1
572,276.1,72.0,152.671,57.9,230.6
572,275.1,71.0,152.838,53.5,228.1
572,273.3,68.3,153.171,49.3,224.6
572,268.5,62.4,154.172,57.6,235.6
572,265.7,58.2,155.006,53.7,243.0
573,207.2,63.9,148.085,48.8,118.8
573,206.2,65.6,148.335,47.4,107.3
573,204.2,69.0,148.835,56.2,117.0
573,203.6,70.6,149.085,46.3,97.8
573,202.2,72.8,149.336,49.8,126.8
573,201.5,74.0,149.502,57.9,107.8
573,200.7,77.0,149.836,55.9,98.8
573,200.5,77.9,149.919,54.8,100.5
573,200.1,78.9,150.003,54.4,112.2
573,199.2,82.1,150.336,47.1,109.6
573,198.9,83.1,150.42,50.0,109.3
573,198.4,84.1,150.503,50.0,112.8
573,198.2,85.1,150.586,47.4,104.0
573,198.0,86.0,150.67,45.8,102.7
573,197.6,87.1,150.753,46.6,109.7
573,197.3,88.2,150.836,51.0,106.3
573,197.0,89.5,150.92,53.8,102.2
573,196.5,90.8,151.003,55.3,110.1
573,196.1,92.0,151.087,48.5,105.9
573,195.8,93.4,151.17,50.6,103.1
573,195.7,94.6,151.253,46.1,96.9
573,195.3,95.9,151.337,47.7,107.8
573,194.3,98.8,151.504,53.8,106.6
573,193.5,101.9,151.67,56.3,104.5
573,192.7,103.8,151.754,58.3,111.7
573,192.4,105.6,151.837,51.8,100.5
573,189.2,115.5,152.254,47.8,108.6
573,188.3,118.0,152.337,56.4,108.7
573,186.2,122.8,152.504,56.6,115.0
573,183.3,130.8,152.754,47.8,103.3
573,181.7,134.3,152.838,58.0,114.6
573,180.7,137.4,152.921,49.2,108.7
573,179.3,141.0,153.004,55.3,111.5
573,178.0,144.4,153.088,47.3,110.2
573,174.8,152.4,153.255,46.1,113.1
573,171.1,161.6,153.421,47.1,112.2
573,166.7,172.0,153.588,46.6,113.3
573,164.2,178.3,153.671,57.9,111.2
573,161.9,184.0,153.755,47.9,111.9
573,159.0,191.3,153.838,57.3,111.6
573,156.4,198.0,153.922,48.1,111.8
573,149.8,214.7,154.088,47.3,112.1
573,145.6,225.2,154.172,58.2,111.7
573,141.8,234.8,154.255,48.5,111.3
573,136.9,247.5,154.338,58.1,111.2
573,132.5,259.2,154.422,48.2,110.7
575,204.8,68.0,147.835,53.7,120.4
575,204.5,68.6,147.918,51.0,111.6
575,203.9,69.8,148.085,55.5,114.5
575,203.5,70.4,148.168,46.3,122.1
575,203.5,71.1,148.252,47.1,93.2
575,202.0,73.0,148.502,50.8,121.6
575,201.0,74.9,148.752,50.8,102.4
575,199.5,77.1,149.002,48.4,120.8
575,199.0,78.0,149.085,51.1,120.5
575,198.5,78.9,149.169,50.5,121.0
575,195.9,83.1,149.586,49.1,119.7
575,195.2,84.1,149.669,51.5,123.7
575,194.7,85.1,149.753,48.5,114.4
575,192.3,89.7,150.086,46.1,117.4
575,191.6,90.9,150.169,47.1,120.3
575,189.8,95.0,150.42,47.9,119.1
575,187.4,98.9,150.67,51.3,111.3
575,186.7,100.6,150.753,55.0,111.3
575,185.9,102.2,150.836,48.7,116.7
575,185.1,103.9,150.92,51.1,116.1
575,184.2,105.8,151.003,54.6,115.9
575,179.9,115.8,151.42,50.2,107.4
575,177.9,120.6,151.587,47.5,120.5
575,173.8,128.8,151.837,47.2,113.7
575,172.5,131.6,151.92,48.6,114.6
575,166.9,145.5,152.254,47.9,110.4
575,159.6,163.2,152.587,49.9,112.6
575,157.1,168.7,152.671,56.8,114.0
575,155.0,173.9,152.754,49.4,112.1
575,152.2,180.2,152.838,56.1,113.8
575,149.8,186.3,152.921,50.2,112.0
575,146.6,193.9,153.004,57.3,112.5
575,143.9,200.9,153.088,49.3,111.6
575,136.6,218.5,153.255,49.7,112.3
575,128.2,239.9,153.421,49.9,110.9
575,117.7,266.1,153.588,47.9,112.4
579,330.1,231.9,149.336,56.7,243.8
579,326.2,222.1,149.419,51.7,248.4
579,317.6,202.6,149.586,53.1,246.5
579,310.1,186.6,149.753,52.0,244.4
579,304.2,173.3,149.919,51.8,246.5
579,299.3,162.0,150.086,51.3,247.6
579,294.6,152.4,150.253,49.3,244.4
579,290.9,143.7,150.42,51.1,248.6
579,287.8,136.2,150.586,51.2,250.9
579,285.0,129.4,150.753,51.4,247.5
579,282.7,123.3,150.92,54.0,251.8
579,280.2,118.1,151.087,49.2,245.7
579,278.3,113.3,151.253,51.8,247.2
579,276.5,108.7,151.42,53.5,251.0
579,274.9,104.9,151.587,47.1,239.9
579,272.5,99.4,151.837,46.8,244.9
579,271.2,96.7,152.004,53.7,248.1
579,268.3,89.8,152.421,49.1,242.6
579,267.8,88.7,152.504,47.3,246.4
579,267.4,87.6,152.587,46.6,251.3
579,267.0,86.4,152.671,57.3,249.3
579,264.7,81.3,153.088,45.7,245.5
579,264.4,80.4,153.171,49.4,251.4
579,263.6,78.9,153.338,49.3,245.0
579,263.2,77.9,153.421,57.6,250.8
579,262.9,77.0,153.505,55.9,248.1
579,262.6,76.2,153.588,47.6,250.3
579,262.0,75.4,153.671,50.1,234.7
579,261.2,73.3,153.922,51.1,250.9
579,260.5,71.9,154.088,53.6,240.7
579,259.6,70.0,154.338,55.7,244.9
579,257.4,65.0,155.089,48.3,246.5
579,256.6,63.2,155.422,49.4,251.8
579,255.8,62.3,155.589,54.8,242.4
579,253.9,58.5,156.423,51.5,248.6
585,312.6,187.9,151.837,57.2,246.2
585,309.7,182.1,151.92,47.8,243.3
585,303.9,169.4,152.087,52.9,248.0
585,298.8,158.9,152.254,49.4,242.0
585,294.9,149.2,152.421,51.5,248.2
585,291.1,140.9,152.587,50.1,242.4
585,288.2,133.4,152.754,52.9,250.4
585,285.4,127.1,152.921,48.3,244.9
585,280.5,115.8,153.255,48.4,245.2
585,278.1,111.0,153.421,54.3,246.5
585,276.4,106.8,153.588,52.3,244.2
585,274.6,103.0,153.755,50.2,239.4
585,273.1,99.4,153.922,47.7,246.9
585,271.9,96.4,154.088,46.4,247.9
585,270.4,93.3,154.255,51.8,247.6
585,269.3,90.6,154.422,48.8,249.7
585,268.2,87.9,154.589,50.8,250.3
585,267.7,86.7,154.672,52.5,245.1
585,266.6,84.2,154.839,45.9,242.5
585,263.2,76.9,155.506,49.7,235.2
585,262.2,74.1,155.756,55.4,248.2
585,261.0,72.0,156.006,56.6,240.3
585,259.2,68.1,156.506,47.0,245.1
585,257.4,64.7,157.007,48.1,235.6
585,254.9,60.2,157.757,49.2,236.3
585,253.9,58.0,158.257,53.0,254.9
587,212.4,66.8,152.754,49.2,112.6
587,212.1,67.4,152.838,47.6,121.9
587,211.8,67.9,152.921,46.4,115.3
587,210.5,70.9,153.338,50.5,113.4
587,208.9,74.5,153.755,45.7,114.0
587,208.2,75.9,153.922,46.7,115.8
587,207.5,77.8,154.088,58.2,109.7
587,207.2,78.8,154.172,55.8,109.8
587,206.4,80.2,154.338,52.0,120.9
587,206.0,81.2,154.422,52.0,112.7
587,205.1,83.0,154.589,47.9,108.1
587,204.6,84.0,154.672,52.0,116.5
587,202.1,89.9,155.089,49.2,117.0
587,199.9,94.9,155.422,47.2,112.5
587,198.6,98.0,155.589,45.8,118.9
587,198.0,99.7,155.673,58.2,108.7
587,196.3,102.7,155.839,52.7,118.6
587,194.9,106.0,156.006,52.1,116.2
587,194.0,107.8,156.089,47.5,115.2
587,193.0,109.8,156.173,54.4,116.4
587,192.4,111.7,156.256,48.3,109.1
587,190.4,116.5,156.423,49.2,111.5
587,186.4,126.5,156.757,46.1,108.0
587,183.9,132.5,156.923,46.2,110.5
587,181.1,139.3,157.09,49.6,111.4
587,179.4,143.1,157.173,55.1,114.1
587,178.1,146.5,157.257,47.5,110.8
587,176.5,151.0,157.34,58.1,109.5
587,175.0,155.1,157.424,50.5,110.0
587,170.9,164.7,157.59,47.1,112.2
587,168.5,170.5,157.674,58.4,112.4
587,166.6,175.7,157.757,48.6,110.5
587,164.0,182.3,157.84,56.9,111.7
587,161.7,188.4,157.924,49.3,110.3
587,156.0,203.3,158.091,47.3,110.1
587,149.3,221.2,158.257,48.0,110.5
587,144.8,232.3,158.341,57.7,112.1
587,140.8,242.6,158.424,48.3,111.0
589,203.1,85.6,152.754,57.9,117.7
589,200.9,90.8,153.088,45.9,111.5
589,201.7,92.0,153.171,49.1,54.3
589,197.2,100.7,153.671,58.4,114.2
589,195.4,103.7,153.838,54.1,118.2
589,194.9,105.5,153.922,51.6,105.8
589,194.1,107.6,154.005,57.5,110.5
589,191.6,113.6,154.255,50.9,114.7
589,190.8,115.7,154.338,50.3,108.7
589,189.8,117.8,154.422,47.2,116.3
589,188.7,120.4,154.505,57.0,111.9
589,187.7,122.8,154.589,48.6,114.3
589,186.2,125.2,154.672,47.1,120.9
589,183.9,131.6,154.839,47.4,110.6
589,182.6,134.6,154.922,49.1,113.5
589,181.2,138.0,155.006,53.8,112.8
589,178.3,144.9,155.172,57.8,112.5
589,174.9,152.8,155.339,57.4,114.6
589,171.3,161.7,155.506,56.9,112.3
589,169.6,166.1,155.589,46.6,110.8
589,167.1,172.0,155.673,57.7,112.7
589,164.8,177.1,155.756,46.4,114.6
589,162.6,183.8,155.839,57.1,108.0
589,160.2,189.6,155.923,46.4,112.6
589,157.0,197.5,156.006,57.6,112.3
589,154.3,204.4,156.089,46.4,111.4
589,150.7,213.6,156.173,57.2,110.9
589,147.5,222.0,156.256,47.2,111.0
589,142.9,232.8,156.34,56.1,113.0
589,139.0,242.5,156.423,45.7,112.3
589,133.8,255.9,156.506,57.0,110.9
590,402.3,250.1,152.838,50.7,234.8
590,394.7,238.7,152.921,51.5,236.1
590,380.2,217.6,153.088,50.0,236.8
590,373.7,208.4,153.171,56.0,234.5
590,368.7,201.0,153.255,49.1,236.0
590,358.8,186.9,153.421,46.2,231.0
590,354.3,180.0,153.505,57.7,236.6
590,351.0,174.7,153.588,48.9,238.3
590,346.7,168.9,153.671,55.7,233.5
590,331.7,147.2,154.088,46.8,234.5
590,328.5,143.2,154.172,55.4,231.5
590,326.3,140.0,154.255,48.6,235.3
590,315.1,125.0,154.672,56.6,227.3
590,313.2,122.1,154.755,58.2,237.1
590,310.3,117.7,154.922,51.9,242.5
590,308.7,115.5,155.006,50.9,234.0
590,307.4,113.6,155.089,46.2,235.2
590,304.2,109.5,155.256,47.6,235.3
590,302.8,107.4,155.339,56.9,236.0
590,301.5,105.6,155.422,50.8,234.2
590,300.1,103.7,155.506,55.7,234.2
590,297.8,100.6,155.673,54.3,230.5
590,295.5,97.8,155.839,53.5,230.8
590,292.6,93.5,156.089,48.6,236.2
590,291.7,92.3,156.173,48.6,232.8
590,290.8,91.1,156.256,46.2,234.2
590,289.8,89.8,156.34,55.0,231.9
590,288.9,88.7,156.423,48.0,230.2
590,286.5,85.4,156.673,47.6,238.1
590,283.6,81.7,157.007,47.3,225.7
590,283.1,80.8,157.09,46.9,236.7
590,282.4,79.9,157.173,49.3,234.0
590,281.9,78.9,157.257,58.1,240.8
590,281.0,77.9,157.34,57.1,229.6
590,279.8,76.7,157.507,52.1,236.7
590,279.3,75.9,157.59,54.4,238.5
590,278.8,75.0,157.674,55.7,237.4
590,277.8,73.8,157.84,56.4,239.4
590,276.6,72.2,158.007,56.6,234.5
590,275.5,71.1,158.174,52.5,236.8
590,274.6,70.0,158.341,53.7,241.6
590,273.3,68.2,158.591,49.1,246.3
590,272.0,66.5,158.841,49.5,232.3
590,267.7,61.4,159.842,55.5,227.3
590,266.8,60.2,160.092,47.5,239.9
590,266.4,59.8,160.175,46.0,222.8
590,266.2,59.4,160.259,47.3,247.1
590,264.5,57.3,160.759,48.4,238.2
590,263.2,55.2,161.259,50.5,246.4
590,261.9,53.1,161.843,50.9,241.3
591,214.3,61.4,153.255,49.7,119.5
591,214.1,61.9,153.338,57.8,112.9
591,212.4,65.6,153.922,54.4,112.5
591,212.1,66.1,154.005,47.4,120.2
591,211.1,68.3,154.338,57.2,112.6
591,210.7,69.0,154.422,56.6,119.8
591,210.4,69.7,154.505,57.4,111.4
591,208.9,73.0,154.922,55.3,110.9
591,208.6,73.8,155.006,57.2,109.3
591,207.9,75.2,155.172,54.9,111.1
591,207.4,75.9,155.256,49.5,120.8
591,206.7,77.9,155.422,58.2,103.4
591,205.6,80.1,155.673,53.7,109.7
591,205.5,81.0,155.756,47.4,100.6
591,204.9,81.9,155.839,47.4,121.3
591,204.2,82.8,155.923,46.0,127.5
591,203.8,83.9,156.006,54.9,112.9
591,203.3,84.9,156.089,48.9,114.3
591,201.0,89.9,156.423,48.2,116.2
591,200.5,91.0,156.506,47.9,113.9
591,199.4,93.9,156.673,48.4,109.9
591,198.1,96.6,156.84,57.0,115.8
591,195.5,102.7,157.173,52.7,115.1
591,190.3,114.1,157.674,52.2,117.1
591,189.7,116.3,157.757,51.4,106.3
591,186.3,123.6,158.007,53.8,113.8
591,185.2,126.5,158.091,54.8,111.5
591,183.8,129.4,158.174,53.9,115.7
591,180.1,138.6,158.424,47.0,105.8
591,178.4,142.3,158.508,53.9,114.4
591,176.9,145.7,158.591,48.0,114.3
591,175.1,150.1,158.674,58.1,112.1
591,173.7,154.0,158.758,48.6,110.0
591,171.6,158.8,158.841,55.8,113.4
591,169.8,163.1,158.924,47.0,112.2
591,167.3,168.7,159.008,57.0,114.6
591,163.0,179.7,159.175,55.6,111.2
591,157.7,193.7,159.341,49.7,109.9
591,151.9,208.2,159.508,54.7,111.7
591,148.9,215.9,159.591,45.9,111.5
591,144.9,226.2,159.675,56.7,110.8
591,141.3,235.5,159.758,46.7,111.5
591,136.6,248.2,159.842,57.5,110.3
591,132.4,259.4,159.925,45.7,110.4
595,400.4,251.6,155.172,48.6,236.1
595,392.9,240.4,155.256,50.2,236.4
595,379.5,219.9,155.422,46.9,238.7
595,373.1,210.2,155.506,57.6,236.1
595,368.3,203.2,155.589,45.7,235.8
595,362.8,195.1,155.673,57.0,236.0
595,353.9,182.3,155.839,55.6,233.5
595,350.2,177.0,155.923,47.1,235.7
595,346.3,170.9,156.006,56.9,237.3
595,339.4,161.3,156.173,57.6,234.7
595,336.8,157.1,156.256,48.1,238.7
595,333.8,152.6,156.34,54.2,235.2
595,331.2,149.0,156.423,47.0,235.1
595,328.5,144.8,156.506,57.1,236.5
595,319.7,131.9,156.84,54.2,235.7
595,317.9,129.2,156.923,48.2,235.5
595,315.9,126.5,157.007,50.5,233.1
595,312.2,121.7,157.173,56.0,237.1
595,311.1,119.3,157.257,51.6,245.0
595,309.3,116.8,157.34,56.3,233.7
595,308.0,114.5,157.424,53.1,240.8
595,306.4,112.6,157.507,46.8,229.5
595,304.8,110.7,157.59,50.8,230.4
595,303.3,108.7,157.674,50.7,232.0
595,302.4,106.8,157.757,53.3,244.1
595,298.6,101.8,158.007,54.5,233.4
595,297.4,100.3,158.091,47.3,232.2
595,296.1,98.7,158.174,54.0,231.1
595,290.4,90.7,158.674,48.0,232.3
595,286.5,84.9,159.091,56.5,231.9
595,285.8,83.9,159.175,51.1,234.5
595,284.4,82.0,159.341,57.1,252.0
595,282.8,80.2,159.508,52.4,229.6
595,281.7,78.8,159.675,54.3,239.8
595,281.2,77.9,159.758,51.5,241.4
595,279.3,75.9,160.008,55.4,231.3
595,278.8,75.1,160.092,53.9,241.3
595,278.4,74.3,160.175,56.2,242.4
595,277.3,73.0,160.342,57.9,232.8
595,273.5,68.1,161.009,48.5,236.0
595,273.1,67.5,161.092,49.2,232.2
597,163.9,197.0,156.256,52.2,112.9
597,161.1,205.5,156.34,57.2,108.2
597,158.0,213.2,156.423,47.6,111.9
597,130.8,264.1,157.007,55.0,111.6
601,403.2,254.9,156.006,45.7,237.0
601,395.6,243.6,156.089,49.2,236.3
601,382.7,222.7,156.256,46.0,238.3
601,376.3,212.7,156.34,58.2,237.2
601,371.3,205.3,156.423,46.8,236.0
601,365.7,197.1,156.506,56.8,235.7
601,350.3,173.0,156.84,55.3,239.6
601,343.8,163.4,157.007,53.3,237.1
601,341.1,159.2,157.09,46.9,236.9
601,337.8,154.6,157.173,53.7,234.1
601,332.4,146.8,157.34,57.5,238.7
601,327.6,139.8,157.507,56.0,234.0
601,323.1,133.7,157.674,56.5,234.7
601,319.2,128.0,157.84,57.6,237.0
601,317.7,125.5,157.924,48.1,237.9
601,315.7,122.6,158.007,57.5,235.7
601,302.2,104.6,158.758,46.4,232.9
601,300.9,102.8,158.841,55.6,233.1
601,298.6,99.8,159.008,56.3,231.4
601,294.2,93.8,159.341,49.1,234.0
601,291.5,90.6,159.591,46.0,237.8
601,289.7,87.8,159.758,55.3,240.9
601,288.0,85.9,159.925,46.6,231.5
601,287.0,84.9,160.008,48.7,226.4
601,286.3,83.9,160.092,47.4,233.7
601,285.5,82.9,160.175,48.7,229.4
601,284.9,82.0,160.259,52.4,241.4
601,284.1,81.0,160.342,53.0,228.5
601,283.3,80.0,160.425,52.5,231.7
601,282.5,79.0,160.509,58.2,231.9
601,280.6,77.0,160.759,47.9,232.0
601,278.1,73.9,161.092,51.8,229.5
601,277.7,73.0,161.176,58.3,247.5
601,276.1,71.0,161.426,49.4,231.0
601,274.6,69.0,161.676,48.7,233.0
601,273.5,68.2,161.843,48.4,224.6
601,272.2,66.6,162.093,50.7,239.2
607,399.4,247.6,158.007,49.5,234.3
607,392.4,237.2,158.091,48.3,236.1
607,384.4,225.7,158.174,58.2,235.2
607,379.0,217.0,158.257,49.0,238.3
607,372.7,208.1,158.341,54.6,234.6
607,368.1,201.1,158.424,46.2,236.3
607,363.4,193.3,158.508,56.4,239.0
607,354.6,180.9,158.674,55.1,236.9
607,347.4,170.4,158.841,52.9,236.5
607,344.3,165.8,158.924,46.0,235.6
607,340.6,160.6,159.008,56.7,234.2
607,338.1,156.7,159.091,45.9,238.2
607,335.1,152.4,159.175,52.6,235.2
607,332.1,148.0,159.258,57.4,235.3
607,329.8,144.6,159.341,47.1,235.6
607,325.4,138.2,159.508,53.5,238.6
607,320.9,132.4,159.675,53.4,234.0
607,317.2,126.8,159.842,56.6,237.1
607,313.7,121.8,160.008,55.9,236.4
607,310.2,117.4,160.175,57.0,236.6
607,307.4,113.5,160.342,48.9,230.8
607,306.2,111.6,160.425,46.9,235.9
607,304.6,109.7,160.509,51.4,231.5
607,301.9,106.0,160.675,56.8,234.3
607,299.6,102.8,160.842,55.0,238.2
607,297.4,99.8,161.009,56.1,235.6
607,295.5,96.9,161.176,57.3,236.9
607,292.8,93.2,161.426,53.1,237.9
607,291.8,92.0,161.509,48.4,231.4
607,290.8,90.7,161.593,53.2,232.4
607,288.6,87.7,161.843,48.9,235.0
607,287.0,85.8,162.01,49.7,230.3
607,286.3,84.7,162.093,51.6,235.6
607,284.3,81.9,162.343,58.2,231.6
607,283.5,80.9,162.426,53.1,228.8
607,282.8,80.0,162.51,50.1,234.6
607,282.0,78.4,162.677,54.3,237.8
607,280.7,77.0,162.843,52.7,231.3
607,279.2,74.9,163.093,46.6,233.7
607,278.1,73.7,163.26,46.5,230.7
607,277.6,73.0,163.344,50.0,234.2
607,276.4,71.0,163.594,49.0,239.2
607,274.2,68.2,164.011,47.4,253.4
607,273.9,67.6,164.094,46.9,238.2
607,272.4,65.4,164.428,55.0,236.9
607,271.8,64.9,164.511,47.1,220.0
607,271.5,64.3,164.594,53.1,240.5
607,270.5,62.9,164.844,47.4,233.5
610,362.7,226.6,160.592,52.8,237.6
610,350.5,206.1,160.759,54.6,238.9
610,340.3,189.6,160.926,54.1,238.2
610,331.8,175.5,161.092,53.0,238.5
610,324.9,164.0,161.259,50.2,238.0
610,318.3,154.0,161.426,48.7,234.6
610,310.1,140.4,161.676,54.7,238.6
610,308.3,137.4,161.759,45.9,238.8
610,304.2,130.8,161.926,48.5,237.7
610,300.8,124.9,162.093,49.0,242.4
610,296.0,116.4,162.343,51.7,235.8
610,294.6,114.0,162.426,56.1,238.8
610,291.8,109.6,162.593,52.3,237.9
610,289.4,105.5,162.76,53.9,239.2
610,287.2,101.7,162.927,55.7,241.7
610,286.1,99.9,163.01,58.3,239.6
610,285.2,98.5,163.093,46.8,235.8
610,281.6,92.5,163.427,49.2,237.4
610,279.7,89.6,163.594,48.9,231.3
610,278.1,86.8,163.761,51.0,234.4
610,277.3,85.7,163.844,49.4,231.9
610,276.8,84.7,163.927,49.8,243.8
610,276.2,83.7,164.011,51.0,240.7
610,271.4,75.9,164.678,54.1,235.4
610,270.9,75.0,164.761,56.7,239.1
611,363.3,187.8,159.591,50.4,235.6
611,354.0,175.4,159.758,46.7,233.7
611,349.7,169.4,159.842,58.2,234.3
611,342.9,159.8,160.008,57.3,236.7
611,336.6,151.4,160.175,56.2,230.7
611,334.1,147.8,160.259,48.0,234.7
611,330.9,143.7,160.342,57.3,232.4
611,328.4,140.5,160.425,46.7,231.6
611,326.0,136.8,160.509,57.9,237.2
611,317.6,125.5,160.842,53.2,233.2
611,315.9,123.2,160.926,46.0,233.7
611,313.7,120.4,161.009,56.7,230.6
611,312.3,118.3,161.092,46.8,236.8
611,310.5,115.8,161.176,57.1,233.3
611,309.0,113.9,161.259,47.3,233.9
611,307.4,111.8,161.342,51.3,231.2
611,299.5,101.7,161.843,48.7,232.8
611,298.5,100.2,161.926,48.1,234.9
611,297.2,98.8,162.01,47.6,228.6
611,296.3,97.3,162.093,52.3,237.2
611,295.1,95.8,162.176,52.5,231.9
611,291.5,90.9,162.51,51.0,232.0
611,290.9,89.8,162.593,46.6,241.9
611,290.0,88.7,162.677,49.1,230.5
611,288.3,86.6,162.843,53.2,234.7
611,287.4,85.4,162.927,57.6,235.3
611,285.2,82.8,163.177,48.6,233.8
611,284.5,81.8,163.26,52.1,234.2
611,283.2,80.1,163.427,45.8,233.4
611,282.6,79.2,163.51,55.9,237.7
611,280.9,77.0,163.761,48.4,232.9
611,277.4,72.2,164.344,53.3,245.6
611,276.8,71.5,164.428,50.6,228.1
611,274.1,68.0,164.928,56.6,248.0
612,209.2,74.9,159.508,51.1,118.1
612,207.9,78.1,159.842,48.8,116.6
612,207.4,79.0,159.925,54.5,114.0
612,206.9,80.0,160.008,53.1,117.4
612,206.7,80.9,160.092,49.5,104.7
612,206.2,81.8,160.175,46.2,120.0
612,205.7,83.3,160.342,46.2,111.3
612,204.8,85.1,160.509,48.5,121.8
612,204.3,86.2,160.592,49.7,115.8
612,203.8,87.4,160.675,54.5,114.4
612,201.6,92.1,161.009,50.4,121.4
612,200.6,94.6,161.176,57.7,113.2
612,199.6,97.4,161.342,54.0,111.5
612,199.0,98.8,161.426,49.2,109.9
612,198.3,100.4,161.509,51.7,113.7
612,197.6,101.9,161.593,47.9,116.7
612,197.0,103.6,161.676,51.3,109.0
612,195.6,106.8,161.843,48.7,114.8
612,192.4,114.4,162.176,57.4,111.6
612,190.6,118.6,162.343,53.8,115.3
612,188.7,123.5,162.51,55.3,110.1
612,185.7,130.9,162.76,47.7,111.7
612,184.4,134.2,162.843,55.8,110.9
612,181.8,140.5,163.01,52.2,113.0
612,179.2,147.3,163.177,52.1,110.0
612,176.1,155.1,163.344,54.1,111.9
612,174.5,159.1,163.427,46.1,111.9
612,172.6,164.0,163.51,53.2,111.9
612,170.8,168.5,163.594,45.8,111.4
612,168.8,174.1,163.677,52.7,109.6
612,166.3,180.3,163.761,55.6,112.1
612,164.2,185.9,163.844,46.3,110.5
612,159.3,198.8,164.011,53.4,110.4
612,153.5,214.0,164.177,52.6,110.9
612,146.7,232.3,164.344,53.8,110.1
612,138.5,254.4,164.511,53.9,110.1
613,203.1,69.5,159.675,52.7,110.5
613,201.9,71.7,159.925,52.5,122.5
613,201.1,72.9,160.092,48.2,122.6
613,199.9,75.1,160.342,48.2,125.4
613,199.4,75.9,160.425,49.3,120.5
613,198.7,77.8,160.592,56.4,106.1
613,198.0,78.8,160.675,56.5,125.1
613,195.9,82.2,161.009,52.8,125.5
613,193.0,88.0,161.426,50.4,118.7
613,192.3,89.1,161.509,46.8,123.1
613,190.7,91.9,161.676,49.8,120.5
613,189.8,93.1,161.759,47.7,126.1
613,188.9,94.5,161.843,53.9,121.6
613,188.4,95.8,161.926,46.3,113.2
613,187.3,97.1,162.01,46.7,127.7
613,186.5,98.8,162.093,54.5,117.5
613,185.5,100.5,162.176,57.7,119.8
613,183.5,103.8,162.343,53.5,120.7
613,182.5,105.4,162.426,48.1,120.1
613,181.4,107.5,162.51,58.0,117.3
613,178.0,113.4,162.76,48.2,118.9
613,176.7,115.7,162.843,54.2,120.1
613,175.5,117.8,162.927,46.2,120.2
613,173.8,120.4,163.01,57.4,121.7
613,172.4,122.7,163.093,46.6,121.4
613,169.0,128.6,163.26,46.9,122.4
613,163.5,138.2,163.51,55.0,121.4
613,161.7,141.5,163.594,48.3,119.8
613,154.4,154.8,163.844,51.4,118.0
613,149.1,163.7,164.011,56.2,120.5
613,146.5,168.3,164.094,46.5,120.2
613,143.1,174.4,164.177,58.1,118.8
613,140.0,179.8,164.261,47.9,119.9
613,132.6,193.5,164.428,49.7,117.9
613,128.0,201.7,164.511,57.1,119.3
613,123.9,209.3,164.594,48.5,118.3
613,118.5,219.1,164.678,57.8,118.9
613,113.6,228.2,164.761,48.7,118.2
613,107.0,240.1,164.844,57.3,119.1
613,101.2,251.1,164.928,48.1,117.9
613,93.4,265.1,165.011,55.3,119.1
614,214.8,63.9,160.425,46.1,110.8
614,212.0,69.4,161.259,47.6,115.5
614,211.5,71.0,161.426,58.4,101.9
614,211.1,71.8,161.509,56.9,118.9
614,210.5,73.0,161.676,53.6,103.5
614,209.5,75.1,161.926,51.7,124.4
614,209.1,75.8,162.01,50.2,117.9
614,208.5,77.4,162.176,53.9,108.7
614,207.5,79.0,162.343,53.4,123.5
614,207.2,80.0,162.426,54.6,108.1
614,206.9,80.9,162.51,51.9,106.1
614,206.7,81.9,162.593,50.2,102.4
614,206.2,82.9,162.677,50.6,113.9
614,205.8,83.8,162.76,47.3,114.5
614,205.3,84.9,162.843,50.7,116.3
614,204.2,86.9,163.01,56.1,119.3
614,204.0,88.0,163.093,45.9,99.7
614,203.7,89.1,163.177,49.1,108.2
614,202.1,93.0,163.427,49.0,111.7
614,201.3,94.2,163.51,46.3,121.4
614,200.7,95.5,163.594,49.4,114.8
614,200.2,96.9,163.677,47.3,111.6
614,197.9,102.9,164.011,51.2,106.4
614,197.2,104.8,164.094,53.7,111.4
614,196.5,106.7,164.177,55.0,110.5
614,192.9,114.5,164.511,56.6,112.4
614,192.2,116.6,164.594,49.4,107.6
614,191.1,119.3,164.678,58.4,112.8
614,190.1,121.5,164.761,46.2,114.2
614,189.2,123.9,164.844,48.2,111.1
614,187.4,129.4,165.011,51.4,107.7
614,184.4,135.3,165.178,57.1,113.7
614,183.3,138.4,165.261,48.1,109.5
614,181.9,142.1,165.345,55.8,110.4
614,180.6,145.5,165.428,47.5,111.4
614,179.0,149.3,165.512,51.3,112.6
614,177.6,153.1,165.595,47.1,110.7
614,175.5,157.8,165.678,55.4,113.6
614,173.9,162.1,165.762,47.5,111.1
614,171.8,167.4,165.845,55.1,110.9
614,169.9,172.1,165.928,45.9,112.5
614,167.4,178.3,166.012,56.6,111.8
614,162.8,190.6,166.179,55.2,109.9
614,160.3,196.9,166.262,45.7,111.1
614,157.0,205.0,166.345,54.9,112.2
614,154.4,212.4,166.429,45.8,109.9
614,150.8,222.1,166.512,55.4,110.2
614,142.7,243.7,166.679,47.3,110.1
614,134.0,265.9,166.846,48.5,112.5
615,375.6,253.7,161.509,50.1,234.5
615,360.1,228.0,161.676,54.6,239.9
615,354.9,219.1,161.759,48.5,239.4
615,344.2,201.1,161.926,51.9,239.5
615,335.1,185.9,162.093,49.4,238.1
615,327.3,173.1,162.26,49.7,238.6
615,321.3,162.2,162.426,49.7,239.4
615,314.8,152.8,162.593,47.1,234.9
615,310.3,144.1,162.76,53.5,243.2
615,306.3,137.1,162.927,48.3,239.4
615,302.3,130.4,163.093,50.4,240.2
615,298.2,124.4,163.26,53.5,231.2
615,294.8,118.8,163.427,55.0,243.5
615,293.6,116.4,163.51,55.0,244.8
615,292.6,114.3,163.594,49.4,243.8
615,289.1,107.4,163.844,52.8,241.4
615,288.1,105.6,163.927,51.5,241.2
615,287.0,103.7,164.011,57.0,240.5
615,284.8,100.6,164.177,54.5,237.3
615,283.9,98.9,164.261,58.0,243.2
615,282.2,95.6,164.428,54.9,244.5
615,281.1,92.6,164.594,49.7,262.7
615,279.7,91.3,164.678,48.9,221.7
615,278.8,90.1,164.761,50.9,234.1
615,277.4,87.6,164.928,50.3,252.5
615,276.9,86.4,165.011,52.1,245.3
615,274.4,83.2,165.261,45.9,236.4
615,273.1,80.9,165.428,53.5,227.3
615,273.1,79.9,165.512,56.4,268.3
615,272.2,79.0,165.595,50.1,224.8
615,270.6,74.9,166.012,58.0,253.6
617,403.2,235.6,162.093,46.0,231.7
617,387.5,215.1,162.26,47.9,232.8
617,380.2,206.0,162.343,56.8,231.2
617,375.4,199.3,162.426,45.8,234.8
617,369.3,191.8,162.51,55.1,230.9
617,359.2,179.6,162.677,54.8,230.8
617,350.8,169.4,162.843,52.8,231.2
617,347.5,165.0,162.927,45.7,233.2
617,343.7,159.7,163.01,57.7,234.1
617,337.3,151.5,163.177,55.2,233.8
617,334.7,148.0,163.26,46.1,233.3
617,331.8,144.2,163.344,53.4,232.4
617,326.7,137.5,163.51,57.1,232.4
617,324.7,134.5,163.594,48.4,235.8
617,322.2,131.4,163.677,54.2,231.6
617,319.4,128.2,163.761,58.3,229.1
617,317.5,125.7,163.844,47.2,233.2
617,314.0,121.1,164.011,52.5,225.4
617,310.7,116.7,164.177,54.8,231.0
617,309.1,114.7,164.261,49.1,233.5
617,307.3,112.5,164.344,52.4,229.6
617,305.9,110.6,164.428,48.8,233.2
617,303.0,106.6,164.594,46.8,233.1
617,301.6,104.8,164.678,53.0,231.7
617,299.1,101.7,164.844,54.9,230.0
617,298.2,100.0,164.928,54.2,241.0
617,297.0,98.6,165.011,49.3,232.0
617,295.9,97.2,165.095,49.5,231.7
617,294.7,95.8,165.178,47.4,228.4
617,292.8,93.1,165.345,58.3,233.8
617,291.9,91.9,165.428,45.9,230.7
617,291.0,90.6,165.512,53.6,237.4
617,287.9,85.9,165.845,55.8,244.2
617,286.3,83.9,166.012,50.2,227.4
617,284.1,81.1,166.262,48.7,231.9
617,282.1,78.5,166.512,47.2,231.2
617,281.2,77.7,166.595,47.9,219.1
617,280.7,76.9,166.679,47.9,239.8
617,277.8,73.5,167.096,48.6,230.7
617,276.1,71.4,167.346,57.8,231.4
617,275.4,70.1,167.513,50.0,238.1
617,274.5,69.2,167.679,45.8,234.1
617,272.4,66.5,168.18,58.4,257.7
617,271.6,65.4,168.346,53.6,234.8
617,270.8,64.5,168.513,53.8,245.5
617,268.9,61.5,169.097,53.5,238.3
617,267.2,60.2,169.514,53.8,241.5
617,266.9,59.7,169.597,48.4,228.7
617,266.8,59.3,169.681,50.6,255.3
617,261.9,53.0,171.432,45.8,232.9
618,213.8,63.5,162.51,46.5,107.7
618,213.2,65.3,162.76,47.5,118.3
618,212.4,67.1,163.01,57.2,110.2
618,211.3,69.5,163.344,49.7,110.0
618,210.1,72.1,163.677,47.7,107.9
618,209.3,74.0,163.927,51.6,103.3
618,209.0,74.8,164.011,55.5,110.0
618,207.6,77.9,164.344,56.7,111.4
618,205.9,81.0,164.678,50.3,123.0
618,205.2,82.9,164.844,53.6,119.9
618,204.9,83.9,164.928,52.6,107.6
618,204.2,85.0,165.011,51.1,123.7
618,203.9,86.0,165.095,47.8,108.1
618,203.3,87.1,165.178,49.1,116.6
618,202.0,90.8,165.428,48.4,110.0
618,201.5,92.1,165.512,49.9,111.6
618,200.0,94.5,165.678,52.9,121.5
618,199.5,95.9,165.762,50.7,112.3
618,198.4,98.8,165.928,58.0,104.8
618,197.8,100.3,166.012,47.8,113.8
618,197.0,101.8,166.095,48.9,115.9
618,196.2,103.6,166.179,54.4,114.3
618,194.2,108.4,166.429,47.1,108.0
618,192.2,112.8,166.595,52.9,115.3
618,191.3,114.7,166.679,46.2,115.2
618,190.5,116.7,166.762,45.7,113.6
618,189.1,119.3,166.846,57.1,117.1
618,187.3,123.8,167.012,46.6,114.5
618,186.3,126.4,167.096,50.8,110.4
618,184.7,129.4,167.179,54.4,118.4
618,182.2,135.2,167.346,57.3,117.0
618,179.3,141.5,167.513,55.0,113.2
618,176.7,148.8,167.679,55.2,110.9
618,173.4,156.9,167.846,54.4,111.8
618,171.7,161.1,167.93,47.1,111.5
618,169.6,166.2,168.013,53.7,113.1
618,165.2,176.4,168.18,54.2,112.3
618,163.2,181.7,168.263,45.9,110.7
618,160.7,188.4,168.346,53.5,110.7
618,154.9,202.4,168.513,54.9,111.6
618,148.6,218.4,168.68,53.0,111.4
618,141.2,237.5,168.847,53.3,111.5
618,132.3,260.6,169.014,53.7,111.1
620,208.0,73.9,163.177,53.8,130.4
620,207.0,75.9,163.344,57.3,119.4
620,206.2,77.2,163.51,48.7,110.1
620,205.9,78.0,163.594,49.0,111.3
620,205.4,78.9,163.677,54.1,119.6
620,204.7,79.9,163.761,54.9,122.4
620,204.4,80.9,163.844,55.4,109.4
620,203.0,84.3,164.177,49.8,113.0
620,201.6,87.7,164.428,48.3,116.1
620,201.1,88.9,164.511,52.2,114.1
620,200.0,91.1,164.678,48.7,116.2
620,199.5,92.6,164.761,57.9,107.5
620,199.0,93.9,164.844,50.5,112.0
620,197.1,97.9,165.095,45.7,112.3
620,196.4,99.7,165.178,57.4,111.7
620,195.2,102.7,165.345,54.3,112.5
620,194.6,104.5,165.428,52.4,108.9
620,193.6,106.5,165.512,57.8,115.3
620,191.7,110.1,165.678,54.8,116.1
620,191.0,111.9,165.762,45.9,111.9
620,189.2,116.6,165.928,50.2,112.3
620,188.1,118.9,166.012,50.3,115.6
620,185.9,123.5,166.179,53.0,114.8
620,184.8,126.3,166.262,53.8,110.8
620,183.3,129.3,166.345,55.3,116.4
620,182.3,132.0,166.429,46.1,110.0
620,180.7,135.3,166.512,55.5,115.5
620,177.5,142.7,166.679,49.5,114.7
620,174.1,150.0,166.846,55.7,114.8
620,172.4,153.7,166.929,46.0,114.2
620,170.3,158.7,167.012,58.2,113.4
620,168.4,163.1,167.096,48.2,112.7
620,166.1,168.6,167.179,55.9,113.4
620,161.2,179.7,167.346,57.7,113.3
620,158.9,185.4,167.429,47.4,112.1
620,155.8,192.8,167.513,57.0,112.7
620,153.1,199.4,167.596,46.7,112.1
620,149.5,208.0,167.679,56.1,112.7
620,146.5,215.7,167.763,46.8,111.6
620,142.3,226.0,167.846,56.3,112.2
620,138.4,235.3,167.93,47.0,112.2
620,133.5,247.7,168.013,56.3,111.8
620,129.0,259.2,168.096,47.0,111.4
622,216.0,59.0,163.093,54.0,106.5
622,215.4,60.2,163.344,45.9,116.8
622,214.6,61.9,163.677,47.9,113.7
622,212.8,65.8,164.261,52.9,101.3
622,211.4,67.0,164.594,46.5,227.2
622,210.9,69.9,164.844,51.6,117.0
622,210.6,70.6,164.928,53.0,112.2
622,210.0,72.0,165.095,50.0,113.6
622,209.1,73.6,165.261,53.3,111.6
622,208.6,75.0,165.428,47.3,109.0
622,208.1,75.8,165.512,54.0,119.0
622,204.7,84.2,166.262,47.8,108.7
622,203.4,87.9,166.512,55.0,118.0
622,202.4,89.0,166.595,49.7,130.1
622,199.8,96.9,167.096,46.0,103.1
622,197.6,101.7,167.346,56.1,119.7
622,196.1,104.8,167.513,50.5,119.8
622,194.1,110.0,167.763,49.9,112.6
622,191.6,116.5,168.013,54.1,116.8
622,189.0,123.2,168.263,49.0,108.4
622,186.8,129.0,168.43,54.7,111.6
622,185.8,132.3,168.513,56.8,105.6
622,184.9,135.2,168.597,48.5,107.7
622,183.9,138.7,168.68,55.6,106.4
622,180.3,145.7,168.847,55.4,115.9
622,177.8,153.6,169.014,56.1,107.4
622,173.0,162.4,169.18,56.4,116.1
622,171.2,166.8,169.264,45.7,112.1
622,169.5,172.3,169.347,53.6,107.6
622,167.7,177.5,169.43,47.9,108.3
622,165.0,183.9,169.514,54.5,112.8
622,153.7,212.2,169.847,54.8,112.1
622,147.2,229.8,170.014,53.1,111.1
622,138.9,251.4,170.181,54.1,111.2
623,317.1,198.0,166.012,54.5,247.2
623,314.1,191.1,166.095,50.9,246.5
623,307.6,176.7,166.262,54.8,246.2
623,301.7,164.7,166.429,52.7,244.1
623,294.3,148.8,166.679,52.7,246.0
623,292.9,144.9,166.762,53.8,250.1
623,289.2,137.6,166.929,49.2,243.5
623,286.1,130.3,167.096,50.5,244.6
623,283.4,123.9,167.263,54.6,245.3
623,280.9,118.5,167.429,48.1,249.1
623,278.6,113.6,167.596,54.5,244.4
623,276.9,109.0,167.763,52.1,249.8
623,275.2,104.9,167.93,55.8,248.2
623,271.8,97.8,168.263,51.7,241.4
623,269.2,91.7,168.597,49.7,249.1
623,268.0,88.9,168.763,49.3,247.7
623,267.4,87.7,168.847,52.0,242.6
623,266.2,85.6,169.014,57.5,246.8
623,265.8,84.6,169.097,49.6,246.0
623,264.9,82.0,169.264,57.5,254.5
623,264.2,80.9,169.347,55.1,238.9
623,263.8,79.9,169.43,56.6,248.5
623,263.3,78.9,169.514,56.1,241.9
623,262.8,78.0,169.597,56.5,244.1
623,262.5,77.1,169.681,50.4,245.8
623,261.3,74.9,169.931,49.8,238.2
623,260.0,71.8,170.264,51.8,245.1
623,257.5,66.1,170.931,53.7,244.6
623,256.8,64.6,171.181,52.7,246.5
623,256.0,62.5,171.515,50.4,246.4
623,255.0,60.5,171.849,52.8,238.8
627,213.3,66.1,165.678,48.4,111.6
627,211.4,69.9,166.179,47.5,105.1
627,210.9,71.3,166.345,51.3,107.8
627,210.6,72.0,166.429,55.7,115.5
627,209.4,74.5,166.679,46.6,108.3
627,208.8,76.0,166.846,52.9,100.8
627,208.5,76.9,166.929,56.7,110.3
627,207.7,78.8,167.096,53.2,106.8
627,204.4,87.0,167.763,53.2,115.1
627,201.5,92.9,168.18,54.7,112.0
627,199.1,98.8,168.513,56.4,113.5
627,197.7,101.8,168.68,55.6,115.0
627,196.2,104.9,168.847,52.0,116.3
627,195.4,106.7,168.93,52.5,112.4
627,194.7,108.7,169.014,53.2,110.3
627,192.4,114.6,169.264,47.2,106.6
627,191.3,116.9,169.347,51.1,114.9
627,189.2,121.6,169.514,56.6,111.9
627,188.1,124.4,169.597,55.9,112.3
627,184.4,132.3,169.847,55.5,113.5
627,183.3,135.1,169.931,47.3,110.3
627,182.1,138.3,170.014,49.6,111.0
627,180.7,141.5,170.098,47.5,114.0
627,179.0,145.4,170.181,56.0,113.0
627,175.9,153.2,170.348,54.6,113.8
627,174.2,157.2,170.431,47.5,112.2
627,172.2,161.9,170.514,52.4,113.8
627,168.1,171.7,170.681,53.7,113.0
627,166.0,176.6,170.765,46.0,112.1
627,163.6,183.1,170.848,55.5,110.9
627,158.5,195.9,171.015,52.9,111.7
627,152.7,211.0,171.181,54.2,110.9
627,145.9,228.6,171.348,54.0,111.1
627,138.0,249.3,171.515,52.7,111.0
635,370.0,238.4,166.512,56.4,237.6
635,357.3,217.7,166.679,47.5,237.6
635,347.7,202.0,166.846,55.2,239.2
635,339.5,188.2,167.012,57.0,240.7
635,335.5,182.6,167.096,46.1,234.5
635,331.9,176.2,167.179,55.8,240.5
635,325.3,166.2,167.346,55.9,238.5
635,319.9,157.0,167.513,56.7,240.8
635,315.1,148.8,167.679,58.0,241.6
635,310.6,141.8,167.846,55.4,237.0
635,306.5,135.5,168.013,53.3,237.6
635,304.9,132.5,168.096,50.2,242.3
635,303.2,129.5,168.18,52.9,240.2
635,300.1,124.3,168.346,56.2,242.9
635,298.8,122.0,168.43,46.3,241.0
635,289.7,107.1,169.014,55.8,237.8
635,287.5,103.7,169.18,55.4,237.4
635,285.8,100.6,169.347,50.3,237.3
635,284.9,99.1,169.43,50.5,240.2
635,283.9,97.6,169.514,52.2,235.7
635,279.5,89.8,170.014,46.4,241.2
635,279.0,88.7,170.098,48.0,247.3
635,278.3,87.6,170.181,49.9,236.3
635,276.5,84.2,170.431,49.0,244.0
635,275.6,82.4,170.598,52.4,248.2
635,275.0,81.5,170.681,49.1,235.4
635,274.0,79.9,170.848,53.3,236.3
635,273.6,78.9,170.931,55.7,245.6
635,273.1,78.0,171.015,53.1,241.0
635,272.4,76.8,171.181,46.7,240.3
635,272.1,76.0,171.265,47.9,247.4
635,270.5,72.2,171.682,56.7,246.9
635,270.1,71.0,171.849,57.5,255.6
635,268.7,67.6,172.349,49.1,250.8
638,369.2,243.2,167.513,56.5,238.7
638,362.8,232.6,167.596,50.7,238.6
638,351.0,212.6,167.763,50.4,240.1
638,341.2,195.7,167.93,51.3,239.9
638,333.3,182.2,168.096,47.2,240.2
638,326.5,170.3,168.263,50.2,241.5
638,323.0,164.7,168.346,58.1,238.6
638,320.3,160.3,168.43,48.1,238.1
638,317.4,155.5,168.513,55.8,239.2
638,310.5,144.1,168.763,48.0,239.9
638,304.3,133.6,169.014,56.6,238.6
638,302.6,130.7,169.097,51.1,239.5
638,300.9,127.6,169.18,56.8,242.1
638,296.3,119.4,169.43,57.7,241.3
638,294.9,116.8,169.514,57.6,240.9
638,293.3,114.5,169.597,54.3,236.9
638,292.4,112.6,169.681,47.9,243.4
638,291.2,110.7,169.764,48.0,238.2
638,289.9,108.7,169.847,52.5,237.6
638,288.9,107.0,169.931,46.3,239.3
638,285.7,101.7,170.181,54.5,240.9
638,283.9,98.8,170.348,57.4,239.6
638,283.1,97.2,170.431,54.3,243.7
638,282.0,95.6,170.514,56.0,234.8
638,279.8,91.7,170.765,47.2,239.3
638,278.4,89.1,170.931,50.6,244.7
638,277.4,87.9,171.015,51.6,229.6
638,276.0,85.9,171.181,53.1,244.3
638,275.6,84.8,171.265,50.2,246.7
638,274.9,83.8,171.348,48.1,234.9
638,274.3,82.9,171.432,50.6,238.6
638,273.7,81.9,171.515,51.8,240.0
638,273.2,80.9,171.598,50.6,239.9
638,272.7,79.9,171.682,55.9,243.7
638,272.2,79.0,171.765,50.4,242.5
638,271.7,78.1,171.849,57.0,239.6
638,270.6,76.8,172.015,56.8,233.8
638,270.1,76.0,172.099,49.0,237.0
638,267.2,70.5,172.682,53.6,241.6
638,263.7,64.7,173.516,52.9,240.4
638,263.0,63.5,173.683,57.1,238.8
641,313.5,186.9,170.014,54.2,247.0
641,310.7,180.6,170.098,53.1,246.1
641,304.8,167.8,170.264,55.7,245.4
641,299.7,156.8,170.431,55.8,245.2
641,295.1,147.6,170.598,51.8,242.1
641,291.4,139.5,170.765,50.2,243.3
641,288.0,131.9,170.931,55.2,244.7
641,286.5,128.7,171.015,58.3,245.2
641,285.4,125.7,171.098,55.3,249.4
641,280.3,114.9,171.432,54.3,242.8
641,278.2,110.5,171.598,49.8,243.9
641,276.4,106.3,171.765,49.1,247.3
641,275.5,104.3,171.849,56.7,244.5
641,274.5,102.5,171.932,56.0,243.4
641,273.6,100.6,172.015,57.8,243.1
641,271.4,95.6,172.265,49.5,243.4
641,270.2,92.6,172.432,50.4,248.8
641,268.4,89.7,172.599,53.4,234.0
641,267.9,88.6,172.682,47.3,245.8
641,267.5,87.6,172.766,47.7,246.6
641,266.5,84.9,172.932,55.2,254.5
641,265.9,83.8,173.016,53.3,243.4
641,265.5,82.8,173.099,47.6,246.8
641,264.6,80.7,173.266,48.1,243.5
641,264.0,79.7,173.349,55.9,240.2
641,263.7,78.9,173.433,50.4,251.7
641,263.1,78.0,173.516,53.0,236.4
643,306.3,176.3,168.013,55.6,245.3
643,303.7,170.7,168.096,52.8,244.6
643,298.5,160.0,168.263,48.0,244.5
643,294.4,150.9,168.43,47.7,243.9
643,290.7,142.7,168.597,51.1,246.3
643,287.6,135.7,168.763,46.9,245.2
643,285.2,129.2,168.93,48.6,251.0
643,282.1,123.2,169.097,51.1,241.9
643,280.9,120.5,169.18,56.2,245.2
643,280.1,118.2,169.264,50.0,250.9
643,278.8,115.7,169.347,57.4,243.5
643,277.8,113.6,169.43,51.3,243.7
643,275.2,106.6,169.681,54.6,247.4
643,274.4,105.0,169.764,45.9,243.1
643,273.4,103.1,169.847,57.6,241.9
643,272.8,101.5,169.931,50.3,248.7
643,271.5,98.1,170.098,52.7,249.8
643,270.7,96.7,170.181,51.2,242.5
643,269.7,93.7,170.348,48.7,250.3
643,267.8,89.7,170.598,53.4,249.7
643,267.1,88.6,170.681,48.3,238.4
643,266.6,87.3,170.765,56.4,248.5
643,265.6,84.7,170.931,57.7,241.4
643,265.1,83.8,171.015,46.3,243.1
643,264.7,82.8,171.098,48.7,249.2
643,264.3,81.8,171.181,55.7,245.2
643,263.9,80.8,171.265,50.3,247.6
643,263.0,78.9,171.432,49.7,244.6
643,262.2,77.0,171.598,51.4,237.9
643,261.8,76.1,171.682,55.5,247.1
643,260.7,73.6,171.932,46.8,247.0
643,260.3,72.8,172.015,53.6,242.2
643,259.4,70.5,172.265,46.3,253.2
643,258.9,69.8,172.349,56.2,236.4
643,254.5,60.2,173.766,48.8,244.7
643,253.2,57.1,174.35,52.4,246.1
647,203.4,75.6,169.681,50.4,114.5
647,203.0,77.1,169.847,56.9,97.9
647,202.9,78.0,169.931,49.4,96.5
647,202.5,78.9,170.014,54.3,114.2
647,202.0,79.7,170.098,46.6,122.5
647,201.6,80.6,170.181,47.1,114.2
647,198.7,88.0,170.765,54.0,107.1
647,198.2,89.1,170.848,46.6,117.0
647,196.7,93.0,171.098,47.8,114.4
647,196.1,94.3,171.181,49.5,112.5
647,195.7,95.7,171.265,52.1,106.9
647,195.0,97.2,171.348,52.6,115.4
647,194.6,98.8,171.432,54.7,105.1
647,193.8,100.5,171.515,55.9,113.7
647,188.4,113.6,172.099,51.8,108.8
647,184.1,123.3,172.432,47.2,116.1
647,182.9,126.2,172.516,57.4,111.3
647,180.3,132.6,172.682,53.1,114.4
647,179.1,135.5,172.766,48.2,112.0
647,177.5,139.2,172.849,57.9,113.1
647,176.4,142.6,172.932,49.3,108.0
647,174.8,146.5,173.016,54.2,112.0
647,173.6,150.2,173.099,48.2,108.7
647,171.6,154.8,173.183,57.3,113.4
647,170.0,159.1,173.266,49.0,110.8
647,165.9,169.0,173.433,46.3,112.0
647,161.3,180.8,173.6,48.1,112.3
647,155.9,194.6,173.766,48.9,110.0
647,149.6,210.7,173.933,47.9,111.5
647,145.6,220.7,174.016,58.1,111.4
647,142.1,229.9,174.1,48.3,111.1
647,133.2,253.3,174.267,48.0,110.8
647,127.5,265.9,174.35,49.3,114.2
650,221.3,64.9,170.931,55.8,94.9
650,220.7,66.8,171.265,49.1,87.7
650,220.3,68.8,171.515,52.4,107.9
650,219.7,69.8,171.682,58.4,111.8
650,219.5,71.4,171.849,49.8,106.9
650,218.8,74.8,172.265,58.3,92.8
650,218.0,77.0,172.516,58.4,105.8
650,217.7,78.0,172.599,58.2,109.0
650,217.3,78.8,172.682,48.7,111.5
650,217.2,79.7,172.766,53.0,97.6
650,217.1,80.8,172.849,57.3,97.6
650,216.4,83.3,173.099,49.8,105.9
650,216.1,84.5,173.183,58.2,102.6
650,215.8,85.7,173.266,56.7,104.5
650,215.6,86.8,173.349,53.1,97.4
650,215.3,87.9,173.433,47.2,107.8
650,213.9,92.7,173.766,51.3,103.4
650,212.7,96.7,174.016,58.0,105.3
650,211.9,99.7,174.183,57.6,99.4
650,211.1,102.7,174.35,55.7,102.0
650,210.5,104.6,174.433,54.7,107.1
650,209.9,106.6,174.517,56.6,107.1
650,208.8,110.0,174.683,51.5,107.1
650,207.7,114.4,174.85,49.5,99.1
650,206.5,118.7,175.017,52.9,104.0
650,205.2,123.5,175.184,55.6,106.4
650,204.4,125.9,175.267,47.6,106.5
650,199.8,141.8,175.684,56.8,105.6
650,197.8,149.1,175.851,57.3,105.5
650,196.9,152.8,175.934,47.0,103.3
650,195.5,157.5,176.018,56.4,106.8
650,193.0,166.9,176.184,56.2,105.2
650,191.8,171.6,176.268,46.4,103.8
650,190.3,177.8,176.351,57.0,103.7
650,187.1,190.2,176.518,56.7,103.0
650,185.6,196.5,176.601,46.0,103.6
650,183.4,205.0,176.685,57.6,104.3
650,181.5,212.4,176.768,46.2,104.7
650,179.1,222.4,176.851,57.2,103.3
650,176.9,231.2,176.935,45.9,104.0
650,174.2,243.0,177.018,55.9,103.2
650,171.3,253.8,177.102,46.1,105.2
650,167.7,266.2,177.185,48.4,106.0
659,320.6,174.3,172.432,54.4,240.6
659,314.9,156.9,172.682,51.1,239.0
659,311.0,148.0,172.849,55.9,246.0
659,303.0,137.0,173.099,54.0,234.1
659,298.1,129.9,173.266,54.2,239.5
661,340.2,251.3,173.016,49.6,240.1
661,334.7,240.2,173.099,49.3,243.7
661,324.9,218.2,173.266,52.8,245.5
661,316.7,200.1,173.433,51.8,246.7
661,309.5,184.8,173.6,52.1,244.6
661,304.3,172.1,173.766,50.8,248.1
661,299.2,161.3,173.933,50.5,248.1
661,295.0,152.0,174.1,47.1,241.9
661,291.7,143.9,174.267,49.1,248.7
661,288.5,136.3,174.433,52.6,243.4
661,285.6,129.7,174.6,50.1,245.2
661,280.8,120.3,174.85,57.4,245.6
661,280.6,118.2,174.934,46.2,265.1
661,279.7,115.7,175.017,57.6,250.8
661,278.7,113.5,175.1,52.1,244.9
661,277.8,111.4,175.184,53.2,246.3
661,276.9,109.3,175.267,53.2,247.7
661,275.4,105.3,175.434,54.9,247.4
661,274.2,103.5,175.517,52.6,235.8
661,273.8,101.7,175.601,54.7,257.1
661,269.2,89.6,176.268,50.2,242.5
661,268.5,88.5,176.351,48.3,237.4
661,268.1,87.4,176.434,48.7,248.4
661,266.8,84.7,176.601,56.0,244.5
661,266.3,83.6,176.685,51.4,245.9
661,266.1,82.7,176.768,50.4,257.2
661,265.5,81.6,176.851,53.5,237.1
661,264.7,80.7,176.935,52.5,232.2
661,263.8,78.7,177.102,45.7,253.4
661,261.6,73.7,177.602,54.7,252.7
661,259.8,71.8,177.852,50.9,226.2
661,259.3,71.0,177.935,56.4,233.1
661,256.9,66.7,178.519,47.6,242.2
661,257.0,66.0,178.602,58.4,284.2
661,255.3,63.2,179.019,56.7,245.6
662,209.7,73.9,173.683,57.8,114.5
662,209.4,74.7,173.766,48.2,109.7
662,208.9,76.1,173.933,47.5,109.2
662,208.4,76.9,174.016,54.0,117.7
662,208.1,77.9,174.1,55.9,110.3
662,206.8,80.1,174.35,52.2,111.9
662,206.4,81.1,174.433,50.3,114.1
662,206.0,82.0,174.517,50.7,111.6
662,205.7,83.0,174.6,50.9,106.7
662,205.2,84.0,174.683,48.4,115.1
662,204.7,85.0,174.767,47.7,120.6
662,204.3,86.0,174.85,48.9,111.7
662,203.9,87.1,174.934,48.0,109.6
662,202.0,91.2,175.267,45.7,115.6
662,199.0,97.7,175.684,52.4,116.2
662,197.6,100.6,175.851,53.4,111.7
662,197.0,102.2,175.934,48.0,111.0
662,196.2,103.9,176.018,51.7,115.1
662,195.5,105.6,176.101,50.9,112.7
662,194.6,107.6,176.184,55.2,114.1
662,192.8,111.0,176.351,49.9,115.5
662,189.1,119.5,176.685,53.8,114.1
662,188.3,121.7,176.768,46.1,111.0
662,185.9,126.5,176.935,50.8,115.9
662,184.5,129.5,177.018,55.2,114.6
662,182.4,135.5,177.185,55.5,110.7
662,180.8,139.2,177.268,57.8,113.1
662,179.4,142.4,177.352,47.3,113.9
662,176.7,149.4,177.518,52.3,112.2
662,173.2,157.4,177.685,55.4,113.0
662,169.4,166.6,177.852,55.2,111.6
662,165.1,176.9,178.019,52.7,112.4
662,160.6,188.5,178.185,52.0,112.2
662,158.2,194.7,178.269,46.4,110.8
662,155.2,202.2,178.352,52.0,111.8
662,149.0,218.3,178.519,53.9,111.3
662,141.6,237.5,178.686,54.7,110.7
662,132.9,260.2,178.853,53.3,110.9
664,374.0,246.4,173.6,49.6,237.0
664,359.5,222.7,173.766,52.7,240.4
664,348.4,203.6,173.933,51.8,239.9
664,338.8,188.1,174.1,51.6,241.8
664,331.1,174.9,174.267,51.0,239.6
664,323.9,163.9,174.433,50.0,237.5
664,317.8,154.2,174.6,49.8,237.9
664,310.0,141.1,174.85,50.5,241.3
664,308.1,137.9,174.934,48.4,238.1
664,306.0,134.4,175.017,57.5,239.2
664,304.1,131.3,175.1,52.1,239.0
664,300.7,125.3,175.267,49.7,241.4
664,297.4,120.1,175.434,49.7,228.8
664,291.5,110.5,175.767,54.4,240.1
664,288.9,106.4,175.934,46.6,233.9
664,287.8,104.6,176.018,53.7,240.2
664,287.1,102.7,176.101,56.0,247.2
664,284.9,99.3,176.268,49.8,237.0
664,283.8,97.6,176.351,57.2,236.5
664,282.9,96.2,176.434,51.3,238.0
664,282.0,94.7,176.518,54.5,238.3
664,279.5,90.6,176.768,56.0,240.5
664,278.2,87.8,176.935,54.4,243.6
664,277.4,86.6,177.018,53.4,237.1
664,273.0,79.6,177.602,46.1,240.1
664,271.4,77.0,177.852,51.0,233.7
664,268.0,71.4,178.436,48.9,233.9
664,267.3,70.1,178.602,55.4,250.8
664,266.2,68.1,178.853,58.4,245.5
664,265.2,66.6,179.103,47.4,254.4
664,262.3,61.8,179.853,53.2,236.8
668,207.0,79.1,176.518,58.0,99.9
668,205.7,81.9,176.768,51.7,109.0
668,205.2,82.8,176.851,47.7,114.3
668,204.5,84.9,177.018,58.0,107.0
668,204.3,86.0,177.102,49.5,99.5
668,204.0,87.0,177.185,47.0,107.3
668,201.0,93.0,177.602,46.3,107.0
668,200.4,94.3,177.685,46.9,116.9
668,199.9,95.7,177.769,50.9,111.6
668,199.5,97.0,177.852,47.3,106.5
668,197.9,99.9,178.019,53.9,116.3
668,197.3,101.4,178.102,47.3,113.6
668,196.7,102.9,178.185,48.4,112.2
668,196.0,104.7,178.269,51.4,110.0
668,195.2,106.6,178.352,53.3,114.0
668,193.6,110.1,178.519,56.6,111.6
668,191.8,114.0,178.686,52.4,116.4
668,191.1,116.0,178.769,46.0,110.2
668,189.8,118.5,178.853,55.2,118.1
668,188.0,123.2,179.019,55.8,110.8
668,185.8,128.2,179.186,57.6,113.9
668,183.3,134.2,179.353,57.9,114.1
668,180.7,140.3,179.52,53.6,110.2
668,178.1,147.1,179.686,52.1,110.2
668,176.5,151.6,179.77,58.0,110.1
670,209.6,73.1,174.517,52.5,118.5
670,209.3,73.9,174.6,55.0,109.1
670,209.0,74.7,174.683,55.8,107.9
670,208.0,76.9,174.934,49.7,116.6
670,207.3,78.8,175.1,47.0,122.1
670,207.0,79.6,175.184,50.4,110.9
670,206.3,81.1,175.351,48.3,112.1
670,205.6,83.0,175.517,53.5,114.0
670,205.2,84.0,175.601,47.8,107.8
670,204.7,85.1,175.684,52.9,117.4
670,203.8,87.1,175.851,51.6,114.6
670,203.3,88.2,175.934,47.5,113.2
670,201.8,91.9,176.184,52.0,110.2
670,200.1,95.9,176.434,47.0,114.3
670,199.4,97.3,176.518,51.4,116.1
670,198.8,98.8,176.601,48.4,112.2
670,198.2,100.2,176.685,46.3,113.5
670,197.6,101.8,176.768,50.2,111.8
670,196.7,103.4,176.851,48.7,117.4
670,195.5,106.7,177.018,51.0,113.6
670,194.0,110.4,177.185,58.2,106.8
670,193.1,112.7,177.268,56.5,111.9
670,192.1,114.6,177.352,46.6,115.9
670,190.3,118.6,177.518,53.6,111.4
670,188.4,123.3,177.685,55.3,113.2
670,185.9,128.5,177.852,53.9,114.8
670,183.8,134.2,178.019,55.9,108.2
670,181.2,140.3,178.185,52.7,113.0
670,178.4,147.2,178.352,51.9,112.6
670,175.3,155.1,178.519,56.1,111.4
670,173.7,159.1,178.602,45.7,112.5
670,171.8,164.0,178.686,53.3,111.2
670,168.0,174.2,178.853,55.3,109.8
670,163.5,185.6,179.019,53.8,111.7
670,158.6,198.8,179.186,55.2,110.2
670,152.6,214.4,179.353,54.0,111.2
670,145.5,232.9,179.52,55.1,111.1
670,137.3,255.0,179.686,54.4,110.4
672,384.3,257.6,175.851,46.0,234.9
672,376.2,245.4,175.934,52.2,236.3
672,361.9,221.5,176.101,51.8,238.4
672,350.3,203.0,176.268,52.7,238.5
672,340.4,187.0,176.434,49.2,236.8
672,332.1,174.0,176.601,51.1,237.4
672,325.1,162.9,176.768,48.3,235.6
672,318.8,153.0,176.935,52.1,237.2
672,313.3,144.2,177.102,53.3,239.3
672,305.9,132.4,177.352,53.9,237.1
672,304.3,129.7,177.435,48.0,238.9
672,300.4,123.8,177.602,48.1,234.4
672,297.1,118.2,177.769,51.0,232.0
672,293.9,113.3,177.935,52.4,239.1
672,291.0,109.0,178.102,47.4,235.1
672,288.7,105.0,178.269,49.7,238.7
672,286.5,101.3,178.436,48.2,238.5
672,284.3,97.7,178.602,55.0,237.6
672,282.3,94.5,178.769,51.4,235.9
672,278.9,88.9,179.103,52.1,235.9
672,278.1,87.7,179.186,49.9,232.8
672,277.4,86.7,179.269,49.4,237.7
672,275.4,82.9,179.52,56.2,241.4
672,274.7,81.8,179.603,56.2,235.2
672,274.2,80.8,179.686,56.9,243.9
672,273.3,79.8,179.77,50.6,227.7
672,272.9,78.9,179.853,54.0,245.7
672,272.5,78.0,179.936,55.4,244.7
674,368.2,233.7,177.185,56.9,240.2
674,353.9,211.1,177.352,53.5,237.1
674,349.4,203.7,177.435,47.5,238.8
674,339.9,188.3,177.602,50.2,238.3
674,331.7,175.1,177.769,50.2,238.0
674,325.3,164.0,177.935,48.1,240.4
674,319.0,154.2,178.102,51.6,239.4
674,313.3,145.8,178.269,48.3,233.9
674,308.6,138.2,178.436,51.2,238.6
674,304.3,131.4,178.602,53.0,238.9
674,300.6,125.2,178.769,54.2,241.3
674,294.3,114.7,179.103,47.4,236.5
674,292.8,112.5,179.186,53.8,235.2
674,291.4,110.5,179.269,51.5,236.8
674,287.8,104.6,179.52,52.7,237.0
674,286.6,102.7,179.603,57.4,236.6
674,283.7,97.2,179.853,53.0,241.0
674,282.8,95.7,179.936,51.8,238.1
676,327.0,212.1,177.602,54.0,245.2
676,318.3,195.0,177.769,50.4,241.2
676,312.1,180.8,177.935,49.2,243.8
676,306.5,168.9,178.102,48.1,245.5
676,301.4,158.7,178.269,48.9,241.6
676,297.4,149.6,178.436,48.8,245.2
676,293.4,141.5,178.602,50.2,239.4
676,290.1,134.4,178.769,49.7,239.6
676,287.3,128.1,178.936,47.0,244.4
676,284.4,122.3,179.103,53.0,243.9
676,283.3,119.6,179.186,57.4,247.6
676,282.1,117.3,179.269,51.9,243.5
676,280.0,112.4,179.436,53.5,244.9
676,278.9,110.4,179.52,49.1,240.2
676,278.3,108.4,179.603,55.3,255.2
676,275.0,102.3,179.853,49.1,243.6
