id,x_px,y_px,timestamp_s,speed_mph,direction_deg
0,202.8,101.6,0.4,53.6,200.4
0,189.3,95.1,0.667,54.7,203.9
0,177.7,89.5,0.933,56.4,204.8
0,175.0,88.4,1.0,54.1,202.8
0,170.4,86.0,1.133,56.9,205.4
0,167.9,84.8,1.2,59.7,204.3
0,165.6,83.8,1.267,54.7,204.7
0,163.6,82.9,1.333,53.1,205.6
0,161.5,81.9,1.4,57.1,205.0
0,159.7,81.0,1.467,53.0,207.2
0,157.9,80.0,1.533,57.6,207.0
0,153.9,78.2,1.667,45.1,200.4
0,150.7,76.9,1.8,49.8,206.5
0,148.0,75.2,1.933,54.2,210.4
0,142.0,72.6,2.2,51.9,206.9
0,140.7,71.8,2.267,60.0,210.5
0,136.9,70.2,2.467,57.2,206.1
0,131.2,67.3,2.8,43.5,203.6
0,128.3,66.1,3.0,54.9,211.6
0,126.9,65.4,3.067,61.1,204.3
0,126.3,64.9,3.133,53.8,218.8
0,117.6,61.2,3.8,56.4,211.1
0,114.3,59.5,4.133,46.1,211.7
0,113.7,59.1,4.2,45.5,211.6
0,108.5,56.6,4.8,57.2,207.3
0,107.5,56.0,4.933,43.2,211.7
1,133.8,159.5,0.133,48.7,59.1
1,137.1,165.4,0.2,58.8,60.5
1,140.6,171.9,0.267,60.0,61.4
1,144.6,178.1,0.333,53.6,57.7
1,148.8,184.9,0.4,54.1,58.2
1,153.5,192.7,0.467,56.1,58.8
1,158.4,201.1,0.533,55.8,59.6
1,163.9,210.5,0.6,56.3,59.7
1,170.1,220.7,0.667,55.2,58.7
1,176.6,232.1,0.733,55.5,60.4
1,184.2,245.2,0.8,56.7,60.0
1,192.4,259.5,0.867,54.8,59.9
3,113.6,87.8,0.2,44.4,48.6
3,115.4,88.9,0.267,45.6,30.0
3,116.9,90.3,0.333,60.1,43.8
3,117.9,91.6,0.4,51.5,51.4
3,119.1,92.7,0.467,44.0,44.9
3,120.0,93.9,0.533,44.2,50.4
3,120.0,95.1,0.6,43.4,92.5
3,120.7,96.6,0.667,52.9,65.3
3,123.1,98.0,0.733,49.8,30.6
3,125.3,99.6,0.8,52.0,35.5
3,127.1,101.5,0.867,60.8,47.3
3,130.3,104.7,1.0,53.0,41.6
3,132.2,106.6,1.067,55.1,45.7
3,134.2,108.6,1.133,53.5,45.2
3,135.8,110.7,1.2,55.0,53.1
3,137.7,112.8,1.267,52.1,48.3
3,140.1,115.1,1.333,52.7,42.8
3,142.3,117.4,1.4,52.8,46.2
3,144.6,120.1,1.467,56.9,49.8
3,146.6,122.8,1.533,54.9,53.8
3,149.3,125.6,1.6,53.6,46.0
3,151.9,128.7,1.667,57.8,50.2
3,154.7,131.9,1.733,55.2,49.4
3,157.8,135.1,1.8,52.6,45.8
3,164.8,143.2,1.933,56.7,48.5
3,168.8,147.4,2.0,57.7,46.7
3,172.6,152.1,2.067,58.3,50.6
3,176.9,157.2,2.133,58.9,49.9
3,181.8,162.1,2.2,54.3,45.4
3,186.9,167.7,2.267,57.2,47.9
3,192.2,173.7,2.333,56.0,48.1
3,198.2,180.9,2.4,61.4,50.0
3,204.5,188.4,2.467,59.2,50.1
3,211.7,196.4,2.533,57.8,48.3
3,219.5,205.6,2.6,59.5,49.4
3,228.2,215.8,2.667,60.1,49.7
3,237.6,226.9,2.733,58.2,49.5
3,247.9,239.7,2.8,59.9,51.4
3,259.5,253.9,2.867,58.7,50.7
3,273.2,266.3,2.933,49.2,42.1
8,452.6,183.4,0.2,43.1,213.7
8,245.3,100.4,1.733,60.0,199.8
8,237.0,97.6,1.867,49.6,195.9
8,229.6,94.7,2.0,51.8,198.2
8,222.9,91.9,2.133,57.2,201.5
8,219.4,90.8,2.2,54.9,198.0
8,215.9,89.7,2.267,52.7,196.8
8,212.8,88.5,2.333,60.7,200.9
8,207.4,86.7,2.467,56.4,201.0
8,204.6,85.8,2.533,50.4,198.3
8,202.0,84.9,2.6,53.6,200.1
8,199.3,83.8,2.667,61.0,201.2
8,197.2,83.0,2.733,49.0,200.8
8,194.6,82.0,2.8,61.6,201.5
8,185.7,78.5,3.067,51.2,199.1
8,183.6,77.8,3.133,48.8,198.9
8,181.6,77.0,3.2,56.4,200.9
8,179.8,76.3,3.267,52.4,202.0
8,176.3,75.2,3.4,47.3,199.7
8,172.6,73.9,3.533,61.0,202.5
8,170.8,73.3,3.6,44.5,197.4
8,169.1,72.7,3.667,51.0,200.1
8,164.5,70.5,3.867,49.3,200.8
8,157.4,68.2,4.2,58.0,200.6
8,152.6,66.3,4.467,60.4,209.0
8,150.4,65.5,4.6,55.9,205.7
8,147.3,64.0,4.8,52.1,208.2
8,138.2,61.0,5.4,46.0,202.4
8,132.7,59.1,5.8,45.1,200.9
8,120.8,54.8,7.0,45.6,204.6
8,120.1,54.5,7.067,61.1,207.3
14,80.6,59.0,0.6,49.7,61.8
14,81.4,59.7,0.733,45.1,42.6
14,81.7,60.1,0.8,45.7,58.6
14,84.0,61.9,1.133,56.0,53.5
14,85.1,63.0,1.333,61.4,57.6
14,87.4,64.9,1.733,55.1,37.3
14,88.3,65.8,1.867,57.8,58.1
14,89.3,66.8,2.0,52.4,41.6
14,90.4,67.9,2.133,50.6,43.7
14,91.3,69.1,2.333,52.4,64.2
14,92.0,69.8,2.4,55.1,47.2
14,92.5,70.5,2.467,49.5,51.5
14,94.1,71.8,2.6,53.8,44.0
14,95.5,72.8,2.733,44.4,41.3
14,96.1,73.4,2.8,46.2,45.5
14,97.3,74.8,2.933,48.2,41.9
14,99.9,76.6,3.133,43.6,58.1
14,100.7,77.5,3.2,55.9,48.9
14,101.9,78.4,3.267,48.1,35.6
14,102.3,79.2,3.333,48.7,63.8
14,104.2,80.7,3.467,46.7,37.5
14,106.1,82.5,3.6,53.5,44.5
14,107.2,83.6,3.667,58.7,47.9
14,108.1,84.7,3.733,53.3,48.1
14,109.3,85.8,3.8,49.2,41.7
14,110.5,86.7,3.867,43.8,39.4
14,113.8,89.8,4.067,50.0,44.0
14,115.4,90.8,4.133,43.5,34.9
14,116.7,92.1,4.2,49.9,44.0
14,117.8,93.6,4.267,56.7,51.6
14,119.1,94.8,4.333,45.9,45.2
14,120.6,96.4,4.4,55.7,46.3
14,122.4,97.7,4.467,44.7,35.3
14,127.1,102.3,4.667,46.3,39.4
14,129.1,104.4,4.733,60.4,46.3
14,131.0,106.3,4.8,55.1,45.1
14,132.9,108.4,4.867,57.6,48.1
14,135.0,110.6,4.933,56.4,46.5
14,137.1,112.7,5.0,52.3,44.6
14,139.6,114.8,5.067,50.1,39.9
14,142.1,117.4,5.133,57.7,46.6
14,144.7,119.9,5.2,54.1,42.9
14,147.3,122.6,5.267,54.7,46.6
14,150.1,125.5,5.333,57.3,46.3
14,153.2,128.7,5.4,57.6,45.0
14,156.3,131.9,5.467,55.7,46.6
14,159.7,135.3,5.533,55.6,44.4
14,163.2,139.2,5.6,60.2,48.6
14,166.9,143.3,5.667,59.8,48.1
14,170.8,147.6,5.733,57.4,47.3
14,175.1,151.9,5.8,54.3,45.4
14,179.8,156.7,5.867,57.5,45.8
14,184.6,162.1,5.933,58.4,47.5
14,190.0,167.9,6.0,59.3,47.8
14,196.0,174.5,6.067,61.4,47.4
14,202.1,181.3,6.133,58.8,48.1
14,209.0,188.7,6.2,58.5,47.2
14,216.4,197.0,6.267,59.2,48.3
14,224.6,206.2,6.333,60.2,48.1
14,233.6,216.1,6.4,58.3,48.0
14,243.3,227.6,6.467,60.2,49.6
14,254.5,240.4,6.533,60.0,48.9
14,267.0,254.4,6.6,58.5,48.2
14,281.1,266.3,6.667,48.0,40.2
20,82.3,76.9,4.533,60.4,65.2
20,84.1,79.8,4.8,48.8,66.9
20,86.3,82.9,5.067,46.2,56.3
20,86.9,83.8,5.133,43.4,55.1
20,88.0,85.7,5.267,46.3,59.5
20,88.5,86.7,5.333,46.8,64.5
20,89.3,87.8,5.4,44.1,54.6
20,90.6,89.9,5.533,44.2,64.1
20,94.5,95.5,5.867,53.8,56.1
20,96.7,98.3,6.0,51.9,54.7
20,97.5,99.7,6.067,44.1,59.7
20,98.2,101.4,6.133,50.0,68.3
20,99.9,104.5,6.267,52.9,60.6
20,101.0,106.5,6.333,51.8,61.8
20,102.5,108.1,6.4,43.0,47.4
20,104.0,110.0,6.467,48.9,51.8
20,105.2,112.1,6.533,49.5,60.1
20,106.4,114.0,6.6,43.1,57.2
20,107.7,116.3,6.667,51.6,60.4
20,109.3,118.6,6.733,47.8,54.6
20,110.7,121.0,6.8,48.3,60.7
20,112.7,123.6,6.867,49.9,51.8
20,114.4,126.3,6.933,50.3,57.9
20,116.3,129.2,7.0,50.9,57.3
20,118.3,132.4,7.067,52.5,57.4
20,120.3,135.9,7.133,53.1,60.2
20,122.3,139.6,7.2,54.9,62.8
20,124.7,143.3,7.267,50.6,56.4
20,127.1,147.3,7.333,52.0,58.8
20,129.6,151.6,7.4,52.2,59.7
20,132.8,156.7,7.467,57.4,58.1
20,135.6,161.7,7.533,52.5,60.1
20,139.2,166.9,7.6,51.6,55.9
20,142.5,172.6,7.667,52.6,59.8
20,146.3,178.6,7.733,51.3,57.6
20,150.3,185.5,7.8,53.6,59.6
20,154.8,192.9,7.867,53.4,59.2
20,159.4,201.2,7.933,54.3,60.5
20,164.9,210.3,8.0,54.8,59.2
20,170.6,220.2,8.067,53.7,59.8
20,177.2,231.4,8.133,54.6,59.4
20,184.4,244.3,8.2,56.2,61.0
20,192.3,258.6,8.267,55.3,61.1
30,77.9,51.2,5.133,48.1,68.7
30,82.6,57.0,6.8,45.0,82.3
30,83.3,57.8,7.0,61.6,67.2
30,86.7,62.6,7.933,48.7,49.4
30,87.7,63.7,8.133,53.9,54.2
30,88.5,65.1,8.4,49.9,59.4
30,88.6,65.6,8.467,45.8,74.7
30,89.3,66.1,8.533,44.0,38.4
30,91.7,68.7,8.867,54.3,55.9
30,92.5,69.9,9.0,52.3,62.3
30,93.2,70.9,9.133,52.9,68.3
30,93.8,71.7,9.2,57.1,51.2
30,96.0,73.7,9.4,60.5,52.1
30,96.7,75.1,9.533,50.5,71.8
30,97.4,75.9,9.6,52.5,51.8
30,99.1,77.3,9.733,50.7,47.1
30,99.9,78.1,9.8,46.6,46.1
30,100.7,78.9,9.867,46.1,43.2
30,101.6,79.7,9.933,42.9,40.4
30,102.6,80.8,10.0,58.1,47.6
30,106.4,84.7,10.267,51.6,52.9
30,108.5,86.7,10.4,51.6,39.7
30,109.6,87.7,10.467,46.5,43.6
30,110.9,88.9,10.533,50.9,43.1
30,112.2,90.0,10.6,45.0,40.1
30,113.4,91.3,10.667,55.1,47.7
30,114.7,92.7,10.733,53.1,46.5
30,116.1,94.0,10.8,48.4,43.2
30,117.6,95.6,10.867,57.9,46.3
30,119.1,97.0,10.933,49.6,43.7
30,120.6,98.6,11.0,54.5,47.2
30,122.3,99.9,11.067,42.8,37.4
30,124.0,101.7,11.133,54.2,46.0
30,125.4,103.6,11.2,57.0,53.4
30,126.5,105.6,11.267,57.9,61.2
30,128.2,107.6,11.333,53.8,49.1
30,131.2,109.8,11.4,58.4,36.1
30,133.5,112.2,11.467,61.0,47.3
30,136.2,114.6,11.533,56.6,41.1
30,138.9,117.2,11.6,58.5,44.3
30,141.7,119.8,11.667,57.8,43.8
30,144.3,122.8,11.733,60.3,47.8
30,147.1,125.8,11.8,57.5,47.6
30,150.3,129.0,11.867,58.8,44.6
30,157.3,136.5,12.0,61.4,45.6
30,165.4,145.3,12.133,61.4,46.0
30,169.6,150.0,12.2,61.8,48.8
32,434.2,200.9,5.933,44.8,216.0
32,204.1,93.8,7.667,61.8,201.0
32,201.5,92.5,7.733,59.7,207.3
32,185.7,86.1,8.067,50.1,198.0
32,182.6,85.0,8.133,58.6,199.1
32,179.9,84.0,8.2,57.6,201.5
32,177.7,83.0,8.267,52.3,202.5
32,175.4,82.2,8.333,47.2,199.3
32,168.0,78.9,8.533,60.1,200.8
32,165.5,78.0,8.6,59.0,199.8
32,160.5,76.3,8.733,49.1,195.3
32,159.0,75.6,8.8,51.7,205.7
32,157.0,74.8,8.867,55.8,201.0
32,155.1,74.0,8.933,56.1,201.9
32,152.4,73.3,9.0,55.6,196.1
32,150.8,72.5,9.067,60.5,205.3
32,143.8,70.1,9.4,52.1,204.1
32,140.3,69.1,9.533,43.4,196.6
32,135.4,67.0,9.733,53.0,199.1
32,127.4,64.0,10.133,61.2,202.8
32,123.8,62.3,10.4,47.9,195.9
32,122.5,61.9,10.467,45.7,198.9
32,120.7,61.1,10.6,44.2,204.6
32,119.4,60.7,10.667,53.2,199.9
32,117.9,60.2,10.733,50.4,196.1
32,113.9,58.4,11.133,50.9,238.5
32,108.3,56.8,11.6,42.6,222.0
32,104.7,54.5,12.067,60.7,263.3
32,101.9,53.6,12.4,51.1,219.8
32,100.7,53.0,12.6,52.3,204.8
32,99.5,52.8,12.733,44.8,213.7
32,92.8,49.0,13.933,49.7,208.2
50,97.0,66.2,11.467,58.7,64.2
50,99.5,68.0,11.733,49.7,60.6
50,101.5,69.0,11.867,53.7,31.3
50,102.5,69.9,12.0,54.4,29.8
50,104.1,70.9,12.133,47.2,22.1
50,105.1,71.7,12.2,56.2,36.2
50,106.2,72.4,12.267,51.2,33.8
50,107.2,73.5,12.4,43.4,41.5
50,109.6,74.9,12.533,47.2,36.6
50,112.0,76.9,12.733,46.4,35.8
50,113.8,78.5,12.867,55.3,42.5
50,115.2,79.3,12.933,49.7,31.7
50,116.7,80.8,13.067,48.8,41.1
50,118.6,81.9,13.133,60.2,31.5
50,123.1,85.1,13.4,51.3,26.3
50,127.8,89.2,13.667,45.6,38.8
50,129.4,90.4,13.733,50.1,37.0
50,130.8,91.8,13.8,55.8,43.1
50,129.1,93.0,13.867,49.1,145.6
50,132.7,94.3,13.933,51.6,20.6
50,131.5,95.7,14.0,53.3,129.8
50,132.2,97.1,14.067,51.0,62.9
50,133.5,98.6,14.133,50.3,49.8
50,134.8,100.0,14.2,46.9,46.7
50,136.8,101.6,14.267,50.4,38.8
50,138.7,103.6,14.333,60.4,45.6
50,140.5,105.3,14.4,52.2,43.9
50,142.3,107.2,14.467,53.4,46.9
50,144.5,109.1,14.533,49.6,39.2
50,146.8,111.1,14.6,52.4,41.7
50,149.4,113.5,14.667,59.8,42.5
50,151.9,115.7,14.733,51.6,41.2
50,154.3,118.2,14.8,56.3,47.1
50,157.1,120.6,14.867,52.3,40.0
50,160.3,123.1,14.933,52.4,38.8
50,163.3,126.0,15.0,56.9,44.5
50,166.3,129.2,15.067,58.0,46.7
50,169.7,132.7,15.133,60.7,45.2
50,173.3,136.1,15.2,55.5,43.1
50,177.0,140.0,15.267,59.3,47.0
50,181.2,144.0,15.333,58.1,43.4
50,185.3,148.5,15.4,60.9,47.9
50,190.0,153.3,15.467,60.1,45.7
50,194.8,158.3,15.533,57.4,45.8
50,199.9,163.6,15.6,58.0,46.3
50,205.4,169.5,15.667,58.2,46.9
50,211.3,175.8,15.733,58.6,47.0
50,218.0,183.0,15.8,60.4,47.0
50,225.2,190.6,15.867,58.7,46.6
50,232.7,199.1,15.933,59.5,48.4
50,241.6,208.6,16.0,60.8,47.1
50,250.9,219.3,16.067,60.5,49.0
50,261.1,231.2,16.133,60.2,49.2
50,272.2,244.2,16.2,58.3,49.6
50,285.2,258.6,16.267,57.8,47.9
51,78.1,70.8,13.067,47.0,58.0
51,80.5,72.7,13.333,43.8,46.9
51,80.9,73.3,13.4,43.7,55.8
51,81.1,74.0,13.467,47.3,73.2
51,81.5,74.8,13.533,51.0,67.2
51,82.2,75.8,13.667,46.0,68.4
51,83.1,76.8,13.733,61.6,51.0
51,83.5,77.7,13.8,51.5,64.2
51,83.8,78.6,13.867,49.3,68.6
51,86.9,81.6,14.133,42.7,45.2
51,87.4,82.8,14.2,56.9,68.6
51,88.0,83.9,14.267,53.2,61.8
51,88.8,84.8,14.333,43.2,49.3
51,89.5,85.9,14.4,50.4,56.1
51,90.4,86.9,14.467,43.6,48.8
51,91.9,89.1,14.6,49.2,52.7
51,95.2,92.8,14.8,44.6,53.1
51,97.0,95.6,14.933,58.8,61.5
51,97.7,96.9,15.0,45.2,60.8
51,98.5,98.6,15.067,53.8,65.4
51,99.7,100.0,15.133,46.5,50.2
51,100.6,101.7,15.2,50.0,62.1
51,101.8,103.6,15.267,55.1,57.1
51,103.4,105.6,15.333,54.3,51.5
51,104.6,107.4,15.4,49.5,56.2
51,106.1,109.5,15.467,53.5,53.9
51,107.8,111.4,15.533,46.7,48.5
51,109.5,113.6,15.6,51.0,51.6
51,111.1,116.3,15.667,59.8,59.6
51,112.3,118.6,15.733,49.7,63.5
51,113.6,121.4,15.8,54.5,63.9
51,116.4,124.4,15.867,58.5,47.3
51,118.3,127.4,15.933,54.8,58.6
51,120.4,130.7,16.0,55.6,57.6
51,122.9,134.2,16.067,56.1,53.9
51,125.6,138.1,16.133,58.6,55.4
51,128.4,142.0,16.2,56.2,54.9
51,131.0,146.5,16.267,58.4,58.9
51,133.7,151.1,16.333,57.0,59.8
51,136.8,156.0,16.4,56.0,57.5
51,139.8,161.7,16.467,60.4,62.8
51,144.0,167.4,16.533,56.9,53.7
51,148.5,173.8,16.6,58.7,54.7
51,153.0,180.9,16.667,58.9,57.4
51,158.0,188.5,16.733,58.1,56.6
51,163.3,196.9,16.8,58.6,57.9
51,169.1,206.3,16.867,58.9,58.4
51,175.9,216.8,16.933,59.9,57.1
51,183.2,228.7,17.0,60.4,58.7
51,190.9,242.2,17.067,59.9,60.3
51,199.9,257.5,17.133,60.1,59.4
54,78.0,68.0,14.2,48.2,55.5
54,80.7,70.8,14.6,57.0,79.2
54,83.6,74.8,15.0,47.8,60.0
54,84.4,76.0,15.133,47.0,71.7
54,84.8,76.8,15.2,52.1,64.6
54,85.4,77.7,15.267,48.8,52.8
54,87.9,79.9,15.467,50.9,56.9
54,88.6,80.9,15.533,54.0,56.9
54,89.4,81.8,15.6,47.0,48.1
54,90.0,82.9,15.667,52.7,61.0
54,90.6,83.9,15.733,47.3,60.1
54,91.7,85.0,15.8,51.9,44.7
54,92.6,86.1,15.867,48.0,50.4
54,93.8,87.1,15.933,44.9,41.6
54,95.6,88.9,16.067,44.0,50.8
54,98.4,92.3,16.267,53.7,56.1
54,99.1,93.7,16.333,48.5,62.2
54,100.5,95.0,16.4,47.7,44.1
54,101.8,96.6,16.467,56.3,51.9
54,103.8,99.4,16.6,51.1,57.5
54,105.2,100.9,16.667,45.4,47.1
54,106.6,102.6,16.733,52.9,52.7
54,107.9,104.5,16.8,52.3,54.3
54,109.1,106.2,16.867,48.8,55.5
54,110.7,108.2,16.933,50.8,49.9
54,112.2,110.3,17.0,55.1,56.0
54,113.8,112.4,17.067,49.6,51.2
54,115.8,115.0,17.133,60.5,53.2
54,117.9,117.5,17.2,53.7,49.5
54,119.5,120.3,17.267,58.1,60.5
54,121.5,123.1,17.333,54.8,54.9
54,123.0,125.9,17.4,51.6,61.7
54,127.6,132.9,17.533,56.3,55.3
54,130.3,136.4,17.6,54.8,51.9
54,132.9,140.4,17.667,57.5,56.7
54,135.7,144.5,17.733,56.8,56.3
54,138.5,149.0,17.8,57.2,58.3
54,141.8,154.0,17.867,59.7,56.2
54,145.1,159.2,17.933,57.2,57.7
54,148.8,164.9,18.0,58.1,57.5
54,152.9,171.1,18.067,58.4,56.4
54,157.2,177.6,18.133,56.9,56.6
54,161.6,185.0,18.2,58.2,58.8
54,166.9,193.1,18.267,58.6,57.1
54,173.1,202.2,18.333,60.5,55.8
54,179.3,212.3,18.4,59.5,58.4
54,186.2,223.5,18.467,59.3,58.3
54,194.0,236.0,18.533,59.3,58.2
54,202.7,250.3,18.6,59.5,58.5
54,213.0,264.8,18.667,54.9,54.7
56,112.3,76.0,14.2,46.4,48.5
56,114.1,77.2,14.333,55.6,44.3
56,114.9,78.0,14.4,48.2,45.5
56,115.9,79.0,14.467,57.7,44.3
56,119.5,81.0,14.667,53.4,38.0
56,120.6,81.8,14.733,44.2,37.9
56,121.5,82.8,14.8,54.2,49.0
56,123.0,83.8,14.867,49.9,32.8
56,124.6,84.8,14.933,50.6,32.3
56,127.0,86.6,15.067,50.3,36.7
56,130.9,89.4,15.267,49.1,39.0
56,132.4,90.8,15.333,57.2,41.6
56,134.2,91.8,15.4,44.3,31.3
56,135.8,92.9,15.467,43.7,33.8
56,141.4,97.0,15.667,49.0,32.3
56,143.5,98.7,15.733,61.0,40.6
56,147.4,101.6,15.867,53.3,40.0
56,149.5,103.1,15.933,46.0,34.7
56,151.8,104.9,16.0,54.8,38.6
56,154.3,106.7,16.067,52.1,35.2
56,157.0,108.6,16.133,52.8,35.0
56,159.4,110.6,16.2,54.2,40.2
56,162.0,112.7,16.267,52.6,39.0
56,164.9,114.6,16.333,48.2,33.9
56,168.1,117.0,16.4,55.7,36.2
56,171.6,119.5,16.467,57.5,36.4
56,174.7,122.2,16.533,58.0,41.1
56,178.0,125.0,16.6,55.9,40.0
56,181.8,127.9,16.667,56.8,37.3
56,186.0,131.3,16.733,60.3,38.8
56,190.2,134.4,16.8,54.8,36.5
56,194.9,138.1,16.867,60.0,38.6
56,199.7,142.0,16.933,59.4,38.7
56,204.8,146.1,17.0,58.8,38.9
56,210.0,150.4,17.067,57.7,39.4
56,215.6,155.1,17.133,58.4,40.0
56,228.3,165.9,17.267,59.0,39.2
56,235.4,172.0,17.333,61.3,40.8
56,243.7,178.3,17.4,58.9,37.3
56,251.9,185.6,17.467,60.9,41.3
56,261.5,193.4,17.533,61.4,39.4
56,271.5,202.2,17.6,61.4,41.0
56,282.8,211.8,17.667,61.4,40.5
56,295.2,222.6,17.733,61.6,41.0
56,324.1,248.6,17.867,61.1,42.1
56,341.3,263.5,17.933,59.9,41.0
57,97.3,75.9,13.933,51.7,50.2
57,99.2,77.3,14.067,50.0,41.0
57,100.2,78.2,14.133,50.5,41.9
57,103.6,81.9,14.467,54.6,76.1
57,105.8,83.6,14.6,47.8,38.4
57,107.8,85.3,14.733,44.5,44.7
57,112.2,89.1,15.0,47.0,47.0
57,115.6,92.3,15.2,46.6,47.2
57,118.2,94.7,15.333,49.8,46.1
57,119.4,96.0,15.4,44.9,47.2
57,120.8,97.3,15.467,45.6,44.0
57,122.3,98.8,15.533,49.4,44.0
57,124.0,100.4,15.6,53.3,44.1
57,125.5,101.9,15.667,45.3,44.5
57,127.1,103.3,15.733,44.8,41.8
57,129.1,104.9,15.8,46.8,39.6
57,130.9,106.6,15.867,47.6,43.1
57,132.7,108.8,15.933,56.8,49.4
57,134.6,110.8,16.0,51.5,46.8
57,136.7,112.7,16.067,48.2,42.3
57,138.9,114.7,16.133,47.4,41.9
57,141.1,116.8,16.2,47.1,42.9
57,143.3,119.1,16.267,51.6,48.2
57,145.7,121.6,16.333,52.2,45.9
57,148.3,124.4,16.4,54.2,46.4
57,151.0,127.1,16.467,51.8,45.9
57,154.1,130.1,16.533,53.1,43.3
57,157.2,133.3,16.6,53.2,45.7
57,160.3,136.7,16.667,54.7,47.9
57,163.9,140.2,16.733,53.4,44.4
57,167.5,144.0,16.8,54.5,46.4
57,171.1,148.2,16.867,55.6,49.7
57,175.5,152.7,16.933,56.3,45.8
57,180.2,157.2,17.0,52.8,43.5
57,185.0,162.3,17.067,55.5,46.3
57,190.1,167.6,17.133,54.6,46.1
57,195.4,173.6,17.2,55.9,48.5
57,201.7,179.9,17.267,56.0,45.2
57,208.2,187.1,17.333,57.6,47.7
57,215.3,194.6,17.4,55.6,47.0
57,222.8,203.0,17.467,56.3,48.2
57,231.4,212.2,17.533,56.2,46.7
57,240.9,222.2,17.6,56.2,46.8
57,251.2,233.7,17.667,57.3,47.9
57,263.0,246.4,17.733,56.9,47.1
57,276.1,261.0,17.8,57.8,48.3
58,102.1,68.6,14.333,60.0,64.1
58,104.2,69.8,14.467,54.1,34.1
58,109.5,74.0,14.933,50.9,44.4
58,110.4,74.7,15.0,45.7,38.3
58,112.2,75.9,15.133,49.0,38.6
58,113.1,76.7,15.2,50.6,39.6
58,116.2,78.8,15.4,53.9,42.4
58,116.6,79.8,15.467,60.4,68.3
58,118.0,80.8,15.533,56.2,36.0
58,122.8,84.0,15.8,51.2,37.9
58,123.9,85.1,15.867,55.3,47.5
58,125.2,86.0,15.933,44.5,34.4
58,126.4,87.0,16.0,46.0,40.0
58,128.3,88.1,16.067,49.4,30.8
58,129.5,89.1,16.133,44.5,39.1
58,131.2,90.2,16.2,46.1,32.4
58,134.1,92.9,16.333,48.5,42.6
58,135.4,94.0,16.4,43.1,40.1
58,139.3,96.6,16.533,54.2,34.8
58,141.1,97.8,16.6,42.4,33.3
58,143.1,99.5,16.667,58.3,40.5
58,144.8,100.9,16.733,44.7,38.9
58,146.9,102.5,16.8,51.9,37.5
58,149.3,104.4,16.867,57.6,38.6
58,151.5,105.9,16.933,45.5,35.4
58,154.1,107.7,17.0,51.4,35.0
58,156.6,109.7,17.067,54.5,38.4
58,159.1,111.6,17.133,49.3,37.0
58,161.6,114.1,17.2,61.8,45.5
58,164.5,116.6,17.267,58.5,39.9
58,167.5,118.7,17.333,48.8,35.7
58,170.8,121.4,17.4,57.3,39.1
58,174.1,124.1,17.467,56.5,39.4
58,178.1,126.9,17.533,54.3,34.8
58,181.5,129.8,17.6,54.3,40.7
58,185.4,133.3,17.667,60.6,41.3
58,189.8,136.7,17.733,55.8,37.3
58,193.9,140.2,17.8,55.4,41.5
58,198.9,144.0,17.867,55.5,36.8
58,203.6,148.1,17.933,56.4,40.6
58,209.4,152.8,18.0,61.1,39.1
58,214.8,157.6,18.067,57.6,41.6
58,220.5,162.6,18.133,55.9,41.5
58,226.9,168.2,18.2,59.1,41.5
58,234.2,174.2,18.267,58.3,39.5
58,242.4,180.7,18.333,58.6,38.1
58,251.1,187.8,18.4,59.0,39.3
58,260.4,195.7,18.467,59.3,40.0
58,270.7,204.4,18.533,59.8,40.3
58,281.6,213.8,18.6,58.8,40.9
58,293.5,224.3,18.667,58.7,41.2
58,306.6,236.1,18.733,59.2,42.1
58,321.0,249.5,18.8,59.0,43.0
58,338.2,263.7,18.867,57.8,39.7
59,94.6,62.8,14.333,57.6,47.2
59,97.4,64.9,14.667,54.7,47.0
59,98.5,65.7,14.8,53.1,53.4
59,100.8,67.0,15.0,59.5,35.2
59,101.3,67.5,15.067,43.0,45.4
59,104.3,69.8,15.333,52.8,48.8
59,107.2,71.9,15.6,51.6,38.0
59,108.9,73.0,15.733,55.1,43.2
59,112.7,75.6,16.0,43.6,34.4
59,114.6,77.0,16.133,45.8,34.5
59,115.6,77.9,16.2,53.3,40.1
59,116.4,78.7,16.267,49.9,45.7
59,119.5,80.9,16.467,53.1,47.2
59,121.9,82.6,16.6,48.3,38.3
59,123.1,83.8,16.667,61.8,45.4
59,124.7,84.8,16.733,52.0,33.5
59,125.8,85.8,16.8,49.0,42.6
59,127.3,86.9,16.867,47.7,33.8
59,128.8,87.8,16.933,43.8,33.0
59,130.2,88.8,17.0,44.6,35.1
59,131.4,89.9,17.067,47.5,42.7
59,133.4,91.1,17.133,48.6,30.3
59,134.9,92.6,17.2,61.2,44.6
59,137.0,93.8,17.267,46.7,30.0
59,138.8,95.1,17.333,48.3,34.5
59,140.8,96.7,17.4,59.5,39.7
59,142.7,98.0,17.467,47.5,35.2
59,144.5,99.5,17.533,51.3,40.5
59,146.7,100.8,17.6,42.7,30.2
59,148.7,102.5,17.667,53.2,39.6
59,151.1,104.3,17.733,56.3,37.8
59,153.3,106.1,17.8,51.9,37.9
59,155.4,108.1,17.867,56.1,44.4
59,158.3,110.2,17.933,57.2,36.0
59,160.9,112.1,18.0,50.1,36.9
59,166.5,117.2,18.133,58.3,44.7
59,169.7,119.7,18.2,56.1,37.7
59,173.1,122.3,18.267,56.2,37.8
59,176.6,125.1,18.333,55.6,38.1
59,180.5,128.3,18.4,61.5,39.3
59,184.7,131.5,18.467,57.4,37.3
59,189.2,135.1,18.533,61.5,38.8
59,193.7,138.5,18.6,56.0,37.8
59,198.6,142.5,18.667,60.3,39.2
59,203.2,146.8,18.733,60.1,42.7
59,208.3,151.2,18.8,57.8,40.8
59,214.4,156.1,18.867,60.4,38.7
59,220.9,161.4,18.933,61.3,39.0
59,227.8,167.0,19.0,59.9,39.1
59,235.1,173.2,19.067,61.0,40.2
59,251.6,187.6,19.2,61.2,41.6
59,261.1,195.6,19.267,60.9,40.2
59,271.6,204.6,19.333,61.7,40.4
59,282.8,214.5,19.4,60.8,41.5
59,309.3,238.1,19.533,61.6,42.0
59,325.8,251.9,19.6,61.5,40.0
59,344.0,265.0,19.667,55.0,35.6
62,86.5,65.4,15.6,54.4,57.3
62,93.1,71.6,16.4,47.9,49.0
62,93.7,72.3,16.467,52.9,48.8
62,94.8,73.1,16.6,44.8,42.7
62,96.1,74.5,16.733,54.0,50.9
62,96.8,75.3,16.8,51.1,49.6
62,97.7,76.0,16.867,46.0,39.8
62,99.1,77.5,17.0,50.9,46.0
62,99.7,78.3,17.067,49.6,55.0
62,103.4,81.2,17.333,53.0,52.5
62,104.1,82.1,17.4,44.3,49.3
62,104.8,83.0,17.467,45.8,52.1
62,105.8,84.0,17.533,51.2,47.5
62,108.3,86.7,17.733,44.2,48.5
62,109.3,87.9,17.8,52.5,49.1
62,111.4,89.7,17.933,45.4,45.1
62,112.4,90.9,18.0,46.8,46.4
62,113.6,92.0,18.067,42.5,42.6
62,116.5,94.5,18.2,56.5,44.9
62,118.0,95.9,18.267,49.2,42.1
62,120.9,98.7,18.4,57.1,46.1
62,125.7,103.0,18.6,46.4,42.7
62,127.2,104.8,18.667,51.9,49.0
62,128.8,106.7,18.733,52.7,50.1
62,130.4,108.7,18.8,53.7,50.9
62,132.3,110.6,18.867,50.9,45.8
62,134.3,112.8,18.933,52.2,46.6
62,136.7,114.8,19.0,49.4,41.4
62,139.0,117.4,19.067,56.4,47.7
62,141.3,119.7,19.133,51.2,45.6
62,143.5,122.5,19.2,56.3,52.1
62,146.1,125.4,19.267,56.4,48.8
62,148.9,128.3,19.333,53.1,45.2
62,151.9,131.5,19.4,55.3,46.8
62,155.1,134.7,19.467,53.3,45.7
62,158.2,138.3,19.533,55.4,49.1
62,161.4,142.1,19.6,55.1,49.4
62,165.2,146.2,19.667,56.0,46.9
62,169.1,150.5,19.733,55.7,48.4
62,173.1,155.2,19.8,55.7,49.0
62,177.4,160.0,19.867,54.5,48.5
62,182.3,165.5,19.933,57.0,47.9
62,187.5,171.3,20.0,56.0,48.6
62,192.9,177.5,20.067,55.4,48.5
62,199.1,184.4,20.133,56.9,48.2
62,205.6,191.9,20.2,56.5,49.1
62,212.4,199.8,20.267,54.9,49.3
62,219.8,208.9,20.333,56.5,51.0
62,228.3,218.9,20.4,56.8,49.6
62,237.9,230.0,20.467,57.1,49.2
62,247.8,242.4,20.533,56.1,51.1
62,258.8,256.4,20.6,56.5,52.0
62,272.3,266.7,20.667,42.7,37.4
63,256.6,115.8,17.4,60.0,202.6
63,246.7,111.3,17.533,60.8,203.1
63,233.3,105.2,17.733,59.0,204.5
63,229.3,103.7,17.8,51.0,200.6
63,222.1,100.2,17.933,58.8,204.7
63,218.8,98.9,18.0,48.7,201.1
63,215.4,97.5,18.067,58.2,203.0
63,212.1,96.0,18.133,61.4,204.6
63,209.0,94.8,18.2,48.4,200.5
63,205.1,93.8,18.267,45.7,195.1
63,202.6,92.6,18.333,53.0,205.0
63,200.3,91.6,18.4,46.4,204.4
63,197.7,90.4,18.467,56.6,204.8
63,195.0,89.1,18.533,58.3,203.7
63,192.7,88.0,18.6,56.2,206.1
63,190.5,87.0,18.667,50.9,203.6
63,188.1,86.0,18.733,55.8,203.7
63,185.7,84.9,18.8,57.1,204.1
63,183.6,84.0,18.867,54.2,204.9
63,181.5,83.1,18.933,47.1,201.2
63,179.4,82.2,19.0,55.1,204.0
63,177.5,81.3,19.067,58.8,206.4
63,173.6,79.9,19.2,54.1,204.9
63,169.8,78.2,19.333,45.0,199.5
63,164.8,76.3,19.533,50.9,202.4
63,161.7,75.1,19.667,49.4,204.8
63,158.6,73.9,19.8,58.4,206.4
63,157.5,73.3,19.867,47.1,208.6
63,154.7,72.2,20.0,58.8,210.9
63,153.3,71.5,20.067,53.9,204.3
63,150.8,70.4,20.2,52.3,203.8
63,145.1,68.2,20.533,43.1,201.9
63,142.9,67.2,20.667,47.7,204.8
63,138.8,65.5,20.933,46.0,203.5
63,134.7,63.8,21.2,44.7,201.7
65,243.1,109.4,19.533,61.3,202.1
65,217.8,98.6,19.933,55.4,199.9
65,214.7,97.1,20.0,60.7,206.1
65,211.2,95.8,20.067,50.7,199.4
65,207.8,94.6,20.133,53.6,200.2
65,202.0,91.8,20.267,54.7,202.1
65,196.5,89.2,20.4,58.0,205.4
65,193.9,88.2,20.467,50.1,200.7
65,191.3,87.3,20.533,47.2,199.6
65,188.6,86.3,20.6,52.5,200.8
65,183.9,84.3,20.733,44.3,199.6
65,181.8,83.5,20.8,42.4,199.7
65,180.0,82.8,20.867,42.8,202.1
65,177.7,81.8,20.933,54.8,201.9
65,175.5,80.9,21.0,57.3,203.9
65,173.6,79.9,21.067,61.4,205.9
65,171.7,79.1,21.133,54.4,204.7
65,166.0,76.6,21.333,53.2,202.4
65,164.6,76.0,21.4,45.1,204.2
65,158.2,74.0,21.667,53.5,203.9
65,154.0,71.9,21.867,57.1,204.3
65,152.7,71.3,21.933,52.4,206.5
65,149.8,70.3,22.067,47.5,201.4
65,148.6,69.7,22.133,57.9,206.9
65,147.6,69.1,22.2,55.0,211.8
65,145.3,68.1,22.333,49.3,201.9
65,139.7,66.1,22.667,57.0,204.8
65,136.8,64.9,22.867,44.6,203.1
65,132.7,62.9,23.133,60.1,200.4
65,131.1,62.2,23.267,59.6,212.3
65,128.4,61.5,23.467,48.8,202.6
65,121.4,58.1,24.133,50.5,207.2
65,116.5,56.1,24.667,55.0,205.2
69,89.0,58.4,21.867,42.7,52.3
69,90.8,59.8,22.133,47.1,42.5
69,92.4,61.0,22.4,59.6,48.9
69,98.3,65.3,23.133,54.2,33.1
69,99.0,66.0,23.2,61.3,40.6
69,99.8,66.8,23.333,53.1,53.3
69,101.9,68.2,23.533,56.1,38.4
69,105.2,71.0,23.867,46.3,38.0
69,107.5,72.2,24.0,45.9,27.8
69,108.1,72.9,24.067,47.2,51.3
69,109.1,73.7,24.133,57.9,37.4
69,111.1,75.0,24.267,42.6,31.6
69,112.1,75.8,24.333,56.9,43.0
69,114.8,78.0,24.533,50.6,38.4
69,117.2,79.6,24.667,54.7,37.2
69,118.2,80.5,24.733,49.1,39.7
69,119.4,81.4,24.8,47.8,38.1
69,120.7,82.3,24.867,49.4,34.9
69,123.2,84.6,25.0,51.6,40.1
69,124.1,85.5,25.067,46.3,45.0
69,125.8,86.8,25.133,57.0,35.2
69,127.3,87.8,25.2,49.3,35.6
69,128.7,88.9,25.267,46.6,36.9
69,131.8,91.0,25.4,50.0,35.9
69,133.5,92.5,25.467,60.8,41.8
69,135.3,93.9,25.533,53.1,37.2
69,136.7,95.1,25.6,43.8,40.2
69,138.7,96.7,25.667,61.1,39.9
69,140.9,98.2,25.733,52.8,34.3
69,143.1,99.9,25.8,56.1,36.3
69,147.6,103.7,25.933,56.4,37.6
69,149.8,105.6,26.0,56.2,41.4
69,151.7,107.5,26.067,54.2,44.7
69,154.7,109.5,26.133,55.2,33.5
69,157.5,111.6,26.2,55.2,37.2
69,160.4,114.0,26.267,58.4,39.1
69,163.6,116.4,26.333,58.3,38.0
69,169.9,121.9,26.467,57.6,38.8
69,177.4,128.2,26.6,60.4,39.4
69,181.6,131.4,26.667,57.9,37.3
69,185.8,134.9,26.733,60.9,40.4
69,200.4,147.6,26.933,58.8,40.7
69,261.6,202.0,27.467,61.3,40.6
70,83.8,54.8,22.133,54.9,57.6
70,84.2,55.2,22.2,58.0,44.4
70,85.6,56.2,22.467,42.9,34.3
70,87.2,57.2,22.8,45.6,43.0
70,88.8,57.9,23.067,46.3,40.3
70,89.6,59.1,23.2,61.2,43.2
70,91.9,60.6,23.533,46.7,36.2
70,92.5,61.1,23.6,53.3,39.0
70,96.4,63.9,24.133,47.7,41.7
70,98.5,65.4,24.4,61.1,49.1
70,99.0,66.0,24.467,54.2,48.1
70,105.5,70.1,25.067,43.2,32.0
70,108.2,72.2,25.267,52.7,32.6
70,110.5,73.7,25.467,43.0,35.2
70,111.5,74.4,25.533,46.9,35.5
70,112.3,75.2,25.6,51.0,41.4
70,113.3,75.9,25.667,48.0,35.9
70,118.1,79.6,26.0,52.5,44.0
70,119.0,80.5,26.067,49.6,43.9
70,120.6,81.4,26.133,46.6,27.8
70,121.6,82.4,26.2,58.2,48.2
70,123.1,83.3,26.267,45.2,30.7
70,124.5,84.3,26.333,50.2,36.1
70,127.2,86.7,26.467,49.9,35.9
70,130.0,88.6,26.6,45.4,36.0
70,131.4,89.8,26.667,52.1,40.5
70,133.1,91.0,26.733,48.6,35.4
70,134.9,92.2,26.8,47.3,32.1
70,136.7,93.4,26.867,50.7,36.0
70,138.5,94.9,26.933,55.7,38.1
70,140.2,96.2,27.0,46.8,37.5
70,142.0,97.9,27.067,59.8,42.6
70,144.0,99.2,27.133,46.4,34.0
70,146.1,100.7,27.2,49.0,35.3
70,148.2,102.6,27.267,60.6,43.0
70,150.5,104.4,27.333,55.9,38.4
70,152.9,106.0,27.4,47.9,33.8
70,155.3,108.0,27.467,54.6,38.8
70,157.8,109.9,27.533,53.3,38.3
70,160.4,112.3,27.6,60.6,42.3
70,163.3,114.5,27.667,54.5,37.3
70,166.3,116.8,27.733,54.6,37.6
70,169.6,119.4,27.8,59.0,38.5
70,176.4,125.3,27.933,59.7,40.4
70,180.1,128.4,28.0,58.9,39.9
70,184.0,131.1,28.067,49.8,35.1
70,188.1,134.3,28.133,55.1,37.8
70,192.6,137.9,28.2,58.0,38.1
70,197.6,141.7,28.267,58.2,37.4
70,208.3,150.4,28.4,59.3,39.0
70,242.7,179.8,28.733,58.4,38.4
70,251.4,187.2,28.8,61.0,40.4
70,261.0,195.2,28.867,60.7,39.7
70,271.6,203.7,28.933,59.9,38.9
70,283.3,213.4,29.0,61.0,39.6
70,310.8,236.7,29.133,57.2,37.4
70,346.1,265.0,29.267,59.5,37.8
74,83.2,54.8,23.333,60.3,38.5
74,83.8,55.1,23.4,48.6,30.9
74,85.0,56.0,23.667,54.6,53.0
74,87.7,57.8,24.2,53.9,44.1
74,90.3,60.0,24.6,43.1,40.2
74,93.0,62.2,25.0,61.0,36.1
74,95.9,63.9,25.333,59.9,40.5
74,97.8,65.1,25.533,53.2,41.8
74,102.9,68.6,26.0,50.4,38.4
74,104.8,70.0,26.2,44.4,37.2
74,107.5,71.9,26.4,46.9,28.8
74,108.4,72.7,26.467,55.4,39.9
74,109.9,73.8,26.6,48.0,43.7
74,110.9,74.6,26.667,56.4,40.8
74,113.5,76.6,26.867,54.2,38.6
74,114.5,77.5,26.933,51.8,38.0
74,116.9,78.8,27.067,46.5,32.0
74,118.2,79.7,27.133,51.9,35.0
74,119.6,80.8,27.2,61.2,37.9
74,120.8,81.7,27.267,48.0,35.9
74,122.6,83.5,27.4,54.2,48.7
74,123.9,84.3,27.467,42.6,32.6
74,126.3,86.2,27.6,50.5,38.7
74,127.9,87.3,27.667,54.1,36.7
74,129.4,88.4,27.733,46.8,34.9
74,130.8,89.7,27.8,56.4,42.0
74,132.2,90.7,27.867,44.1,35.9
74,134.2,91.9,27.933,46.4,30.1
74,136.0,93.2,28.0,54.5,37.6
74,138.0,94.7,28.067,56.0,36.1
74,140.0,95.9,28.133,43.2,30.4
74,142.0,97.4,28.2,54.5,36.8
74,144.1,98.9,28.267,53.0,36.4
74,146.0,100.5,28.333,51.9,38.6
74,150.3,104.0,28.467,49.2,33.9
74,152.8,105.8,28.533,52.7,35.4
74,155.5,107.7,28.6,55.9,36.2
74,158.2,109.8,28.667,55.2,36.7
74,160.8,111.8,28.733,54.0,38.0
74,163.9,114.2,28.8,60.3,38.3
74,166.8,116.7,28.867,57.8,39.9
74,169.8,119.4,28.933,60.0,41.9
74,173.2,122.0,29.0,56.6,37.7
74,177.0,124.8,29.067,57.5,36.4
74,180.7,127.9,29.133,58.6,39.3
74,185.0,131.2,29.2,61.6,38.3
74,189.4,134.6,29.267,58.1,37.6
74,197.4,142.4,29.4,57.5,47.6
74,208.9,151.5,29.533,61.4,38.4
74,215.3,156.4,29.6,61.1,37.6
74,221.9,161.8,29.667,61.2,38.9
74,253.1,188.8,29.933,61.0,40.8
74,262.8,197.1,30.0,61.6,40.7
74,315.0,242.4,30.267,61.8,40.6
74,351.1,267.5,30.4,47.1,28.1
75,218.2,99.6,23.667,47.3,199.1
75,210.5,96.1,23.8,60.2,202.6
75,200.3,92.0,24.0,53.6,199.7
75,194.7,89.3,24.133,60.7,204.2
75,191.9,88.1,24.2,58.5,203.0
75,189.4,87.2,24.267,47.1,200.4
75,186.6,86.2,24.333,50.4,199.0
75,183.9,85.2,24.4,56.5,201.5
75,181.8,84.2,24.467,51.2,203.2
75,179.6,83.3,24.533,55.8,204.4
75,177.4,82.3,24.6,57.5,203.6
75,173.2,80.9,24.733,44.2,199.7
75,171.1,79.9,24.8,61.1,205.1
75,167.0,78.0,24.933,59.8,203.3
75,158.7,74.6,25.267,45.6,201.3
75,157.0,73.9,25.333,52.0,201.9
75,155.7,73.2,25.4,53.0,207.7
75,151.3,71.3,25.6,51.6,203.2
75,144.9,68.6,25.933,43.3,201.0
75,143.9,68.1,26.0,51.1,209.2
75,140.8,66.5,26.2,50.4,201.6
75,139.5,65.9,26.267,51.0,201.6
75,130.5,62.5,26.867,52.9,206.0
75,129.7,62.1,26.933,43.2,203.4
75,128.2,61.6,27.067,44.0,209.6
75,122.9,59.1,27.533,44.6,204.8
75,121.9,58.3,27.667,60.7,219.0
75,121.4,58.0,27.733,43.0,211.9
75,114.6,55.4,28.333,59.6,208.0
75,114.1,55.1,28.4,51.5,215.0
79,440.6,198.7,24.867,55.7,211.2
79,236.2,105.6,26.267,58.5,200.1
79,223.1,100.1,26.467,61.5,201.6
79,219.2,98.6,26.533,55.0,199.8
79,215.4,97.2,26.6,59.1,201.4
79,212.2,95.9,26.667,51.9,201.6
79,205.6,92.8,26.8,54.2,202.0
79,202.5,91.6,26.867,55.7,201.4
79,191.0,86.8,27.133,44.6,199.5
79,188.7,85.8,27.2,49.4,201.5
79,185.8,84.8,27.267,56.5,199.9
79,183.4,83.8,27.333,54.8,202.1
79,181.2,82.9,27.4,53.3,202.5
79,176.6,81.0,27.533,55.0,201.4
79,172.9,79.2,27.667,49.2,201.5
79,170.6,78.5,27.733,43.0,196.4
79,168.7,77.9,27.8,44.1,199.1
79,166.9,77.0,27.867,59.7,205.9
79,165.1,76.2,27.933,59.2,205.1
79,163.5,75.4,28.0,59.1,206.7
79,162.2,74.8,28.067,43.3,204.6
79,158.4,73.0,28.267,57.7,221.7
79,150.2,70.0,28.6,55.1,207.3
79,148.9,69.4,28.667,59.3,208.1
79,146.3,68.3,28.8,56.2,204.0
79,144.1,67.4,28.933,54.1,205.5
79,140.7,66.0,29.133,51.7,205.1
79,139.1,65.0,29.267,53.5,211.4
79,136.4,64.1,29.4,59.8,197.1
79,130.8,61.9,29.8,51.4,206.0
82,85.9,57.1,25.4,43.5,38.9
82,86.7,57.9,25.667,52.5,80.0
82,89.3,59.0,25.933,42.4,34.3
82,94.1,62.5,26.6,44.5,42.0
82,94.3,63.1,26.667,58.2,69.7
82,96.6,63.9,26.867,47.7,35.5
82,96.8,64.8,27.0,58.1,90.5
82,98.1,65.8,27.133,54.9,40.3
82,100.3,66.7,27.267,54.5,33.2
82,102.0,67.7,27.467,54.2,52.3
82,102.9,68.3,27.533,48.9,33.3
82,104.5,69.7,27.733,52.3,51.5
82,105.3,70.4,27.8,54.5,40.9
82,106.6,71.0,27.867,42.8,23.1
82,107.6,71.8,27.933,60.4,39.7
82,108.8,72.9,28.067,46.3,50.2
82,111.5,75.0,28.267,54.3,36.5
82,112.4,75.7,28.333,45.0,37.2
82,114.3,76.8,28.467,44.4,40.0
82,115.4,77.8,28.533,61.4,42.5
82,116.5,78.7,28.6,51.4,36.5
82,119.8,80.8,28.8,48.2,38.4
82,121.1,81.7,28.867,50.6,37.2
82,122.2,82.8,28.933,54.0,40.8
82,123.5,83.9,29.0,58.9,41.4
82,124.6,84.8,29.067,44.0,39.6
82,126.1,85.7,29.133,44.5,31.9
82,127.3,86.8,29.2,50.2,42.1
82,128.9,87.8,29.267,44.2,30.7
82,130.3,88.8,29.333,47.3,36.4
82,131.9,89.9,29.4,47.6,35.9
82,133.6,91.0,29.467,44.8,31.6
82,136.9,93.8,29.6,46.3,31.8
82,138.8,95.3,29.667,59.4,39.4
82,140.5,96.7,29.733,50.3,39.8
82,142.3,98.1,29.8,47.4,35.9
82,144.6,99.8,29.867,59.0,37.0
82,146.8,101.3,29.933,49.5,35.3
82,148.8,103.1,30.0,54.7,40.9
82,151.0,104.9,30.067,56.2,40.2
82,153.6,106.8,30.133,54.9,35.9
82,156.4,108.7,30.2,53.6,34.0
82,159.0,110.8,30.267,55.1,38.6
82,164.7,115.7,30.4,58.2,39.0
82,167.6,118.2,30.467,56.7,40.5
82,170.7,121.0,30.533,60.1,42.4
82,174.1,123.8,30.6,58.3,39.5
82,178.0,126.8,30.667,59.5,37.8
82,181.6,129.9,30.733,56.8,40.8
82,186.0,133.3,30.8,60.8,38.1
82,195.2,141.0,30.933,59.5,40.0
82,200.3,145.2,31.0,60.6,39.5
82,217.8,159.9,31.2,60.0,40.2
82,224.5,165.5,31.267,61.4,40.3
82,258.1,194.3,31.533,61.2,40.6
82,342.8,265.6,31.933,53.8,33.1
84,209.1,87.1,26.133,61.3,199.7
84,206.2,86.2,26.2,47.5,196.9
84,203.2,85.4,26.267,47.9,196.1
84,200.7,84.5,26.333,49.4,198.8
84,190.4,80.3,26.6,58.5,200.3
84,183.6,78.0,26.8,47.0,197.1
84,181.6,77.1,26.867,61.3,202.5
84,173.9,74.1,27.133,61.0,206.5
84,170.5,73.0,27.267,58.1,202.9
84,162.5,70.0,27.6,44.0,199.5
84,155.5,67.3,27.933,59.0,202.0
84,154.8,66.9,28.0,44.9,210.5
84,148.3,64.6,28.333,53.5,197.6
84,147.3,64.1,28.4,58.3,208.0
88,219.4,111.0,27.867,59.1,203.8
88,210.6,106.9,28.0,59.2,204.2
88,195.7,99.4,28.267,60.8,205.0
88,192.5,97.8,28.333,59.4,206.4
88,189.5,96.3,28.4,58.7,206.8
88,183.6,93.5,28.533,50.8,203.9
88,178.1,90.7,28.667,52.5,203.7
88,175.6,89.6,28.733,54.3,205.0
88,173.2,88.3,28.8,59.7,207.9
88,170.9,87.1,28.867,59.6,207.4
88,168.6,86.2,28.933,47.7,202.5
88,166.5,85.0,29.0,58.8,207.7
88,164.3,84.0,29.067,55.5,206.2
88,162.2,83.0,29.133,52.6,204.5
88,160.2,82.0,29.2,57.4,206.8
88,158.3,81.0,29.267,59.1,207.4
88,156.6,80.2,29.333,51.4,207.0
88,154.7,79.2,29.4,61.3,207.6
88,152.9,78.3,29.467,57.0,206.7
88,149.7,76.9,29.6,53.1,205.9
88,148.4,76.1,29.667,58.5,212.7
88,145.5,75.0,29.8,47.2,203.6
88,144.0,74.3,29.867,50.0,204.8
88,141.2,72.5,30.0,50.8,205.0
88,136.3,70.2,30.267,57.5,207.4
88,132.7,68.4,30.467,50.7,210.3
88,131.0,67.3,30.6,60.0,216.5
88,126.6,65.5,30.867,51.5,206.3
88,123.9,64.3,31.067,45.3,202.9
88,119.6,62.1,31.4,48.4,207.4
88,116.6,60.8,31.667,45.6,209.1
88,109.2,57.1,32.4,48.9,209.0
89,84.1,56.9,27.133,42.7,37.0
89,86.9,60.8,27.933,57.7,57.7
89,88.0,61.8,28.133,43.4,40.8
89,88.0,62.3,28.2,50.9,87.9
89,88.6,63.1,28.333,44.5,62.7
89,89.7,65.0,28.667,59.0,60.5
89,91.0,66.4,28.867,50.8,70.8
89,94.6,70.9,29.467,53.5,57.2
89,96.8,74.1,29.8,56.3,63.7
89,97.4,74.9,29.867,55.9,55.7
89,98.5,75.9,30.0,43.2,51.6
89,100.2,78.6,30.2,58.1,58.0
89,101.5,80.0,30.333,45.9,50.9
89,102.0,80.9,30.4,49.6,60.2
89,102.6,81.8,30.467,46.8,55.9
89,103.4,82.9,30.533,57.6,57.7
89,104.0,84.0,30.6,49.8,56.5
89,104.7,85.0,30.667,51.9,58.2
89,105.3,86.2,30.733,52.0,60.1
89,108.1,90.0,31.0,48.3,48.7
89,108.9,91.2,31.067,50.4,56.2
89,109.7,92.7,31.133,56.0,61.5
89,110.7,94.1,31.2,50.7,53.1
89,111.1,95.7,31.267,58.4,78.6
89,112.3,97.1,31.333,47.6,47.9
89,113.2,98.7,31.4,56.0,60.9
89,114.4,100.2,31.467,47.2,50.7
89,115.7,101.9,31.533,50.8,53.5
89,116.6,103.6,31.6,51.7,61.4
89,117.9,105.6,31.667,55.1,56.9
89,119.2,107.6,31.733,53.8,56.9
89,120.7,109.6,31.8,53.1,54.1
89,122.2,111.7,31.867,52.0,54.4
89,123.8,114.3,31.933,61.6,58.3
89,125.5,116.8,32.0,55.3,55.7
89,127.2,119.4,32.067,55.1,57.1
89,128.8,122.4,32.133,58.3,61.5
89,130.8,125.3,32.2,55.7,55.4
89,132.8,128.4,32.267,56.4,57.3
89,137.6,135.8,32.4,58.2,57.2
89,140.1,139.8,32.467,58.7,57.7
89,142.7,144.2,32.533,60.3,59.0
89,145.5,148.6,32.6,56.6,57.2
89,148.9,153.5,32.667,59.7,56.1
89,152.0,158.8,32.733,58.6,59.8
89,155.8,164.7,32.8,60.2,56.5
89,159.6,171.1,32.867,59.9,59.6
89,163.5,177.7,32.933,57.2,59.3
89,169.0,185.2,33.0,60.3,54.0
89,174.3,193.7,33.067,60.9,58.1
89,179.9,203.0,33.133,60.6,59.0
89,186.0,213.6,33.2,61.4,60.0
89,193.1,225.2,33.267,60.1,58.3
89,201.6,238.4,33.333,61.4,57.3
89,210.8,253.4,33.4,61.1,58.4
89,221.6,265.7,33.467,47.4,48.8
90,94.5,63.4,27.733,45.6,36.2
90,100.3,66.9,28.333,49.0,38.4
90,101.9,67.8,28.467,48.3,32.8
90,102.7,68.7,28.6,48.7,65.0
90,103.6,69.7,28.733,51.9,46.5
90,106.6,71.7,29.0,60.2,54.8
90,107.3,72.4,29.067,52.3,48.8
90,110.8,74.8,29.333,58.7,36.9
90,111.5,75.5,29.4,47.5,47.0
90,113.3,76.8,29.533,49.5,41.2
90,114.1,77.7,29.6,56.3,47.4
90,115.8,78.9,29.733,47.4,45.5
90,116.8,79.9,29.8,54.2,43.1
90,118.1,80.8,29.867,51.8,35.7
90,119.3,81.8,29.933,52.4,39.4
90,122.5,84.0,30.133,46.7,44.5
90,123.9,85.0,30.2,51.4,37.1
90,125.3,86.0,30.267,46.0,33.7
90,126.4,87.1,30.333,49.7,43.1
90,128.2,88.2,30.4,49.6,32.7
90,129.7,89.2,30.467,44.1,33.6
90,130.5,90.3,30.533,49.3,53.9
90,131.9,91.4,30.6,46.7,39.1
90,133.8,92.8,30.667,56.8,36.7
90,140.6,98.0,30.933,42.4,33.5
90,142.7,99.6,31.0,54.5,37.6
90,144.6,101.0,31.067,48.9,37.8
90,146.6,102.7,31.133,51.5,39.4
90,148.5,104.1,31.2,44.6,38.3
90,150.7,105.9,31.267,51.1,37.1
90,152.7,107.7,31.333,51.8,43.0
90,155.5,109.6,31.4,52.4,34.3
90,158.3,111.6,31.467,51.3,34.8
90,161.1,113.7,31.533,54.1,38.2
90,163.6,116.2,31.6,59.2,44.5
90,166.3,118.5,31.667,52.2,40.5
90,169.6,121.3,31.733,59.2,39.6
90,172.9,124.1,31.8,58.4,40.9
90,176.4,127.0,31.867,55.9,39.9
90,180.4,130.1,31.933,57.9,37.6
90,184.5,133.3,32.0,56.0,38.1
90,188.3,137.0,32.067,60.3,44.2
90,192.8,140.9,32.133,59.5,41.0
90,197.5,145.0,32.2,58.6,40.7
90,201.9,149.2,32.267,57.1,44.0
90,207.7,153.8,32.333,58.7,38.1
90,213.8,158.9,32.4,60.2,40.0
90,220.1,164.4,32.467,60.1,41.1
90,226.7,170.2,32.533,59.3,41.7
90,233.7,176.5,32.6,59.1,41.8
90,241.9,183.5,32.667,60.1,40.2
90,250.6,191.2,32.733,61.0,41.8
90,260.3,199.7,32.8,60.8,40.9
90,270.8,208.9,32.867,60.2,41.5
90,282.7,219.2,32.933,61.3,40.9
90,310.1,244.5,33.067,61.6,42.4
90,326.2,259.3,33.133,60.8,42.5
90,345.1,268.0,33.2,43.6,24.9
92,253.1,114.2,34.467,47.1,205.6
92,211.5,96.2,35.067,60.8,201.9
92,201.2,91.7,35.267,60.7,201.7
92,192.0,87.9,35.467,50.5,198.2
92,189.4,86.9,35.533,50.1,200.5
92,186.9,85.8,35.6,55.7,202.9
92,181.9,83.7,35.733,51.4,201.1
92,172.7,79.9,36.0,58.6,203.1
92,170.6,79.2,36.067,45.2,198.4
92,168.6,78.3,36.133,59.5,205.1
92,165.2,76.6,36.267,50.4,205.4
92,163.6,75.9,36.333,48.9,203.6
92,159.9,74.3,36.467,55.3,201.4
92,156.9,73.0,36.6,54.0,205.5
92,152.3,71.1,36.8,52.5,205.1
92,130.7,62.1,38.067,46.6,204.0
92,128.5,60.9,38.267,47.1,204.6
92,126.8,60.3,38.4,57.6,206.0
92,122.0,58.1,38.8,51.0,205.6
94,222.1,101.4,29.533,50.5,199.4
94,213.1,98.1,29.667,60.0,198.9
94,198.5,91.9,29.933,56.0,202.4
94,191.9,89.5,30.067,47.6,196.6
94,188.8,88.3,30.133,59.4,201.5
94,185.7,87.1,30.2,60.4,201.1
94,182.9,86.0,30.267,58.0,202.0
94,180.5,84.9,30.333,59.9,204.2
94,178.1,83.8,30.4,60.2,204.3
94,175.4,83.0,30.467,45.4,196.9
94,172.6,82.0,30.533,55.7,199.4
94,170.1,81.2,30.6,49.8,198.3
94,167.9,80.2,30.667,57.6,203.2
94,165.5,79.3,30.733,59.6,201.7
94,163.3,78.5,30.8,48.5,199.6
94,159.4,77.1,30.933,59.7,204.4
94,157.7,76.3,31.0,57.5,205.5
94,152.4,74.2,31.2,48.5,201.1
94,147.3,71.9,31.4,57.2,203.6
94,140.1,70.0,31.667,57.9,199.7
94,138.7,69.3,31.733,56.8,205.1
94,133.9,67.1,32.0,55.5,210.7
94,131.5,66.4,32.133,52.0,208.1
94,123.5,63.3,32.6,45.2,202.9
96,87.4,86.7,34.2,44.5,70.6
96,88.0,87.7,34.267,43.5,59.2
96,88.7,89.0,34.333,50.7,57.4
96,91.6,92.5,34.533,56.6,60.8
96,93.4,95.0,34.667,58.3,56.7
96,94.6,96.5,34.733,52.2,50.9
96,96.4,99.6,34.867,55.0,59.6
96,98.5,102.6,35.0,48.3,54.9
96,100.7,105.8,35.133,48.3,58.5
96,102.3,107.6,35.2,50.1,49.7
96,103.4,109.7,35.267,51.9,61.8
96,104.3,111.7,35.333,48.2,66.4
96,105.7,113.7,35.4,46.0,53.1
96,106.1,115.7,35.467,45.3,81.6
96,108.7,118.2,35.533,53.5,43.0
96,110.9,120.7,35.6,49.7,47.6
96,112.2,123.4,35.667,53.1,64.6
96,113.6,126.1,35.733,49.0,62.6
96,116.2,129.3,35.8,55.6,50.9
96,118.1,132.4,35.867,51.5,59.0
96,120.5,135.8,35.933,52.3,54.1
96,122.8,139.2,36.0,50.9,56.3
96,125.1,143.0,36.067,52.1,58.4
96,127.1,146.9,36.133,51.6,63.2
96,129.7,151.1,36.2,51.3,58.5
96,132.4,155.9,36.267,54.3,60.9
96,135.4,160.8,36.333,52.4,58.4
96,138.6,165.9,36.4,51.3,57.4
96,142.2,171.6,36.467,52.5,57.6
96,145.9,178.0,36.533,55.2,60.1
96,150.1,184.7,36.6,52.8,58.1
96,154.2,192.2,36.667,54.3,61.0
96,158.9,200.3,36.733,53.7,60.2
96,163.9,209.3,36.8,54.3,60.8
96,169.2,218.8,36.867,52.1,61.1
96,175.4,229.6,36.933,53.2,59.9
96,182.2,241.7,37.0,53.8,60.7
96,190.0,255.5,37.067,54.9,60.6
100,438.9,199.5,30.2,56.5,219.1
100,246.1,110.6,31.467,60.1,202.1
100,232.4,104.7,31.667,61.1,202.7
100,216.6,97.7,31.933,57.0,202.2
100,213.3,96.5,32.0,49.8,200.1
100,207.0,93.6,32.133,53.9,202.3
100,204.3,92.3,32.2,57.6,205.1
100,201.0,91.0,32.267,58.1,200.8
100,195.1,88.6,32.4,53.4,200.6
100,192.4,87.7,32.467,42.8,197.6
100,189.9,86.7,32.533,51.5,201.9
100,187.4,85.8,32.6,49.4,200.3
100,182.7,83.7,32.733,51.4,201.3
100,178.2,81.8,32.867,49.4,201.6
100,176.1,81.0,32.933,47.9,200.7
100,170.3,78.1,33.133,51.6,202.0
100,166.8,76.9,33.267,47.3,202.1
100,157.3,73.0,33.667,57.4,205.4
100,155.8,72.4,33.733,44.3,200.1
100,154.3,71.9,33.8,44.8,200.0
100,152.8,71.1,33.867,59.7,205.3
100,149.9,70.1,34.0,49.7,204.9
100,146.5,68.4,34.2,50.8,206.0
100,143.3,67.1,34.4,58.3,202.3
100,141.1,66.0,34.533,45.3,205.2
100,134.8,63.5,34.933,45.3,203.9
100,133.8,63.1,35.0,44.3,201.5
101,216.9,90.7,31.267,61.6,200.3
101,213.6,89.5,31.333,58.5,199.4
101,207.5,87.1,31.467,57.6,200.1
101,204.3,86.1,31.533,52.8,197.1
101,201.5,85.1,31.6,54.0,199.2
101,198.6,84.1,31.667,60.8,200.2
101,193.2,81.9,31.8,58.0,199.4
101,188.1,80.0,31.933,61.5,200.7
101,185.9,79.1,32.0,59.8,201.6
101,181.4,77.4,32.133,52.8,200.8
101,179.2,76.7,32.2,49.5,197.6
101,177.2,76.1,32.267,45.0,197.2
101,171.6,73.7,32.467,44.4,197.0
101,169.5,73.0,32.533,58.0,199.5
101,166.2,71.6,32.667,49.6,200.5
101,164.5,71.0,32.733,49.5,198.9
101,159.8,69.3,32.933,58.8,203.9
101,158.3,68.8,33.0,51.0,200.5
101,157.0,68.3,33.067,43.5,199.8
101,150.5,65.9,33.4,52.7,206.9
101,149.3,65.3,33.467,61.1,205.7
101,147.2,64.2,33.6,61.6,206.4
101,138.5,61.2,34.133,47.6,199.9
101,134.5,59.8,34.4,50.4,202.0
101,133.5,59.4,34.467,57.3,202.9
101,132.9,59.0,34.533,52.3,214.0
101,131.5,58.7,34.667,54.0,203.2
102,112.2,75.4,30.533,50.3,52.8
102,114.5,76.9,30.667,51.6,28.7
102,116.4,78.7,30.8,46.3,41.0
102,119.4,80.7,31.0,54.6,33.7
102,120.5,81.7,31.067,51.1,39.4
102,123.1,84.0,31.2,56.4,42.5
102,124.8,85.1,31.267,51.3,31.2
102,126.3,86.2,31.333,53.8,37.4
102,127.8,87.4,31.4,54.7,38.1
102,129.2,88.4,31.467,45.9,35.9
102,130.5,89.4,31.533,44.9,38.7
102,132.2,90.7,31.6,52.9,36.1
102,134.3,92.1,31.667,59.3,34.9
102,136.6,93.6,31.733,58.5,32.3
102,137.8,94.9,31.8,49.6,47.7
102,141.8,97.7,31.933,60.4,35.6
102,143.8,99.5,32.0,61.7,42.1
102,145.7,100.9,32.067,47.1,38.1
102,148.0,102.5,32.133,51.1,34.5
102,152.6,106.4,32.267,53.2,44.1
102,155.2,108.3,32.333,53.5,36.4
102,157.8,110.4,32.4,56.8,38.9
102,160.8,112.6,32.467,54.9,35.2
102,167.3,117.5,32.6,51.8,34.5
102,174.0,123.2,32.733,59.6,42.6
102,177.8,126.1,32.8,58.6,37.4
102,181.5,129.2,32.867,58.1,40.5
102,190.7,136.7,33.0,60.2,38.0
102,195.2,140.7,33.067,60.8,40.8
102,200.1,144.9,33.133,61.0,41.2
102,211.7,154.4,33.267,60.9,38.3
102,218.1,159.6,33.333,61.8,39.1
102,344.1,266.3,34.067,51.7,32.5
105,81.7,77.7,31.067,49.4,65.5
105,82.7,79.0,31.2,42.7,57.7
105,82.9,79.9,31.267,50.7,81.1
105,83.4,82.1,31.467,50.2,114.3
105,84.0,84.0,31.6,57.0,71.4
105,85.8,85.0,31.667,42.7,27.3
105,86.9,86.1,31.733,51.5,45.7
105,87.9,87.3,31.8,48.4,50.8
105,91.4,91.1,32.067,46.5,59.0
105,91.8,92.2,32.133,43.4,71.5
105,92.5,93.6,32.2,50.4,62.2
105,95.9,97.5,32.4,55.4,66.9
105,97.6,100.5,32.533,53.9,71.3
105,99.8,103.6,32.667,47.9,60.5
105,101.1,105.4,32.733,50.1,54.3
105,102.6,107.2,32.8,48.3,49.9
105,103.7,109.0,32.867,47.3,59.6
105,105.1,111.0,32.933,48.9,55.7
105,107.0,113.1,33.0,50.5,48.4
105,108.6,115.3,33.067,49.2,53.1
105,110.1,117.6,33.133,50.1,57.1
105,111.3,119.8,33.2,45.1,61.3
105,112.8,122.3,33.267,49.2,58.8
105,115.3,125.1,33.333,52.8,48.3
105,117.2,128.2,33.4,53.5,58.4
105,119.3,131.3,33.467,53.3,55.4
105,122.0,134.6,33.533,52.4,51.5
105,124.5,138.4,33.6,57.4,56.7
105,126.9,142.2,33.667,52.8,57.5
105,129.8,146.2,33.733,53.6,54.1
105,132.5,150.6,33.8,54.5,57.9
105,135.7,155.1,33.867,52.3,54.6
105,139.0,160.1,33.933,54.8,56.6
105,142.8,165.5,34.0,54.7,55.2
105,146.3,171.3,34.067,54.1,58.6
105,150.5,177.6,34.133,54.9,56.5
105,154.9,184.6,34.2,55.5,57.8
105,159.7,192.1,34.267,54.8,57.4
105,165.0,200.5,34.333,56.4,57.7
105,170.8,210.0,34.4,57.2,58.5
105,177.4,220.1,34.467,55.7,56.8
105,184.5,231.4,34.533,55.5,57.8
105,192.0,244.4,34.6,56.6,60.2
105,200.6,258.4,34.667,54.6,58.5
115,83.9,63.5,32.333,60.7,48.5
115,88.6,67.3,32.867,49.0,42.2
115,90.3,68.7,33.067,42.5,50.1
115,90.6,69.3,33.133,46.2,59.9
115,91.3,69.9,33.2,47.8,43.9
115,91.6,70.5,33.267,45.7,58.9
115,94.4,72.8,33.533,48.3,43.4
115,94.9,73.6,33.6,53.9,59.8
115,95.4,74.3,33.667,45.2,50.4
115,97.1,75.6,33.8,46.5,39.4
115,98.4,77.2,33.933,60.1,54.8
115,99.4,78.0,34.0,47.0,40.4
115,100.9,79.3,34.133,48.7,56.8
115,101.9,80.2,34.2,48.4,42.3
115,104.2,81.8,34.333,46.2,37.0
115,105.0,82.9,34.4,53.9,52.3
115,106.1,83.9,34.467,49.8,44.6
115,106.6,84.9,34.533,47.9,60.8
115,107.7,85.8,34.6,43.3,40.3
115,110.1,87.7,34.733,43.8,39.0
115,111.0,88.8,34.8,45.6,49.4
115,112.4,90.0,34.867,49.2,41.1
115,113.7,91.3,34.933,52.4,45.3
115,115.0,92.5,35.0,49.9,44.0
115,116.2,93.8,35.067,46.7,45.3
115,117.5,95.2,35.133,52.0,46.9
115,119.0,96.6,35.2,49.7,44.3
115,120.5,98.1,35.267,52.0,45.9
115,122.0,99.7,35.333,51.5,46.1
115,123.6,101.6,35.4,58.3,48.5
115,125.1,103.2,35.467,50.6,47.7
115,126.8,105.0,35.533,49.7,46.1
115,128.7,106.9,35.6,54.5,45.7
115,130.7,108.8,35.667,50.9,43.8
115,133.0,110.9,35.733,54.9,43.3
115,135.2,113.3,35.8,57.1,46.5
115,137.4,115.4,35.867,50.6,44.8
115,139.7,118.0,35.933,55.7,46.5
115,142.1,120.4,36.0,51.8,45.6
115,144.9,123.4,36.067,60.3,47.6
115,147.4,126.2,36.133,53.5,47.5
115,150.4,129.4,36.2,57.8,47.3
115,153.6,132.7,36.267,56.8,46.3
115,156.8,136.3,36.333,56.9,47.3
115,160.4,140.3,36.4,60.7,48.7
115,163.8,144.5,36.467,58.7,50.7
115,167.8,148.8,36.533,56.7,46.9
115,172.1,153.7,36.6,59.9,48.6
115,176.8,158.8,36.667,58.4,47.3
115,181.8,164.6,36.733,61.8,50.1
115,187.1,170.6,36.8,58.1,48.1
115,193.0,176.9,36.867,57.0,46.8
115,199.2,184.1,36.933,59.7,49.4
115,205.9,192.0,37.0,59.4,49.4
115,213.3,200.4,37.067,58.2,48.8
115,221.6,210.0,37.133,59.6,49.1
115,231.1,220.7,37.2,60.5,48.6
115,241.1,232.8,37.267,60.2,50.3
115,252.3,246.3,37.333,60.0,50.4
115,265.3,261.8,37.4,60.6,50.1
120,90.2,67.0,33.8,44.6,44.1
120,91.4,68.5,34.0,44.9,52.1
120,92.3,69.1,34.067,51.9,37.0
120,93.4,70.1,34.2,46.7,38.9
120,94.9,71.3,34.333,54.2,41.9
120,95.6,72.0,34.4,48.3,43.6
120,96.4,72.7,34.467,51.4,41.5
120,97.8,74.1,34.6,55.8,48.9
120,98.8,74.9,34.667,51.5,39.8
120,99.8,76.4,34.8,57.2,63.0
120,101.9,77.9,34.933,45.9,40.0
120,104.9,79.9,35.133,42.5,33.5
120,105.9,80.9,35.2,56.2,45.8
120,106.8,81.9,35.267,49.8,47.2
120,108.2,82.8,35.333,48.1,35.3
120,109.1,83.9,35.4,51.3,48.8
120,110.2,85.1,35.467,60.5,47.5
120,111.3,86.1,35.533,44.4,41.3
120,112.5,87.2,35.6,49.7,41.3
120,113.7,88.2,35.667,43.9,40.3
120,115.2,89.2,35.733,44.3,34.6
120,116.7,90.6,35.8,57.2,42.4
120,118.4,91.9,35.867,52.9,38.9
120,122.9,96.0,36.067,47.6,42.2
120,124.5,97.8,36.133,61.6,47.5
120,128.2,100.9,36.267,58.3,45.5
120,129.8,102.7,36.333,56.1,47.7
120,131.8,104.4,36.4,51.1,41.0
120,133.7,106.1,36.467,50.2,42.0
120,135.9,108.1,36.533,53.3,42.2
120,138.3,110.4,36.6,60.0,43.9
120,140.5,112.6,36.667,55.8,44.5
120,142.9,115.1,36.733,58.5,45.8
120,145.5,117.6,36.8,57.3,44.7
120,148.3,120.3,36.867,57.5,44.0
120,151.2,123.3,36.933,61.6,46.5
120,153.7,126.4,37.0,58.1,50.2
120,155.5,129.6,37.067,56.5,59.9
120,173.0,145.5,37.333,61.4,46.5
120,194.6,167.3,37.6,61.6,45.7
122,76.3,66.7,34.867,58.3,72.8
122,78.5,69.1,35.2,46.0,51.7
122,79.2,70.5,35.4,52.2,69.2
122,79.8,71.7,35.533,56.4,61.1
122,80.3,72.5,35.6,49.4,54.8
122,81.4,73.9,35.8,56.7,64.1
122,81.7,74.7,35.867,55.0,66.0
122,82.0,75.6,35.933,54.4,72.8
122,83.9,77.8,36.133,51.3,66.5
122,85.5,79.9,36.333,45.1,50.3
122,86.3,80.7,36.4,45.9,46.4
122,87.2,81.6,36.467,42.6,44.6
122,87.6,82.6,36.533,52.2,65.4
122,87.9,83.6,36.6,48.3,77.0
122,89.0,85.5,36.733,61.3,57.8
122,90.4,87.5,36.867,44.9,53.8
122,94.6,92.1,37.133,42.6,48.4
122,96.5,95.6,37.333,58.0,66.5
122,98.5,98.3,37.467,49.3,60.1
122,100.1,99.9,37.533,50.1,44.8
122,100.9,101.6,37.6,51.8,64.9
122,101.3,103.1,37.667,43.5,75.1
122,102.1,104.8,37.733,47.4,63.2
122,104.4,106.5,37.8,47.6,37.2
122,105.9,108.4,37.867,50.1,52.1
122,107.6,110.4,37.933,48.7,49.9
122,109.2,112.5,38.0,51.1,52.8
122,110.5,114.8,38.067,50.9,59.2
122,112.0,116.8,38.133,44.1,54.3
122,113.6,119.3,38.2,53.5,57.7
122,115.4,121.8,38.267,49.0,53.4
122,117.0,124.6,38.333,53.9,60.6
122,118.6,127.3,38.4,48.9,60.1
122,120.6,130.3,38.467,50.4,56.0
122,122.4,133.7,38.533,55.1,61.7
122,125.0,137.3,38.6,54.9,54.3
122,127.7,140.9,38.667,52.4,53.4
122,130.5,144.8,38.733,52.4,53.3
122,132.6,149.0,38.8,52.5,63.7
122,135.7,153.3,38.867,52.0,54.2
122,138.6,158.2,38.933,54.3,59.7
122,141.9,163.5,39.0,55.1,58.4
122,145.7,169.4,39.067,56.3,56.8
122,149.0,175.2,39.133,51.7,60.9
122,153.6,181.5,39.2,52.1,53.2
122,158.3,188.5,39.267,53.8,56.5
122,163.3,196.3,39.333,54.2,57.3
122,168.6,205.0,39.4,55.5,58.4
122,174.8,214.4,39.467,54.5,56.8
122,181.2,224.9,39.533,54.8,58.6
122,188.1,236.4,39.6,53.5,59.2
122,195.9,249.7,39.667,55.3,59.6
122,204.7,264.1,39.733,53.7,58.5
123,75.8,65.0,36.133,52.6,62.6
123,76.3,65.9,36.267,52.9,72.8
123,77.5,66.9,36.4,50.4,45.4
123,78.5,67.8,36.533,59.6,61.2
123,78.9,68.9,36.667,59.2,72.3
123,80.7,70.9,36.933,47.2,58.5
123,81.2,71.6,37.0,49.4,54.1
123,82.2,72.7,37.133,50.0,44.1
123,83.6,73.9,37.267,43.8,36.3
123,84.6,75.1,37.4,46.2,52.3
123,85.0,76.0,37.467,54.8,64.1
123,85.6,76.8,37.533,47.2,53.0
123,86.0,77.7,37.6,51.5,64.2
123,87.9,79.8,37.8,51.2,61.0
123,88.7,80.8,37.867,49.7,50.6
123,89.7,82.3,38.0,45.8,70.7
123,91.1,84.1,38.133,46.7,52.1
123,92.0,85.4,38.2,59.0,54.3
123,94.3,88.1,38.4,45.7,41.8
123,95.1,89.4,38.467,56.5,58.2
123,96.1,90.6,38.533,47.8,50.3
123,97.9,92.9,38.667,45.4,58.7
123,98.7,94.4,38.733,54.2,62.0
123,99.6,95.6,38.8,42.7,54.1
123,100.8,97.2,38.867,54.8,52.1
123,102.2,98.5,38.933,42.4,43.3
123,103.2,100.1,39.0,49.4,58.5
123,104.4,101.6,39.067,44.3,50.1
123,107.0,104.8,39.2,52.7,53.0
123,108.7,106.7,39.267,53.1,49.1
123,110.0,108.8,39.333,54.0,57.2
123,111.6,110.9,39.4,53.1,54.0
123,112.8,113.1,39.467,51.3,61.3
123,114.4,115.3,39.533,49.3,54.0
123,116.4,118.0,39.6,58.7,53.4
123,118.3,120.3,39.667,48.8,50.3
123,120.2,122.8,39.733,49.7,52.9
123,122.3,125.9,39.8,57.7,55.8
123,124.6,129.3,39.867,58.9,56.5
123,126.7,132.3,39.933,49.9,55.0
123,129.2,135.9,40.0,56.7,55.4
123,131.7,139.9,40.067,58.1,57.8
123,134.5,144.1,40.133,58.0,56.4
123,137.3,148.2,40.2,53.1,55.0
123,140.6,153.0,40.267,58.4,56.1
123,143.8,157.8,40.333,53.2,55.7
123,146.8,163.2,40.4,56.4,61.3
123,150.7,169.1,40.467,56.6,56.6
123,154.6,175.3,40.533,55.1,57.3
123,159.6,182.2,40.6,57.6,54.7
123,164.5,189.5,40.667,55.2,55.6
123,170.2,198.0,40.733,58.7,56.2
123,176.2,207.3,40.8,57.8,57.5
123,182.5,217.1,40.867,55.4,57.3
123,189.4,228.3,40.933,56.3,58.1
123,197.3,240.7,41.0,56.3,57.5
123,205.7,255.3,41.067,57.8,60.1
123,215.9,266.5,41.133,43.5,47.9
126,71.3,62.1,36.933,45.7,74.3
126,72.2,63.1,37.133,43.5,56.0
126,72.9,64.0,37.333,46.8,67.5
126,73.8,65.1,37.533,48.6,59.5
126,74.8,66.9,37.8,47.1,69.2
126,77.5,70.9,38.267,44.4,56.5
126,79.2,72.8,38.467,54.2,47.7
126,80.4,74.0,38.6,59.6,58.5
126,80.9,74.8,38.667,52.7,59.4
126,81.2,75.7,38.733,55.6,67.0
126,81.6,76.6,38.8,53.6,65.8
126,83.8,79.4,39.067,46.5,58.8
126,84.1,80.3,39.133,50.8,68.6
126,85.8,83.1,39.333,60.0,73.3
126,87.1,85.2,39.467,55.7,60.4
126,88.0,86.4,39.533,53.8,53.1
126,89.5,87.4,39.6,43.8,34.7
126,91.2,89.6,39.733,48.8,53.8
126,91.9,90.8,39.8,46.4,58.6
126,93.1,92.0,39.867,45.1,43.4
126,94.3,93.4,39.933,51.4,51.0
126,95.2,94.6,40.0,43.5,53.6
126,96.4,95.9,40.067,45.4,46.5
126,97.6,97.6,40.133,55.3,54.6
126,98.5,99.3,40.2,56.4,61.3
126,99.6,101.0,40.267,50.6,57.3
126,100.5,102.8,40.333,51.7,62.8
126,101.9,104.5,40.4,49.5,52.3
126,103.2,106.6,40.467,56.0,56.1
126,105.0,108.4,40.533,48.2,45.7
126,106.7,110.3,40.6,48.6,49.8
126,108.4,112.6,40.667,53.2,52.7
126,109.8,115.0,40.733,55.0,59.5
126,111.4,117.5,40.8,54.5,58.3
126,113.0,120.1,40.867,54.1,58.4
126,114.1,122.7,40.933,50.7,66.0
126,116.9,125.6,41.0,53.4,46.0
126,118.9,128.9,41.067,58.9,59.2
126,121.3,132.6,41.133,60.2,56.5
126,123.5,136.1,41.2,54.5,57.6
126,126.3,140.1,41.267,58.3,55.1
126,129.0,144.2,41.333,57.1,56.9
126,131.8,148.8,41.4,57.9,58.6
126,134.8,153.6,41.467,57.0,57.9
126,138.5,158.8,41.533,57.8,54.3
126,142.0,164.4,41.6,57.9,58.3
126,145.9,170.5,41.667,57.9,58.0
126,150.3,176.9,41.733,56.3,55.2
126,154.6,184.5,41.8,59.6,60.0
126,159.6,192.4,41.867,57.8,58.2
126,164.8,201.3,41.933,59.0,59.7
126,170.7,211.1,42.0,58.6,59.0
126,177.2,222.0,42.067,58.4,59.1
126,184.4,233.9,42.133,57.0,59.0
126,192.7,247.4,42.2,57.9,58.4
126,202.2,262.8,42.267,58.1,58.2
127,89.3,68.0,37.4,56.7,50.0
127,91.0,69.5,37.6,44.5,41.9
127,91.6,70.3,37.667,61.5,54.1
127,92.1,70.9,37.733,43.0,48.6
127,92.8,72.0,37.867,51.4,67.8
127,96.1,74.9,38.2,51.0,62.5
127,99.1,77.9,38.467,59.4,47.3
127,100.3,79.4,38.6,45.5,45.2
127,101.2,80.2,38.667,46.8,44.0
127,102.4,81.1,38.733,44.5,35.7
127,103.2,81.9,38.8,44.4,48.0
127,104.0,82.9,38.867,48.2,47.3
127,106.2,85.2,39.0,47.0,42.3
127,107.6,87.0,39.133,47.5,59.7
127,108.8,88.0,39.2,44.2,39.4
127,111.2,90.0,39.333,42.5,43.8
127,112.2,91.3,39.4,49.5,49.9
127,113.5,92.7,39.467,55.3,47.0
127,114.6,94.0,39.533,48.0,50.0
127,117.4,96.5,39.667,55.3,52.7
127,118.3,98.1,39.733,54.1,61.8
127,119.1,99.8,39.8,54.6,63.3
127,121.4,101.2,39.867,43.8,30.8
127,123.8,102.8,39.933,49.9,34.2
127,125.7,104.7,40.0,55.0,45.1
127,127.4,106.7,40.067,55.9,49.3
127,129.5,108.6,40.133,52.0,42.7
127,131.7,110.7,40.2,53.5,44.3
127,133.9,112.8,40.267,50.8,42.1
127,136.0,115.1,40.333,55.2,48.9
127,138.2,117.5,40.4,53.9,47.5
127,140.5,120.2,40.467,56.4,48.4
127,143.0,122.9,40.533,55.3,48.3
127,145.9,126.0,40.6,59.4,47.3
127,148.3,129.2,40.667,56.8,52.2
127,151.0,132.4,40.733,54.0,49.3
127,154.8,136.0,40.8,59.1,43.9
127,158.4,139.9,40.867,58.9,47.1
127,162.4,144.0,40.933,58.4,46.0
127,166.3,148.1,41.0,55.7,46.6
127,170.4,152.8,41.067,58.3,49.1
127,180.0,163.8,41.2,58.8,49.6
127,185.0,169.8,41.267,58.5,50.3
127,190.7,176.2,41.333,58.6,48.2
127,197.1,183.2,41.4,58.7,47.5
127,204.1,190.9,41.467,59.2,47.9
127,211.4,199.8,41.533,61.2,50.7
127,219.2,209.6,41.6,60.6,51.2
127,228.6,220.4,41.667,61.2,49.0
127,238.9,232.5,41.733,60.5,49.5
127,250.6,246.0,41.8,60.6,49.1
133,85.3,56.2,39.0,57.1,41.0
133,87.7,58.0,39.467,46.0,47.6
133,89.0,58.8,39.667,58.2,61.3
133,89.2,59.2,39.733,51.6,60.2
133,89.8,59.6,39.8,44.8,33.7
133,90.3,60.0,39.867,44.6,38.6
133,91.5,60.7,40.067,45.4,35.3
133,92.0,61.1,40.133,46.0,40.5
133,95.9,63.9,40.6,61.6,42.4
133,98.6,66.2,40.933,50.3,38.5
133,100.0,67.0,41.067,44.9,43.0
133,101.5,68.0,41.2,52.1,34.5
133,102.8,68.9,41.333,56.2,45.4
133,104.5,70.1,41.467,52.5,41.3
133,106.7,72.1,41.667,54.0,49.5
133,107.5,72.9,41.733,61.1,47.1
133,109.5,74.0,41.867,44.8,35.7
133,113.2,76.9,42.133,47.3,36.4
133,114.3,77.8,42.2,59.6,42.6
133,115.5,78.7,42.267,51.0,36.7
133,119.1,81.0,42.467,46.9,35.2
133,121.7,83.2,42.6,49.7,38.3
133,122.8,84.1,42.667,49.4,40.1
133,123.9,85.0,42.733,44.9,40.2
133,125.7,86.0,42.8,45.8,28.8
133,128.5,88.7,42.933,58.5,42.6
133,129.8,89.8,43.0,48.1,41.6
133,131.6,91.1,43.067,51.6,34.5
133,133.4,92.3,43.133,50.0,34.1
133,135.2,93.8,43.2,58.2,39.8
133,137.1,95.0,43.267,45.4,32.8
133,139.0,96.7,43.333,60.5,40.2
133,141.0,97.9,43.4,45.1,33.0
133,143.3,99.7,43.467,60.4,37.6
133,145.4,101.6,43.533,60.5,41.2
133,148.0,103.3,43.6,54.5,34.7
133,150.0,105.2,43.667,56.3,42.4
133,151.4,107.2,43.733,56.0,55.3
133,155.0,109.1,43.8,54.7,28.6
133,157.9,111.4,43.867,59.1,36.9
133,164.1,116.5,44.0,60.0,39.0
133,167.4,119.2,44.067,61.2,39.8
133,170.8,122.1,44.133,61.4,40.2
133,174.3,125.0,44.2,58.1,40.0
133,182.7,131.7,44.333,59.9,38.4
133,208.1,153.5,44.667,61.4,39.6
133,344.7,266.7,45.467,51.1,28.4
135,80.7,60.2,39.667,54.5,45.7
135,81.2,60.7,39.733,45.5,42.9
135,83.3,62.6,40.067,57.4,44.3
135,84.6,63.7,40.267,57.9,48.3
135,86.1,65.4,40.467,55.1,49.4
135,86.6,65.9,40.533,51.3,48.1
135,88.5,67.8,40.8,55.9,52.1
135,89.0,68.5,40.867,51.4,53.2
135,89.7,69.2,40.933,55.9,44.3
135,91.9,71.6,41.2,45.3,54.4
135,93.6,73.0,41.333,57.0,39.9
135,95.3,74.8,41.467,54.3,45.1
135,97.5,76.9,41.667,57.2,47.9
135,98.4,77.9,41.733,58.9,49.8
135,99.3,78.9,41.8,53.8,45.0
135,100.0,79.7,41.867,45.7,48.7
135,101.0,80.6,41.933,50.1,44.3
135,103.1,82.3,42.067,48.2,40.8
135,105.1,84.7,42.2,47.9,48.0
135,106.3,85.9,42.267,54.0,42.5
135,107.4,87.0,42.333,49.9,45.3
135,108.6,88.2,42.4,52.4,46.7
135,110.0,89.4,42.467,54.1,42.3
135,111.5,90.9,42.533,57.9,43.6
135,113.0,92.2,42.6,54.3,42.8
135,114.3,93.9,42.667,61.5,51.0
135,115.8,95.4,42.733,56.5,44.9
135,117.6,97.0,42.8,54.2,41.7
135,118.9,98.6,42.867,54.2,50.2
135,120.9,100.4,42.933,59.0,43.5
135,122.7,102.0,43.0,49.0,40.6
135,124.8,103.9,43.067,55.4,41.9
135,126.8,105.7,43.133,53.6,42.8
135,131.3,110.6,43.267,60.3,45.8
135,136.0,115.7,43.4,58.4,47.9
135,139.0,118.5,43.467,61.5,42.8
135,144.7,124.6,43.6,60.9,45.1
135,275.3,265.1,44.8,58.1,42.2
138,80.8,52.9,41.8,42.9,27.0
138,81.3,53.9,42.0,42.8,72.2
138,82.8,54.5,42.2,48.6,28.5
138,82.7,54.8,42.267,44.4,115.6
138,83.9,55.9,42.467,47.7,44.3
138,84.5,56.4,42.6,55.4,42.6
138,86.5,57.8,42.933,56.6,32.1
138,87.9,58.6,43.133,54.7,37.9
138,91.1,60.7,43.533,59.5,34.4
138,94.6,63.9,44.0,51.5,45.5
138,95.5,64.7,44.133,57.5,53.8
138,98.3,67.5,44.467,60.9,48.7
138,103.4,70.9,44.867,51.3,40.4
138,107.0,73.8,45.133,54.9,38.5
138,107.5,74.4,45.2,44.9,51.1
138,109.2,75.9,45.333,57.2,43.3
138,110.2,76.8,45.4,60.9,43.8
138,111.2,77.7,45.467,52.9,42.1
138,112.1,78.7,45.533,59.0,45.4
138,113.0,79.4,45.6,44.4,42.2
138,115.4,81.0,45.733,51.4,36.3
138,116.8,82.1,45.8,55.7,37.6
138,119.1,84.5,45.934,58.9,45.4
138,120.6,85.7,46.0,58.2,39.7
138,121.8,86.7,46.067,50.3,41.2
138,123.2,87.8,46.134,48.0,37.2
138,125.6,89.9,46.267,47.8,43.0
138,128.9,92.9,46.4,57.9,40.3
138,130.4,94.4,46.467,58.8,45.4
138,132.0,95.9,46.534,51.8,41.3
138,137.3,97.4,46.6,55.2,15.9
138,143.5,101.0,46.734,56.4,32.5
138,145.8,102.8,46.8,56.2,36.8
138,151.2,106.9,46.934,57.6,39.3
138,153.8,108.9,47.0,56.5,38.2
138,152.8,113.9,47.134,57.1,57.9
138,164.9,125.6,47.4,61.6,43.3
138,270.5,225.9,48.534,56.0,44.2
144,266.5,109.2,45.267,61.2,199.9
144,252.0,103.8,45.467,50.3,196.9
144,247.7,102.1,45.533,61.8,201.3
144,243.6,100.5,45.6,59.3,200.6
144,235.7,97.6,45.733,54.4,199.0
144,231.9,96.2,45.8,58.7,200.2
144,224.9,93.8,45.934,44.8,196.1
144,221.7,92.6,46.0,56.1,200.6
144,218.3,91.3,46.067,59.6,200.3
144,215.4,90.1,46.134,58.8,201.9
144,209.6,87.8,46.267,57.9,201.8
144,207.1,86.8,46.334,49.3,200.3
144,199.0,84.4,46.534,55.8,200.9
144,196.5,83.6,46.6,49.5,198.5
144,194.1,82.7,46.667,52.5,200.5
144,189.8,80.9,46.8,46.5,198.6
144,187.6,80.1,46.867,54.4,200.6
144,185.5,79.3,46.934,53.1,201.0
144,181.8,78.1,47.067,47.4,200.7
144,179.8,77.3,47.134,57.2,202.6
144,174.7,75.6,47.334,47.8,200.9
144,173.1,74.8,47.4,58.2,205.5
144,171.6,74.2,47.467,45.3,200.5
144,169.8,73.7,47.534,45.9,198.9
144,161.0,70.2,47.934,53.8,202.3
144,156.2,68.3,48.2,55.4,209.7
149,83.0,62.7,45.133,55.7,56.6
149,84.2,63.7,45.267,56.2,48.1
149,89.3,68.2,46.0,47.0,48.6
149,89.6,68.9,46.067,57.0,65.9
149,91.8,71.0,46.4,43.8,47.3
149,94.0,72.9,46.6,54.2,47.0
149,94.6,73.5,46.667,42.6,49.2
149,96.2,74.8,46.8,46.9,44.0
149,97.5,76.6,47.0,46.5,50.0
149,98.9,77.9,47.134,53.0,48.5
149,100.0,78.8,47.2,49.5,39.6
149,101.9,80.9,47.4,42.7,49.0
149,103.1,81.8,47.467,42.8,35.2
149,103.9,82.7,47.534,47.3,48.5
149,104.7,83.7,47.6,49.9,50.4
149,105.9,84.7,47.667,48.9,41.7
149,107.7,86.6,47.8,49.4,49.0
149,108.9,87.7,47.867,47.8,44.0
149,110.2,88.8,47.934,49.3,39.9
149,111.2,89.8,48.0,42.5,47.4
149,114.9,92.9,48.2,47.4,44.3
149,116.7,94.4,48.267,55.3,40.0
149,117.8,95.8,48.334,51.5,52.6
149,121.0,98.5,48.467,58.6,47.9
149,124.2,101.5,48.6,55.2,50.7
149,125.8,103.2,48.667,50.3,46.0
149,127.8,104.8,48.734,47.6,39.2
149,129.8,106.5,48.8,48.3,41.1
149,131.7,108.5,48.867,52.7,45.6
149,133.8,110.5,48.934,53.2,45.0
149,135.4,112.6,49.0,50.6,51.9
149,137.7,114.7,49.067,50.1,42.2
149,140.2,117.2,49.134,56.4,44.3
149,142.7,119.6,49.2,52.8,45.5
149,145.4,122.5,49.267,57.7,46.1
149,147.7,125.3,49.334,54.5,49.9
149,150.4,128.3,49.4,54.8,47.7
149,153.6,131.3,49.467,53.3,44.3
149,156.6,134.6,49.534,55.2,47.7
149,159.8,138.2,49.6,55.7,48.0
149,163.4,142.0,49.667,54.9,46.7
149,167.6,146.5,49.734,61.5,46.6
149,171.6,150.8,49.8,55.2,47.3
149,176.0,155.4,49.867,55.6,45.9
149,180.9,160.7,49.934,59.8,48.0
149,185.8,166.2,50.0,56.5,47.7
149,191.0,172.5,50.067,59.5,50.5
149,197.3,178.9,50.134,57.2,45.6
149,203.7,186.0,50.2,57.7,48.0
149,210.9,193.9,50.267,58.7,47.8
149,218.3,202.9,50.334,60.1,50.4
149,226.9,212.4,50.4,58.2,48.0
149,236.5,223.2,50.467,59.1,48.3
149,247.0,235.2,50.534,59.0,48.9
149,258.4,249.0,50.6,59.7,50.4
149,271.5,263.9,50.667,57.4,48.5
151,101.7,66.9,46.067,57.4,39.6
151,103.2,68.0,46.2,52.7,42.2
151,103.8,68.5,46.267,42.6,42.2
151,104.6,69.1,46.334,50.4,38.0
151,106.1,70.1,46.467,48.2,37.8
151,106.7,70.9,46.534,59.2,51.3
151,108.6,72.1,46.667,55.1,37.1
151,109.6,72.9,46.734,55.0,38.0
151,111.6,74.0,46.867,51.1,35.9
151,113.8,75.8,47.0,53.0,33.5
151,114.8,76.7,47.067,55.2,40.4
151,115.9,77.5,47.134,50.5,36.8
151,118.0,79.0,47.267,48.0,35.7
151,119.3,80.0,47.334,59.6,40.2
151,120.4,80.9,47.4,51.1,38.5
151,121.3,81.9,47.467,53.6,47.6
151,122.8,83.0,47.534,56.6,35.3
151,123.7,84.0,47.6,52.0,48.8
151,125.4,84.9,47.667,44.5,27.7
151,125.6,86.0,47.734,55.1,80.7
151,126.2,87.0,47.8,46.4,58.2
151,133.4,90.8,48.0,57.6,26.4
151,135.8,92.1,48.067,50.6,27.7
151,137.7,93.4,48.134,51.8,33.7
151,139.7,94.9,48.2,57.4,37.7
151,143.7,98.1,48.334,54.0,36.1
151,146.1,99.8,48.4,55.3,34.2
151,150.6,103.5,48.534,58.1,38.6
151,152.6,105.5,48.6,58.0,44.9
151,155.6,107.6,48.667,61.3,35.4
151,158.5,109.7,48.734,58.6,36.5
151,161.4,111.8,48.8,55.2,35.5
151,167.8,117.0,48.934,60.3,38.0
151,171.1,119.7,49.0,60.5,38.9
151,344.7,264.9,50.334,58.7,34.7
155,86.1,64.6,46.4,61.5,51.8
155,86.9,65.9,46.6,55.7,73.8
155,89.5,68.3,46.934,52.9,51.0
155,89.9,68.9,47.0,50.6,54.1
155,91.8,70.0,47.2,46.3,43.5
155,93.3,71.5,47.4,45.9,44.5
155,93.7,72.1,47.467,47.3,54.9
155,96.4,74.7,47.734,56.0,50.9
155,97.7,76.0,47.867,45.6,45.8
155,99.8,77.8,48.067,43.0,51.8
155,100.6,78.7,48.134,50.3,46.7
155,101.3,79.6,48.2,50.4,49.4
155,103.9,81.8,48.4,43.4,49.7
155,104.8,82.8,48.467,48.5,49.0
155,105.6,83.8,48.534,52.8,53.5
155,106.3,84.8,48.6,47.3,52.4
155,107.0,85.9,48.667,49.2,55.6
155,108.1,86.9,48.734,45.5,42.7
155,109.0,87.9,48.8,43.5,46.8
155,110.5,88.9,48.867,42.9,34.6
155,113.0,90.9,49.0,47.2,43.7
155,114.1,92.0,49.067,42.6,43.7
155,115.2,93.3,49.134,51.4,50.5
155,116.5,94.7,49.2,48.8,45.0
155,118.0,95.9,49.267,45.2,41.2
155,119.3,97.5,49.334,54.2,49.7
155,120.7,98.9,49.4,46.9,46.4
155,122.3,100.5,49.467,51.3,44.9
155,123.7,101.9,49.534,45.0,45.1
155,125.4,103.7,49.6,52.6,46.8
155,127.0,105.6,49.667,54.2,49.1
155,128.6,107.6,49.734,55.0,51.0
155,130.5,109.6,49.8,52.5,46.4
155,132.4,111.6,49.867,49.0,46.3
155,134.5,113.7,49.934,51.1,45.3
155,136.8,115.8,50.0,49.6,43.2
155,139.0,118.2,50.067,53.5,47.9
155,141.3,120.5,50.134,48.6,44.4
155,143.7,123.3,50.2,55.5,48.9
155,146.5,126.2,50.267,55.8,46.5
155,149.0,129.2,50.334,54.1,50.2
155,152.1,132.4,50.4,53.6,44.9
155,155.3,135.6,50.467,52.7,45.5
155,158.4,139.4,50.534,58.0,51.6
155,162.1,143.3,50.6,56.1,46.2
155,165.9,147.5,50.667,55.4,47.6
155,170.0,152.1,50.734,57.9,48.2
155,174.3,156.9,50.8,56.4,48.0
155,179.0,162.1,50.867,56.8,47.9
155,183.9,167.8,50.934,57.6,49.8
155,189.4,173.7,51.0,55.7,47.1
155,195.3,180.4,51.067,57.7,48.4
155,201.7,187.6,51.134,57.4,48.2
155,208.5,195.6,51.2,57.8,49.7
155,216.0,204.2,51.267,57.2,49.2
155,224.5,214.2,51.334,59.3,49.3
155,233.9,224.6,51.4,56.8,48.3
155,244.4,237.0,51.467,59.6,49.6
155,256.1,250.8,51.534,58.8,49.6
155,269.4,264.3,51.6,53.3,45.5
157,96.3,63.9,46.867,43.2,39.7
157,97.1,64.4,46.934,52.3,36.2
157,97.9,64.9,47.0,49.4,31.5
157,99.4,65.9,47.134,53.1,38.3
157,102.1,67.7,47.4,56.7,48.4
157,103.8,68.7,47.534,51.9,37.5
157,105.4,69.9,47.667,53.0,36.6
157,107.0,71.1,47.8,58.3,40.0
157,107.8,71.7,47.867,43.8,37.0
157,109.5,72.9,48.0,47.0,31.0
157,111.2,74.0,48.134,48.2,35.7
157,113.3,75.8,48.267,53.5,35.5
157,114.5,76.5,48.334,46.8,32.0
157,116.6,78.0,48.467,48.9,35.2
157,117.7,78.8,48.534,46.9,36.0
157,120.1,80.9,48.667,57.8,39.3
157,121.3,81.9,48.734,55.8,41.4
157,122.6,82.9,48.8,51.6,37.7
157,123.8,83.9,48.867,51.7,39.0
157,125.3,84.9,48.934,50.9,35.6
157,126.8,86.0,49.0,49.1,33.8
157,128.2,87.0,49.067,49.5,37.3
157,129.8,88.0,49.134,45.5,32.5
157,131.2,89.0,49.2,44.6,34.3
157,134.5,92.0,49.334,56.5,40.5
157,136.3,93.2,49.4,51.2,36.4
157,140.4,96.1,49.534,47.3,30.9
157,142.7,97.8,49.6,60.0,36.6
157,144.9,99.6,49.667,61.3,39.5
157,146.9,101.1,49.734,50.1,36.2
157,149.5,102.9,49.8,56.6,34.6
157,152.0,104.9,49.867,60.6,38.9
157,154.6,107.0,49.934,58.4,38.4
157,160.0,111.5,50.067,59.1,40.8
157,162.8,113.8,50.134,56.5,38.7
157,176.9,125.4,50.4,60.5,36.2
159,90.4,60.0,47.6,50.7,58.7
159,91.8,60.8,47.734,42.4,28.3
159,93.1,62.0,47.934,46.0,44.8
159,97.8,65.8,48.467,45.4,33.4
159,99.3,66.8,48.6,51.3,41.3
159,102.8,69.7,48.934,55.5,35.4
159,104.4,70.9,49.067,58.7,51.6
159,106.1,72.0,49.2,47.2,35.1
159,110.1,74.9,49.467,55.8,43.2
159,111.9,76.7,49.6,58.5,44.7
159,113.0,77.4,49.667,44.5,32.6
159,115.4,78.9,49.8,49.0,37.4
159,116.6,79.9,49.867,57.6,39.4
159,118.0,80.8,49.934,51.4,32.5
159,119.3,81.8,50.0,55.1,38.7
159,120.3,82.8,50.067,50.4,43.1
159,121.8,83.8,50.134,54.8,35.2
159,123.1,84.9,50.2,54.3,41.1
159,124.9,86.0,50.267,50.7,30.0
159,128.2,88.7,50.4,57.0,37.4
159,129.7,89.8,50.467,49.8,37.7
159,131.4,91.0,50.534,48.1,33.3
159,135.1,93.9,50.667,51.6,38.4
159,137.4,95.4,50.734,58.2,34.0
159,139.2,96.7,50.8,47.0,35.7
159,141.5,98.5,50.867,61.4,37.8
159,143.6,100.2,50.934,57.1,38.7
159,146.1,102.0,51.0,58.8,36.5
159,148.5,104.0,51.067,59.9,38.7
159,150.9,105.9,51.134,58.4,39.8
159,156.2,110.4,51.267,57.7,39.5
159,162.3,115.6,51.4,61.2,39.2
159,173.0,124.4,51.6,61.6,38.7
159,335.0,264.2,52.8,60.6,35.4
166,268.9,122.9,48.8,54.7,198.5
166,231.7,106.0,49.267,60.8,203.9
166,222.9,102.3,49.4,60.8,202.0
166,218.9,100.6,49.467,60.5,202.6
166,212.1,97.5,49.6,52.8,202.2
166,209.0,96.0,49.667,60.2,205.4
166,205.8,94.7,49.734,56.6,203.1
166,202.6,93.5,49.8,49.7,200.1
166,199.9,92.3,49.867,57.1,205.4
166,197.1,91.0,49.934,57.5,203.4
166,194.4,89.8,50.0,59.3,205.1
166,191.6,88.6,50.067,54.9,202.0
166,189.3,87.8,50.134,44.4,201.2
166,186.8,86.7,50.2,51.8,201.3
166,182.0,84.5,50.334,48.3,201.8
166,179.9,83.6,50.4,50.9,202.9
166,177.8,82.6,50.467,58.2,205.3
166,171.5,80.0,50.667,61.8,204.7
166,169.5,79.2,50.734,53.2,203.2
166,167.4,78.4,50.8,51.2,200.6
166,165.8,77.8,50.867,43.5,202.2
166,164.4,77.0,50.934,53.0,208.7
166,162.8,76.1,51.0,61.6,208.9
166,161.3,75.5,51.067,45.0,202.2
166,159.8,74.9,51.134,47.6,203.7
166,155.6,73.2,51.334,51.7,205.0
166,147.9,69.8,51.734,51.4,209.5
166,146.7,69.1,51.8,54.8,207.0
166,144.4,68.0,51.934,49.2,204.9
166,141.3,66.9,52.134,51.3,210.6
166,135.5,63.9,52.534,58.2,213.3
166,131.8,62.8,52.8,44.8,202.8
166,130.9,62.3,52.867,56.2,206.7
166,127.0,60.5,53.267,53.0,206.8
166,125.9,60.1,53.334,56.5,203.8
166,120.3,57.8,53.867,47.1,205.5
166,117.3,56.5,54.2,47.1,201.8
166,116.4,56.1,54.267,57.6,202.8
166,115.0,55.5,54.467,58.3,213.9
166,114.3,55.2,54.534,46.6,203.0
166,112.7,54.5,54.734,55.7,213.4
167,86.1,57.2,48.934,50.4,52.9
167,86.5,57.6,49.0,47.2,43.2
167,91.1,60.6,49.667,45.7,35.5
167,91.7,61.0,49.734,44.2,36.7
167,93.0,63.0,50.067,60.3,55.0
167,95.2,63.9,50.2,54.7,29.1
167,96.6,64.8,50.334,60.3,57.9
167,98.4,66.0,50.534,55.0,49.6
167,99.3,66.5,50.6,43.4,27.4
167,100.1,67.0,50.667,46.6,36.7
167,102.3,68.8,50.867,52.6,37.7
167,105.3,71.0,51.134,49.6,38.5
167,107.9,73.1,51.334,56.1,45.9
167,108.5,73.9,51.4,54.8,55.3
167,110.3,74.9,51.534,50.3,44.4
167,112.0,76.7,51.667,50.4,48.8
167,115.7,79.0,51.867,44.0,44.6
167,117.0,79.9,51.934,54.1,35.0
167,118.5,80.9,52.0,55.3,34.5
167,119.8,81.9,52.067,49.0,34.4
167,122.4,84.1,52.2,50.1,38.4
167,123.3,85.1,52.267,48.2,49.2
167,125.0,86.2,52.334,52.7,33.2
167,126.8,87.3,52.4,50.1,31.2
167,128.7,88.4,52.467,50.9,30.6
167,130.3,89.8,52.534,60.1,41.4
167,131.6,91.0,52.6,48.8,40.8
167,133.5,92.4,52.667,59.2,37.3
167,135.6,93.7,52.734,49.2,31.2
167,137.6,95.1,52.8,53.7,35.1
167,139.4,96.6,52.867,56.4,40.9
167,141.7,98.3,52.934,58.2,35.3
167,143.8,99.8,53.0,51.8,36.2
167,146.2,101.6,53.067,58.3,36.9
167,148.8,103.6,53.134,61.3,37.5
167,151.1,105.5,53.2,56.7,39.1
167,153.7,107.6,53.267,58.9,39.5
167,156.5,109.7,53.334,58.6,36.9
167,162.7,114.7,53.467,60.6,37.4
167,169.3,120.2,53.6,60.6,37.4
167,173.2,123.1,53.667,61.6,37.2
167,348.2,267.0,54.934,51.1,26.8
169,76.9,55.7,49.734,48.4,53.4
169,77.5,56.4,49.867,59.9,60.4
169,79.7,58.4,50.334,51.0,56.0
169,80.1,58.9,50.4,60.8,45.8
169,81.0,60.1,50.6,51.9,59.3
169,82.0,61.0,50.8,47.0,61.5
169,84.2,63.1,51.2,60.0,46.8
169,85.6,64.7,51.4,51.0,49.4
169,88.1,66.8,51.734,49.0,67.1
169,89.4,68.0,51.867,60.5,49.7
169,90.1,68.6,51.934,50.1,39.4
169,91.6,70.0,52.134,48.5,53.4
169,92.2,70.8,52.2,57.2,51.2
169,93.4,71.9,52.334,48.1,57.2
169,94.3,72.8,52.4,58.2,44.3
169,95.7,74.1,52.534,54.6,48.6
169,96.5,74.9,52.6,46.9,42.5
169,97.2,75.7,52.667,52.3,49.4
169,98.3,76.6,52.734,58.2,41.6
169,99.9,77.9,52.867,45.4,44.6
169,100.8,78.8,52.934,53.5,46.9
169,101.8,79.6,53.0,47.0,40.7
169,102.6,80.6,53.067,51.2,47.1
169,104.7,82.2,53.2,46.3,34.1
169,107.0,84.8,53.334,56.8,45.4
169,108.1,86.0,53.4,54.3,47.7
169,109.5,87.0,53.467,46.1,35.6
169,112.1,89.1,53.6,47.1,39.5
169,113.3,90.2,53.667,48.2,43.0
169,114.7,91.7,53.734,58.6,47.0
169,116.1,92.9,53.8,47.3,40.5
169,117.5,94.1,53.867,46.6,41.4
169,119.3,95.7,53.934,55.9,41.6
169,121.0,97.4,54.0,60.3,44.9
169,122.5,99.0,54.067,54.2,47.6
169,124.2,100.9,54.134,58.0,47.3
169,126.0,102.8,54.2,58.9,46.9
169,128.0,104.7,54.267,55.5,42.5
169,130.0,106.6,54.334,55.4,45.0
169,132.2,108.6,54.4,54.2,42.1
169,134.6,110.9,54.467,58.8,43.4
169,139.5,116.1,54.6,59.8,46.5
169,142.1,118.6,54.667,56.1,43.9
169,145.4,121.5,54.734,61.7,42.1
169,148.1,124.5,54.8,59.1,47.7
169,154.4,131.4,54.934,60.9,47.3
169,158.3,135.2,55.0,61.7,44.4
169,162.2,139.1,55.067,61.0,45.3
169,170.7,148.2,55.2,61.5,46.6
169,285.3,266.9,56.067,46.4,34.1
175,89.6,58.5,52.934,45.4,31.2
175,90.6,59.4,53.067,47.5,40.2
175,91.3,59.8,53.134,50.9,31.0
175,91.9,60.5,53.267,61.8,68.1
175,92.6,61.0,53.334,48.6,30.6
175,93.0,61.3,53.4,44.5,44.8
175,96.4,63.2,53.8,54.9,42.3
175,97.0,63.7,53.867,46.3,37.0
175,98.3,64.7,54.0,60.7,46.7
175,98.7,65.2,54.067,45.6,47.1
175,99.4,65.7,54.134,46.5,38.1
175,105.2,70.0,54.667,59.4,42.8
175,106.8,71.1,54.8,57.3,44.8
175,107.1,71.7,54.867,51.5,67.2
175,109.4,72.8,55.0,44.9,26.8
175,111.9,75.0,55.2,56.0,48.7
175,113.1,75.8,55.267,51.9,35.0
175,114.4,76.7,55.334,53.1,33.0
175,117.9,78.9,55.534,49.1,34.3
175,120.6,80.9,55.667,53.6,29.6
175,121.9,81.9,55.734,50.5,36.0
175,123.3,82.9,55.8,54.8,36.8
175,124.4,83.9,55.867,50.1,42.6
175,125.8,84.9,55.934,48.5,33.8
175,127.3,85.8,56.0,45.8,33.4
175,128.9,86.9,56.067,50.2,33.7
175,130.8,88.1,56.134,55.0,31.7
175,134.2,90.8,56.267,53.4,39.0
175,136.1,91.9,56.334,43.6,30.1
175,138.0,93.1,56.4,49.7,32.6
175,140.3,94.5,56.467,51.7,30.5
175,144.7,97.8,56.6,57.7,38.3
175,147.0,99.6,56.667,61.8,37.9
175,154.6,105.5,56.867,57.8,35.2
175,157.4,107.6,56.934,58.0,35.8
175,160.3,109.8,57.0,59.9,37.6
175,163.2,111.7,57.067,50.9,33.9
175,355.1,266.0,58.6,55.7,31.1
177,84.0,62.1,53.267,45.5,42.3
177,84.5,62.5,53.334,47.3,44.2
177,86.1,64.1,53.6,44.6,73.4
177,89.1,67.3,54.067,46.4,47.0
177,89.7,68.0,54.134,58.2,51.1
177,90.1,68.6,54.2,49.6,57.7
177,90.5,69.1,54.267,42.9,51.8
177,93.2,71.4,54.534,47.1,37.8
177,93.8,71.9,54.6,42.5,44.3
177,94.9,73.0,54.734,45.8,48.2
177,96.3,74.8,54.934,46.4,67.7
177,97.5,75.7,55.0,58.2,37.3
177,98.5,76.5,55.067,46.0,38.1
177,100.1,77.9,55.2,43.5,39.5
177,101.2,78.8,55.267,50.2,40.2
177,102.1,79.8,55.334,56.3,48.1
177,102.7,80.7,55.4,53.8,58.5
177,103.6,81.6,55.467,46.9,42.4
177,107.1,84.3,55.667,58.7,41.6
177,108.1,85.6,55.734,61.0,50.9
177,108.9,86.8,55.8,52.8,54.1
177,110.3,87.8,55.867,47.3,38.4
177,111.6,88.9,55.934,45.8,39.1
177,112.6,89.9,56.0,43.0,46.0
177,112.7,91.0,56.067,43.5,83.0
177,114.6,92.6,56.134,61.1,39.8
177,116.2,93.7,56.2,44.1,36.7
177,117.7,95.1,56.267,49.4,41.0
177,119.2,96.7,56.334,57.1,48.2
177,121.0,98.1,56.4,47.1,38.1
177,122.9,99.6,56.467,49.5,38.3
177,124.6,101.6,56.534,61.5,49.1
177,126.3,103.5,56.6,57.9,47.1
177,128.3,105.1,56.667,45.9,39.2
177,130.3,106.9,56.734,52.0,42.4
177,132.3,109.0,56.8,55.1,45.6
177,134.6,111.2,56.867,58.1,45.2
177,136.9,113.7,56.934,58.7,46.3
177,139.2,115.9,57.0,51.6,44.1
177,142.0,118.4,57.067,56.2,41.6
177,144.9,121.3,57.134,59.8,44.9
177,147.5,124.3,57.2,59.6,48.7
177,150.4,127.4,57.267,58.9,48.1
177,153.6,130.7,57.334,57.7,44.9
177,160.6,138.4,57.467,60.4,48.0
177,164.7,142.3,57.534,58.3,44.3
177,168.9,146.8,57.6,61.2,46.9
177,173.2,151.5,57.667,59.5,47.3
177,178.0,156.7,57.734,61.2,47.2
177,188.9,168.5,57.867,61.7,47.4
177,194.7,175.1,57.934,61.2,48.6
177,216.7,199.4,58.134,61.5,47.5
177,225.5,209.1,58.2,61.1,47.7
177,235.2,219.9,58.267,61.8,48.1
177,246.1,232.1,58.334,61.8,48.3
179,193.6,97.1,53.4,60.6,204.5
179,187.2,93.8,53.534,61.3,206.0
179,174.4,88.0,53.8,60.2,205.6
179,171.9,86.9,53.867,51.8,203.3
179,164.8,83.3,54.067,55.0,204.4
179,160.4,81.3,54.2,50.2,201.6
179,158.3,80.4,54.267,54.7,203.0
179,156.3,79.4,54.334,61.7,207.3
179,154.6,78.6,54.4,48.1,203.7
179,152.6,77.9,54.467,47.0,200.3
179,150.8,77.0,54.534,58.5,206.1
179,145.7,74.4,54.734,52.0,200.4
179,142.8,73.1,54.867,57.3,203.9
179,140.1,71.6,55.0,50.2,205.7
179,134.8,69.1,55.267,53.3,205.8
179,131.5,67.3,55.467,60.9,208.2
179,130.8,66.8,55.534,49.2,214.3
179,125.6,64.5,55.867,49.4,204.7
179,124.1,64.0,55.934,45.1,197.1
179,122.5,63.2,56.067,46.2,208.2
179,120.1,61.8,56.267,57.9,204.8
179,119.4,61.4,56.334,48.5,208.8
179,117.7,60.6,56.467,57.5,208.6
179,117.0,60.3,56.534,43.9,208.0
181,79.5,58.0,53.667,48.9,53.6
181,81.2,59.3,54.0,43.0,52.8
181,81.6,59.7,54.067,47.8,48.6
181,83.1,61.0,54.334,46.0,43.7
181,83.9,61.9,54.534,58.6,62.1
181,84.5,62.4,54.6,45.9,38.3
181,86.7,64.5,54.934,43.6,35.3
181,87.5,65.0,55.0,46.8,32.3
181,88.5,66.0,55.134,60.5,54.9
181,89.2,66.7,55.2,55.7,43.2
181,90.8,68.3,55.4,51.5,38.9
181,92.4,69.8,55.6,49.3,48.3
181,93.0,70.5,55.667,47.7,42.9
181,93.8,71.0,55.734,43.5,37.3
181,95.2,72.3,55.867,47.8,44.3
181,96.6,73.5,56.0,48.1,43.9
181,97.3,74.3,56.067,49.8,45.0
181,99.5,75.9,56.267,50.0,44.6
181,100.0,76.6,56.334,46.4,52.7
181,101.1,77.3,56.4,44.1,34.1
181,102.1,78.3,56.467,53.3,42.1
181,103.2,79.1,56.534,50.9,41.0
181,104.2,80.0,56.6,49.1,41.6
181,105.1,80.9,56.667,49.5,43.9
181,106.1,81.9,56.734,50.6,44.8
181,107.3,83.0,56.8,57.2,43.2
181,108.3,84.1,56.867,50.5,45.8
181,109.5,85.0,56.934,45.8,39.5
181,110.6,86.1,57.0,50.6,44.6
181,111.6,87.2,57.067,48.0,44.5
181,114.2,89.4,57.2,55.3,44.1
181,115.4,90.7,57.267,53.6,47.1
181,116.7,91.8,57.334,47.4,41.7
181,118.4,93.1,57.4,48.0,36.8
181,119.9,94.4,57.467,50.0,42.4
181,121.4,96.0,57.534,57.5,45.2
181,123.2,97.7,57.6,57.1,43.2
181,124.9,99.2,57.667,50.6,41.0
181,126.7,100.8,57.734,53.5,44.0
181,128.5,102.7,57.8,56.3,44.5
181,130.5,104.7,57.867,59.0,45.1
181,132.3,106.6,57.934,53.8,47.2
181,134.3,108.6,58.0,53.2,44.0
181,135.9,110.7,58.067,54.9,52.8
181,138.9,113.1,58.134,60.8,40.0
181,141.6,115.6,58.2,57.2,42.0
181,144.2,118.2,58.267,59.6,44.9
181,147.1,120.9,58.334,56.1,42.6
181,149.7,123.9,58.4,59.6,49.4
181,152.5,127.0,58.467,59.8,48.7
181,156.2,130.3,58.534,58.3,41.0
181,163.6,137.9,58.667,60.5,45.6
181,171.9,146.5,58.8,60.6,47.0
181,213.8,190.2,59.267,60.6,46.4
183,260.8,107.0,54.4,61.1,199.9
183,251.7,103.6,54.534,54.4,198.0
183,239.1,98.8,54.734,53.3,198.0
183,231.5,95.9,54.867,58.7,200.2
183,228.2,94.9,54.934,45.0,197.1
183,221.8,92.3,55.067,54.1,200.7
183,218.6,91.2,55.134,55.9,200.1
183,215.3,90.2,55.2,49.9,197.4
183,209.7,87.8,55.334,55.8,200.9
183,207.0,86.7,55.4,59.3,202.2
183,204.4,85.7,55.467,58.3,202.0
183,201.7,84.7,55.534,55.4,199.7
183,199.2,83.8,55.6,49.3,198.9
183,197.0,83.0,55.667,48.8,200.6
183,194.5,82.1,55.734,54.6,199.8
183,192.4,81.4,55.8,44.0,198.9
183,188.1,79.9,55.934,55.3,202.9
183,186.1,79.2,56.0,49.2,200.1
183,180.4,77.0,56.2,61.1,204.4
183,178.6,76.3,56.267,48.8,200.6
183,175.0,75.0,56.4,57.0,202.7
183,171.8,74.0,56.534,57.4,204.3
183,168.5,72.9,56.667,44.4,198.3
183,164.1,71.1,56.867,54.3,204.8
183,158.9,69.0,57.134,47.6,202.2
183,157.6,68.5,57.2,44.0,200.2
183,148.7,65.1,57.734,46.0,200.2
183,140.8,62.0,58.267,44.8,201.4
183,139.3,61.5,58.4,53.0,203.0
183,137.0,60.8,58.6,42.6,202.7
183,136.1,60.4,58.667,48.3,202.5
184,294.5,121.1,55.2,56.3,198.5
184,271.4,111.6,55.467,61.2,200.9
184,266.2,109.6,55.534,61.3,200.8
184,256.4,105.9,55.667,55.6,199.3
184,243.3,100.7,55.867,55.7,199.8
184,235.4,97.8,56.0,54.0,198.1
184,232.0,96.4,56.067,57.6,202.5
184,225.0,93.8,56.2,52.3,198.5
184,221.7,92.7,56.267,49.8,197.8
184,212.7,88.8,56.467,55.1,201.1
184,209.9,87.8,56.534,55.2,200.9
184,206.9,86.9,56.6,46.3,195.8
184,204.1,86.1,56.667,46.0,196.8
184,201.4,85.2,56.734,46.4,197.5
184,198.8,84.2,56.8,60.9,202.1
184,196.7,83.4,56.867,42.8,198.9
184,194.2,82.7,56.934,47.2,197.7
184,191.7,81.9,57.0,44.2,196.1
184,189.6,81.1,57.067,53.9,202.6
184,187.6,80.2,57.134,56.4,203.0
184,181.6,78.3,57.334,57.4,203.3
184,179.5,77.5,57.4,59.3,202.0
184,173.5,75.3,57.6,55.2,200.8
184,170.1,74.1,57.734,53.5,203.1
184,168.4,73.4,57.8,54.2,201.2
184,164.9,72.2,57.934,52.3,200.2
184,157.4,69.7,58.267,60.9,204.4
184,155.9,69.2,58.334,44.6,198.9
184,151.9,67.7,58.534,45.9,201.0
184,148.2,66.4,58.734,56.3,206.4
184,142.6,64.4,59.067,53.8,202.1
184,141.4,63.9,59.134,52.6,202.1
184,138.8,63.1,59.267,51.9,206.8
184,135.3,62.5,59.467,44.7,198.8
184,134.5,62.1,59.534,54.2,210.7
184,133.5,61.7,59.6,52.2,202.7
185,443.4,180.2,55.134,58.6,206.1
185,252.6,103.6,56.534,57.6,200.3
185,243.9,100.2,56.667,61.3,201.0
185,239.8,98.8,56.734,54.6,198.1
185,232.0,95.9,56.867,60.8,200.6
185,228.2,94.7,56.934,52.6,197.7
185,225.0,93.4,57.0,55.6,200.4
185,221.5,92.3,57.067,54.0,198.5
185,218.4,91.2,57.134,52.9,199.8
185,212.8,88.8,57.267,57.0,202.0
185,210.1,87.9,57.334,44.3,197.9
185,207.4,87.0,57.4,47.5,197.9
185,204.8,86.0,57.467,58.6,202.5
185,202.2,85.1,57.534,47.9,198.3
185,199.6,84.1,57.6,57.4,200.7
185,197.3,83.3,57.667,47.7,199.7
185,195.0,82.3,57.734,59.8,202.5
185,192.5,81.4,57.8,57.1,200.4
185,188.1,80.0,57.934,50.0,200.8
185,186.1,79.4,58.0,44.4,198.7
185,184.2,78.5,58.067,56.9,203.9
185,180.6,77.3,58.2,58.9,204.7
185,170.6,73.2,58.6,59.1,203.0
185,169.0,72.5,58.667,60.6,204.6
185,167.5,72.0,58.734,43.4,198.9
185,165.9,71.4,58.8,44.2,197.7
185,164.4,70.9,58.867,45.5,200.0
185,159.3,68.9,59.134,44.9,202.6
185,155.8,67.7,59.334,56.3,204.3
185,154.4,67.2,59.4,57.8,203.3
185,153.4,66.6,59.467,58.9,208.8
185,152.6,66.2,59.534,44.2,206.6
185,151.6,65.8,59.6,44.1,202.0
185,148.1,64.4,59.8,46.6,197.6
186,78.2,57.8,56.734,46.3,40.5
186,79.7,59.2,57.067,43.6,32.6
186,83.6,63.0,57.734,44.1,47.5
186,90.3,68.9,58.534,46.7,47.2
186,91.1,69.6,58.6,51.1,38.6
186,93.4,72.1,58.867,43.6,52.0
186,94.0,72.9,58.934,54.5,52.8
186,95.7,74.1,59.067,49.7,41.7
186,96.5,74.9,59.134,53.0,45.8
186,97.0,75.9,59.2,60.6,59.3
186,100.6,79.0,59.467,50.8,43.9
186,101.8,79.9,59.534,52.0,39.6
186,102.6,80.8,59.6,51.4,49.0
186,103.6,81.9,59.667,54.7,46.4
186,104.6,82.9,59.734,51.9,44.8
186,105.7,83.9,59.8,51.1,43.9
186,106.7,85.1,59.867,54.7,48.6
186,107.8,86.0,59.934,42.4,38.4
186,109.0,87.1,60.0,49.7,42.7
186,110.4,88.4,60.067,55.8,44.3
186,111.6,89.7,60.134,56.5,46.2
186,112.8,90.9,60.2,46.6,44.0
186,115.6,94.0,60.334,53.2,43.0
186,117.3,95.3,60.4,47.6,37.3
186,118.9,96.7,60.467,50.5,42.9
186,122.5,100.0,60.6,47.5,38.6
186,124.6,101.9,60.667,57.8,41.9
186,126.5,103.7,60.734,53.9,43.7
186,128.3,105.7,60.8,57.0,47.5
186,135.0,112.8,61.0,54.1,41.8
186,137.8,115.4,61.067,61.4,42.4
186,140.3,117.8,61.134,55.2,44.6
186,146.1,124.2,61.267,60.6,46.8
186,149.3,127.5,61.334,60.9,44.7
186,160.1,139.0,61.534,60.8,45.0
187,244.9,101.1,57.334,58.5,198.9
187,240.7,99.6,57.4,60.4,200.1
187,232.6,96.5,57.534,56.0,199.5
187,228.9,95.4,57.6,49.3,196.8
187,222.3,92.8,57.734,53.0,199.3
187,218.6,91.7,57.8,49.9,196.1
187,216.0,90.7,57.867,50.1,201.4
187,209.6,88.2,58.0,53.2,196.5
187,207.1,87.0,58.067,59.4,203.8
187,201.6,85.3,58.2,58.0,201.1
187,199.0,84.5,58.267,42.8,196.6
187,190.0,80.7,58.534,47.7,200.2
187,187.7,79.9,58.6,53.2,199.4
187,185.6,79.0,58.667,61.6,203.2
187,181.9,77.9,58.8,44.8,196.9
187,180.0,77.0,58.867,58.5,203.1
187,174.2,74.8,59.067,60.0,202.2
187,172.6,74.2,59.134,50.7,202.2
187,163.1,71.0,59.534,54.3,199.3
187,160.1,70.1,59.667,44.3,196.5
187,157.7,68.6,59.867,52.8,213.0
187,156.1,68.1,59.934,49.3,198.5
187,147.6,65.2,60.4,42.6,198.3
189,150.7,180.9,56.867,48.6,53.4
189,155.2,188.3,56.934,56.5,59.1
189,166.4,210.4,57.067,60.8,62.8
189,172.7,220.8,57.134,56.0,58.8
189,180.3,231.9,57.2,55.2,55.7
189,187.9,243.8,57.267,52.5,57.3
189,197.2,257.4,57.334,54.5,55.8
190,71.2,61.4,57.4,47.1,58.3
190,72.7,64.0,57.8,61.2,77.9
190,74.6,66.4,58.2,45.1,64.5
190,74.7,67.1,58.267,59.0,81.6
190,76.7,68.8,58.467,51.0,42.7
190,77.8,70.0,58.6,60.2,50.0
190,79.2,72.0,58.8,45.0,52.8
190,80.1,73.1,58.934,52.0,61.0
190,80.5,74.1,59.0,61.6,65.4
190,81.1,75.0,59.067,59.9,57.5
190,82.2,76.4,59.2,46.8,54.3
190,82.8,77.3,59.267,52.5,57.2
190,83.7,78.0,59.334,44.2,40.2
190,84.2,78.8,59.4,43.0,57.9
190,84.6,79.8,59.467,52.4,66.4
190,85.2,80.8,59.534,52.3,60.5
190,85.9,81.8,59.6,53.2,54.3
190,86.4,82.7,59.667,44.8,59.1
190,86.9,83.9,59.734,55.1,67.4
190,87.7,84.9,59.8,48.1,54.8
190,88.7,86.1,59.867,53.7,49.8
190,89.4,87.4,59.934,57.4,62.9
190,89.1,88.5,60.0,43.8,105.6
190,90.9,89.9,60.067,56.7,37.5
190,92.4,91.1,60.134,46.7,38.4
190,93.2,92.6,60.2,57.7,61.6
190,94.1,93.9,60.267,48.3,55.9
190,94.8,95.6,60.334,59.9,69.7
190,95.6,97.2,60.4,52.9,61.5
190,96.4,99.0,60.467,57.7,67.1
190,98.0,100.7,60.534,53.3,46.3
190,99.4,102.6,60.6,56.6,54.9
190,100.6,104.6,60.667,55.3,57.4
190,102.4,106.5,60.734,52.4,48.3
190,104.0,108.7,60.8,57.3,52.9
190,107.3,113.7,60.934,54.0,52.4
190,109.2,116.4,61.0,61.1,56.4
190,110.8,119.4,61.067,61.4,61.5
190,111.4,122.4,61.134,58.2,77.0
190,112.7,125.4,61.2,56.3,67.8
190,117.2,132.5,61.334,59.3,54.6
190,123.9,141.0,61.467,61.3,54.0
190,137.7,162.6,61.734,61.6,57.3
193,439.8,199.6,58.334,55.2,209.9
193,249.5,112.4,59.6,55.4,200.3
193,244.8,110.5,59.667,56.6,202.4
193,219.7,99.4,60.067,54.0,200.2
193,216.3,97.9,60.134,61.3,204.5
193,213.1,96.5,60.2,56.3,203.8
193,209.9,95.0,60.267,61.0,204.5
193,206.8,93.7,60.334,55.3,202.5
193,203.7,92.6,60.4,51.4,200.3
193,200.5,91.3,60.467,60.2,202.3
193,195.1,88.8,60.6,53.8,200.6
193,192.5,87.9,60.667,46.0,199.1
193,190.0,86.9,60.734,50.1,201.8
193,187.6,85.8,60.8,57.2,204.0
193,185.3,84.9,60.867,50.7,201.7
193,182.8,83.9,60.934,54.8,202.1
193,180.8,83.1,61.0,50.1,203.3
193,178.7,82.1,61.067,59.6,205.3
193,176.5,81.2,61.134,54.5,202.1
193,174.3,80.3,61.2,51.9,201.1
193,170.5,79.0,61.334,53.6,202.2
193,168.6,78.1,61.4,55.2,203.8
193,166.8,77.3,61.467,58.2,204.8
193,163.7,75.9,61.6,57.8,207.0
193,159.2,74.1,61.8,50.2,206.2
193,156.0,72.7,61.934,54.0,203.6
193,154.6,72.0,62.0,60.0,206.5
193,153.4,71.4,62.067,45.7,205.4
193,150.6,70.1,62.2,46.8,202.7
193,148.2,69.5,62.334,47.5,203.6
193,141.4,66.4,62.734,49.5,209.0
196,309.7,126.6,59.4,60.0,198.9
196,251.8,103.8,60.067,61.0,200.6
196,247.6,102.2,60.134,58.0,200.7
196,235.0,97.7,60.334,46.9,195.5
196,231.5,96.4,60.4,56.7,200.9
196,227.8,95.0,60.467,59.7,200.3
196,224.8,93.7,60.534,56.0,202.7
196,221.7,92.6,60.6,51.0,199.7
196,218.3,91.5,60.667,51.9,197.7
196,215.3,90.5,60.734,50.9,199.5
196,209.5,88.0,60.867,55.1,200.4
196,207.2,87.1,60.934,45.6,199.7
196,201.9,85.4,61.067,53.3,201.1
196,197.0,83.2,61.2,55.5,201.1
196,194.4,82.5,61.267,46.5,196.2
196,190.3,81.0,61.4,52.1,202.0
196,188.2,80.2,61.467,55.6,202.7
196,186.2,79.4,61.534,52.0,201.5
196,182.7,78.0,61.667,55.5,201.8
196,179.2,76.6,61.8,61.4,205.5
196,177.3,75.9,61.867,51.6,200.1
196,175.5,75.2,61.934,49.5,200.5
196,172.2,73.9,62.067,57.3,201.8
196,170.5,73.2,62.134,58.5,202.8
196,169.1,72.6,62.2,45.9,202.2
196,166.2,71.9,62.334,43.3,197.7
196,164.9,71.3,62.4,49.6,203.0
196,160.7,69.8,62.6,49.2,204.2
196,157.0,67.9,62.8,47.6,204.6
196,155.6,67.2,62.934,45.7,208.3
196,153.1,66.5,63.067,56.4,197.3
196,148.2,64.6,63.4,50.2,224.0
196,141.7,62.1,63.8,54.7,201.5
196,138.5,61.3,64.067,48.9,211.1
199,79.3,58.0,60.667,43.3,61.9
199,83.8,62.2,61.467,42.4,43.3
199,87.7,66.0,62.067,52.5,37.5
199,87.9,66.6,62.134,59.9,67.6
199,89.9,68.9,62.4,53.2,43.6
199,91.4,70.0,62.534,57.1,38.2
199,92.5,70.9,62.667,44.8,48.1
199,96.3,75.1,63.067,54.1,55.8
199,97.0,75.9,63.134,51.0,49.3
199,97.9,76.9,63.2,59.3,47.1
199,98.9,77.6,63.267,42.9,35.0
199,100.0,79.1,63.4,51.1,51.8
199,100.9,80.0,63.467,47.3,45.1
199,101.8,80.8,63.534,46.9,44.4
199,102.8,81.7,63.6,44.1,39.2
199,103.7,82.6,63.667,46.1,44.9
199,104.6,83.7,63.734,56.5,51.5
199,106.0,84.7,63.8,46.6,34.6
199,106.8,85.9,63.867,58.7,58.2
199,108.0,87.0,63.934,49.2,41.5
199,109.3,88.0,64.0,43.4,38.8
199,110.4,89.2,64.067,50.2,47.1
199,112.9,91.6,64.2,56.1,50.2
199,114.2,92.9,64.267,51.2,45.6
199,115.7,94.1,64.334,46.3,39.9
199,117.1,95.7,64.4,57.8,48.1
199,118.6,97.3,64.467,56.0,47.4
199,120.0,98.9,64.534,50.2,46.1
199,121.6,100.7,64.6,60.3,50.9
199,123.2,102.5,64.667,54.0,48.0
199,125.0,104.2,64.734,50.4,43.3
199,126.8,105.8,64.8,45.2,40.1
199,128.2,107.7,64.867,53.4,54.9
199,130.7,109.7,64.934,52.1,38.7
199,135.5,114.6,65.067,55.3,46.0
199,138.2,117.3,65.134,61.5,45.7
199,140.8,120.1,65.2,58.6,46.5
199,143.5,122.9,65.267,57.7,46.4
199,146.4,126.1,65.334,61.3,47.4
199,149.4,129.4,65.4,59.6,47.7
199,152.6,132.9,65.467,59.6,47.7
199,156.0,136.8,65.534,61.0,48.5
199,159.8,140.7,65.6,59.5,46.4
199,173.1,155.0,65.8,59.3,45.0
199,183.1,166.6,65.934,61.4,47.9
199,195.4,180.3,66.067,61.3,49.0
199,202.7,187.9,66.134,61.3,46.1
203,69.6,57.9,60.667,60.2,68.2
203,70.7,59.5,60.934,49.8,58.1
203,72.2,61.1,61.334,47.7,67.2
203,72.4,61.5,61.4,42.7,61.7
203,72.9,62.3,61.534,42.5,84.8
203,73.4,62.8,61.667,52.9,72.4
203,75.5,64.9,62.067,57.5,57.9
203,75.9,65.5,62.134,54.9,57.7
203,76.4,66.1,62.2,55.8,53.8
203,78.2,68.9,62.534,57.5,64.1
203,79.5,70.1,62.734,50.5,42.0
203,80.2,70.8,62.8,54.2,47.7
203,80.7,71.5,62.867,44.1,52.3
203,81.1,72.1,62.934,47.8,56.8
203,81.5,72.8,63.0,43.5,60.2
203,82.0,73.5,63.067,48.0,54.8
203,82.9,74.9,63.2,54.3,64.4
203,85.1,77.0,63.4,43.2,46.7
203,86.2,78.6,63.534,48.1,56.3
203,86.6,79.4,63.6,46.4,64.1
203,87.6,80.9,63.734,44.8,58.1
203,88.5,81.9,63.8,46.7,43.9
203,89.3,82.9,63.867,52.9,54.4
203,89.9,84.0,63.934,50.5,61.8
203,90.6,85.0,64.0,45.1,51.8
203,91.4,86.2,64.067,54.0,58.9
203,91.9,87.2,64.134,44.5,60.9
203,93.9,89.4,64.267,52.5,41.0
203,94.8,90.6,64.334,49.7,55.9
203,95.4,92.0,64.4,51.8,64.2
203,96.1,93.1,64.467,44.0,60.7
203,97.0,94.7,64.534,56.6,59.2
203,98.1,96.1,64.6,48.6,52.8
203,99.4,97.5,64.667,46.9,47.6
203,100.4,99.2,64.734,53.3,59.5
203,101.5,100.9,64.8,52.1,56.5
203,102.5,102.5,64.867,46.9,56.0
203,103.9,104.1,64.934,48.1,51.4
203,105.3,106.0,65.0,51.5,52.2
203,106.6,107.9,65.067,49.6,55.1
203,108.5,109.9,65.134,51.5,46.9
203,110.3,112.3,65.2,58.1,53.9
203,111.8,114.7,65.267,54.0,56.8
203,113.5,117.3,65.334,56.8,57.0
203,115.3,119.8,65.4,53.2,54.7
203,117.2,122.9,65.467,60.9,58.6
203,119.0,125.7,65.534,52.3,57.2
203,120.8,128.8,65.6,53.3,59.4
203,123.5,132.1,65.667,56.1,50.9
203,125.6,135.9,65.734,58.4,61.1
203,128.1,139.9,65.8,58.6,58.5
203,131.1,144.1,65.867,58.3,54.2
203,134.1,148.7,65.934,59.4,57.3
203,137.4,153.6,66.0,58.0,56.0
203,140.7,158.7,66.067,56.9,56.9
203,144.3,164.5,66.134,59.4,57.9
203,148.5,170.5,66.2,57.2,55.7
203,152.9,177.4,66.267,59.7,56.9
203,157.2,185.0,66.334,60.2,60.5
203,162.5,193.3,66.4,60.0,57.6
203,168.5,202.4,66.467,60.0,56.6
203,174.7,212.7,66.534,60.7,59.1
203,181.6,224.2,66.6,60.2,58.9
203,189.0,236.7,66.667,58.5,59.4
203,198.2,251.2,66.734,60.8,57.7
203,208.1,265.2,66.8,52.6,54.7
211,422.2,179.8,63.334,55.7,213.6
211,263.3,109.7,64.534,58.6,200.6
211,245.5,102.5,64.8,54.6,200.1
211,233.6,97.7,65.0,55.1,200.7
211,230.1,96.2,65.067,60.1,202.4
211,226.5,94.9,65.134,60.7,201.3
211,223.2,93.6,65.2,54.9,199.9
211,220.0,92.6,65.267,48.5,198.5
211,217.0,91.5,65.334,53.2,200.4
211,211.1,89.0,65.467,56.3,201.1
211,208.4,87.9,65.534,55.6,201.3
211,205.7,86.8,65.6,60.9,203.5
211,201.0,85.0,65.734,60.0,204.0
211,198.6,84.1,65.8,51.5,200.9
211,196.3,83.2,65.867,55.2,201.7
211,193.9,82.3,65.934,54.1,200.4
211,191.3,81.5,66.0,49.3,197.6
211,188.9,80.7,66.067,45.9,197.0
211,187.0,79.9,66.134,51.4,202.0
211,183.4,78.3,66.267,45.0,198.9
211,181.4,77.7,66.334,43.8,197.3
211,179.5,76.9,66.4,54.7,202.3
211,176.0,75.2,66.534,58.2,203.9
211,166.8,72.1,66.934,48.7,207.7
211,162.4,70.2,67.134,59.7,204.6
211,160.8,69.6,67.2,49.6,199.1
211,159.4,69.0,67.267,55.8,202.3
211,156.8,68.1,67.4,57.9,204.3
211,155.8,67.6,67.467,54.2,207.3
211,154.7,67.1,67.534,50.2,203.9
211,152.4,66.2,67.667,56.5,208.5
211,151.1,65.7,67.734,51.6,200.7
211,149.1,65.0,67.867,51.1,207.3
211,146.1,64.1,68.067,43.7,202.6
213,89.2,59.2,63.934,51.5,58.0
213,89.6,59.6,64.0,48.7,42.6
213,92.9,61.9,64.467,42.6,39.9
213,93.2,62.4,64.534,54.8,56.3
213,95.1,63.8,64.734,53.5,30.0
213,96.2,64.5,64.867,48.6,38.4
213,98.2,66.0,65.134,49.0,47.2
213,99.2,67.2,65.267,48.6,55.6
213,100.1,67.9,65.334,59.6,39.4
213,101.1,68.5,65.4,43.6,28.5
213,101.4,69.1,65.467,51.1,63.2
213,104.0,71.2,65.734,44.8,21.7
213,105.3,71.9,65.8,51.8,28.7
213,106.5,72.7,65.867,55.6,32.7
213,108.3,73.9,66.0,49.2,34.1
213,110.7,76.0,66.2,50.8,40.0
213,113.6,78.7,66.4,59.6,43.1
213,114.8,79.5,66.467,47.2,33.6
213,116.9,81.8,66.6,57.5,45.4
213,117.7,82.9,66.667,58.0,52.9
213,119.1,83.9,66.734,50.4,35.2
213,120.5,84.9,66.8,48.5,36.0
213,122.0,86.0,66.867,49.6,34.8
213,123.2,86.9,66.934,43.0,37.8
213,125.1,87.9,67.0,46.6,29.0
213,126.8,89.1,67.067,50.3,33.6
213,128.4,90.4,67.134,57.0,39.9
213,129.7,91.8,67.2,56.5,45.6
213,131.3,93.1,67.267,51.2,40.3
213,133.4,94.6,67.334,58.5,36.4
213,135.1,95.9,67.4,45.8,36.1
213,137.0,97.5,67.467,59.0,40.9
213,139.1,99.3,67.534,60.3,39.3
213,141.2,101.1,67.6,57.9,40.9
213,143.5,102.8,67.667,54.9,36.6
213,145.8,104.7,67.734,56.4,39.1
213,148.4,106.8,67.8,59.4,38.3
213,153.8,111.4,67.934,59.0,38.9
213,156.7,113.7,68.0,58.0,38.4
213,327.0,264.8,69.467,59.6,37.4
218,428.6,198.7,64.534,54.1,214.5
218,296.5,134.6,65.267,61.3,202.8
218,258.0,116.7,65.667,54.0,199.7
218,247.7,112.2,65.8,58.3,202.0
218,234.4,105.8,66.0,61.2,205.8
218,230.1,104.3,66.067,53.0,200.0
218,226.2,102.5,66.134,61.5,204.2
218,218.9,99.3,66.267,53.0,200.2
218,215.3,98.0,66.334,52.3,200.2
218,211.6,96.7,66.4,53.5,199.9
218,208.7,95.4,66.467,54.1,203.9
218,202.2,92.7,66.6,51.4,200.4
218,199.6,91.7,66.667,45.3,200.3
218,197.3,90.5,66.734,55.9,208.2
218,191.5,88.0,66.867,51.5,199.4
218,189.1,87.1,66.934,47.8,201.2
218,186.6,86.2,67.0,44.2,199.2
218,184.2,85.1,67.067,58.5,203.6
218,183.0,84.2,67.134,56.3,219.3
218,180.7,83.3,67.2,48.4,201.0
218,178.0,82.4,67.267,50.3,198.1
218,176.4,81.7,67.334,42.9,203.2
218,173.9,80.8,67.4,53.2,199.7
218,171.5,80.0,67.467,48.7,198.5
218,169.5,79.1,67.534,61.5,205.1
218,166.1,77.8,67.667,53.0,207.6
218,163.0,76.2,67.8,44.0,202.9
218,158.7,74.4,68.0,61.2,210.2
218,157.7,73.7,68.067,55.0,214.3
218,153.5,71.9,68.267,57.4,215.2
218,151.7,71.2,68.334,52.1,199.6
218,150.9,70.7,68.4,47.5,212.4
218,148.2,69.7,68.534,43.7,200.9
218,147.0,69.1,68.6,53.3,206.8
218,145.6,68.2,68.734,43.2,216.6
218,141.8,66.5,68.934,61.1,206.4
218,138.9,65.3,69.134,48.5,205.3
220,79.9,59.2,65.134,42.5,50.4
220,80.7,60.0,65.267,61.6,42.6
220,82.9,62.9,65.8,57.5,63.2
220,84.7,64.4,66.067,48.2,60.7
220,85.0,64.9,66.134,50.8,59.9
220,85.8,65.9,66.267,56.6,49.0
220,87.6,67.7,66.534,49.2,51.9
220,89.0,68.9,66.667,52.2,44.6
220,90.1,69.9,66.8,48.2,45.7
220,90.6,70.6,66.867,53.5,55.2
220,91.9,71.8,67.0,46.6,48.5
220,92.7,72.6,67.067,54.6,42.5
220,93.8,73.9,67.2,60.1,54.6
220,94.6,74.8,67.267,57.5,48.4
220,96.2,76.0,67.4,52.3,48.0
220,96.9,77.0,67.467,60.5,55.4
220,97.8,77.9,67.534,49.1,43.4
220,99.3,79.4,67.667,54.9,44.8
220,100.3,80.2,67.734,44.3,39.6
220,102.5,81.8,67.867,45.6,40.0
220,103.3,82.8,67.934,52.7,50.8
220,104.5,84.0,68.0,56.9,44.3
220,105.6,85.1,68.067,51.4,45.1
220,106.7,86.2,68.134,50.1,43.9
220,107.7,87.3,68.2,52.2,48.8
220,108.5,88.6,68.267,56.7,58.5
220,109.8,89.9,68.334,51.2,45.3
220,112.8,92.2,68.467,52.4,39.2
220,114.0,93.7,68.534,55.4,49.7
220,115.5,95.0,68.6,47.3,42.0
220,116.9,96.6,68.667,56.6,48.7
220,118.5,98.1,68.734,50.8,42.9
220,119.3,99.7,68.8,53.7,62.7
220,121.4,101.6,68.867,59.0,42.2
220,123.8,103.4,68.934,54.3,36.8
220,125.9,105.3,69.0,56.5,43.2
220,130.2,109.6,69.134,50.9,41.7
220,132.6,111.7,69.2,53.2,41.3
220,135.0,113.8,69.267,52.5,42.0
220,137.6,116.4,69.334,59.5,45.8
220,142.6,122.3,69.467,61.0,51.0
220,145.1,125.0,69.534,53.0,48.5
220,152.1,131.9,69.667,61.1,45.4
220,155.2,135.4,69.734,56.4,48.2
220,196.1,179.5,70.267,60.6,47.4
223,200.9,101.8,66.0,54.5,203.8
223,197.6,100.2,66.067,57.5,206.7
223,193.9,98.5,66.134,61.5,204.2
223,187.2,95.2,66.267,57.0,202.5
223,175.7,89.4,66.534,56.0,203.4
223,168.4,86.0,66.734,42.7,202.1
223,166.4,84.8,66.8,60.1,209.5
223,164.1,83.8,66.867,53.6,203.7
223,162.0,82.8,66.934,57.4,206.2
223,158.0,80.8,67.067,51.2,203.5
223,156.3,79.9,67.134,57.3,208.7
223,154.8,79.0,67.2,56.1,210.8
223,151.2,77.2,67.334,56.1,206.8
223,148.0,75.3,67.467,55.2,203.9
223,144.8,74.0,67.6,61.6,207.3
223,143.6,73.4,67.667,44.7,206.4
223,142.0,72.8,67.734,47.8,201.6
223,140.7,72.1,67.8,53.1,208.1
223,136.7,70.1,68.0,61.8,207.6
223,135.3,69.5,68.067,44.9,201.8
223,134.2,68.9,68.134,52.0,207.0
223,130.9,67.2,68.334,48.3,208.0
223,125.8,64.9,68.667,46.0,208.3
223,122.2,63.1,68.934,51.6,206.8
223,120.1,62.3,69.067,52.7,202.4
223,117.7,61.1,69.267,46.9,207.4
223,116.0,60.1,69.4,54.4,208.1
223,114.6,59.2,69.6,48.5,240.3
227,440.2,179.3,66.067,60.1,207.7
227,252.9,103.9,67.467,59.8,199.5
227,244.7,100.7,67.6,57.7,200.5
227,236.2,97.7,67.734,51.8,196.9
227,225.3,93.5,67.934,54.7,200.9
227,222.2,92.2,68.0,59.6,202.0
227,218.9,91.1,68.067,51.5,198.2
227,215.8,90.0,68.134,55.6,199.9
227,212.9,88.8,68.2,60.4,202.4
227,210.3,87.8,68.267,55.6,201.8
227,207.4,86.8,68.334,51.7,199.0
227,204.7,86.0,68.4,44.6,196.5
227,202.2,85.0,68.467,54.1,201.4
227,199.6,84.1,68.534,55.1,199.9
227,197.2,83.1,68.6,56.9,201.8
227,194.6,82.3,68.667,46.9,196.8
227,192.5,81.4,68.734,59.9,203.9
227,190.4,80.6,68.8,49.8,200.3
227,188.2,79.8,68.867,52.7,200.7
227,186.2,79.0,68.934,49.8,199.7
227,184.3,78.3,69.0,53.9,203.3
227,180.3,77.0,69.134,55.6,203.3
227,178.4,76.2,69.2,59.1,203.4
227,176.4,75.6,69.267,42.7,196.1
227,175.0,75.0,69.334,47.4,204.3
227,170.2,73.0,69.534,56.0,203.0
227,168.7,72.4,69.6,55.4,204.4
227,162.5,70.2,69.867,53.4,203.3
227,159.6,69.3,70.0,52.2,201.1
227,151.9,66.4,70.4,53.2,204.1
227,144.4,63.5,70.934,51.3,197.7
227,143.1,63.1,71.0,44.2,197.1
227,133.5,59.7,71.8,48.0,222.4
229,75.9,55.2,67.334,43.2,55.3
229,78.3,57.5,67.867,43.6,51.2
229,80.0,58.8,68.2,53.8,55.9
229,80.2,59.2,68.267,48.6,59.8
229,82.1,61.0,68.6,45.8,36.7
229,83.8,62.2,68.867,45.8,38.9
229,85.7,64.6,69.2,53.5,57.8
229,90.4,68.9,69.8,50.7,43.0
229,91.8,70.0,69.934,57.4,47.1
229,92.4,70.7,70.0,56.5,49.2
229,93.0,71.5,70.067,59.7,53.7
229,93.5,72.4,70.134,60.4,61.4
229,96.0,74.0,70.334,44.9,38.8
229,96.6,74.9,70.4,56.1,53.6
229,98.0,76.4,70.534,58.9,51.9
229,99.6,78.0,70.667,49.8,43.8
229,100.9,78.9,70.734,54.6,38.4
229,101.6,79.8,70.8,49.2,48.3
229,102.7,80.6,70.867,43.8,38.5
229,104.6,82.2,71.0,49.3,46.9
229,105.5,83.3,71.067,57.4,50.6
229,106.6,84.2,71.134,45.5,40.3
229,109.0,87.0,71.267,57.4,46.7
229,110.3,88.0,71.334,45.9,39.8
229,111.5,89.0,71.4,42.8,39.6
229,112.8,90.0,71.467,42.5,37.7
229,114.0,91.2,71.534,48.9,45.1
229,115.4,92.7,71.6,56.8,47.0
229,116.9,94.0,71.667,47.9,40.1
229,118.1,95.4,71.734,53.4,50.1
229,119.5,97.0,71.8,53.2,47.0
229,121.5,98.5,71.867,53.0,39.0
229,123.4,100.2,71.934,53.6,40.9
229,127.0,104.4,72.067,56.4,46.4
229,129.0,106.3,72.134,55.0,43.1
229,130.9,108.4,72.2,57.8,48.7
229,133.3,110.6,72.267,55.8,41.8
229,135.5,112.8,72.334,54.8,45.2
229,138.0,115.3,72.4,57.6,45.1
229,140.5,118.0,72.467,60.7,47.3
229,143.3,120.8,72.534,59.8,44.6
229,148.9,127.1,72.667,57.2,47.7
229,152.2,130.5,72.734,60.1,45.6
229,159.2,138.0,72.867,58.3,44.6
229,163.2,142.1,72.934,60.3,45.3
229,275.3,265.8,73.867,47.9,37.2
230,85.5,63.0,67.067,53.4,43.9
230,87.9,65.1,67.4,51.2,65.5
230,88.7,65.6,67.467,48.5,34.4
230,90.0,66.6,67.6,54.2,33.6
230,91.3,68.0,67.8,45.0,18.6
230,92.6,68.6,67.867,46.4,25.9
230,93.9,71.4,68.2,47.8,82.3
230,94.3,72.0,68.267,42.7,59.7
230,94.9,72.6,68.334,48.0,48.0
230,96.3,74.0,68.467,54.7,50.7
230,97.0,74.8,68.534,53.1,48.5
230,97.9,75.5,68.6,42.5,38.6
230,99.5,76.9,68.734,44.9,48.3
230,100.4,77.8,68.8,56.4,46.8
230,101.2,78.7,68.867,51.4,49.5
230,102.1,79.5,68.934,47.1,43.1
230,103.1,80.5,69.0,52.9,43.0
230,103.8,81.3,69.067,43.4,47.6
230,104.9,82.3,69.134,52.7,42.7
230,105.7,83.3,69.2,48.7,50.2
230,106.9,84.2,69.267,46.4,39.1
230,107.9,85.5,69.334,59.9,53.4
230,109.7,87.5,69.467,48.3,49.8
230,110.9,88.7,69.534,50.5,44.4
230,112.5,89.8,69.6,46.3,34.2
230,113.7,91.1,69.667,52.5,46.3
230,115.4,92.3,69.734,48.7,36.0
230,116.6,93.4,69.8,43.3,43.5
230,118.2,94.9,69.867,53.8,42.7
230,119.5,96.5,69.934,58.6,52.0
230,121.3,98.2,70.0,57.1,42.7
230,123.0,99.7,70.067,49.9,42.6
230,124.8,101.6,70.134,58.4,45.6
230,126.6,103.5,70.2,58.0,47.3
230,128.5,105.4,70.267,54.9,45.1
230,130.5,107.4,70.334,56.0,44.9
230,132.7,109.5,70.4,54.2,43.0
230,134.9,111.7,70.467,54.9,44.4
230,137.2,113.8,70.534,52.0,43.0
230,139.8,116.5,70.6,60.8,45.4
230,142.5,119.0,70.667,55.9,44.0
230,145.1,121.9,70.734,59.8,47.8
230,148.1,124.8,70.8,57.6,44.2
230,154.2,131.7,70.934,59.2,46.8
230,161.4,139.4,71.067,60.1,47.4
230,165.3,143.8,71.134,61.7,47.9
230,169.7,148.3,71.2,60.3,45.6
230,174.1,153.2,71.267,61.3,48.0
230,196.7,177.6,71.534,59.9,47.6
230,203.3,185.1,71.6,61.6,48.6
230,280.5,266.1,72.067,51.2,37.9
231,194.7,98.2,68.867,55.6,201.9
231,185.4,93.6,69.067,54.3,203.1
231,182.7,92.3,69.134,56.8,206.3
231,177.4,89.6,69.267,54.9,204.8
231,174.6,88.5,69.334,56.0,202.8
231,169.9,86.0,69.467,55.7,206.7
231,165.2,83.9,69.6,50.7,202.4
231,163.2,82.9,69.667,53.5,205.8
231,161.2,81.8,69.734,61.8,208.1
231,159.2,80.9,69.8,56.1,205.1
231,157.5,79.9,69.867,60.3,210.7
231,154.3,78.1,70.0,52.4,207.0
231,150.7,76.8,70.134,50.1,204.0
231,147.9,75.0,70.267,55.3,211.3
231,146.4,74.3,70.334,55.8,206.8
231,143.6,73.0,70.467,55.5,210.0
231,140.7,71.9,70.6,42.5,200.8
231,139.3,71.2,70.667,54.4,206.1
231,138.1,70.7,70.734,44.9,204.2
231,136.9,70.0,70.8,59.2,210.0
231,134.8,69.0,70.934,50.7,211.4
231,131.2,67.4,71.134,47.6,204.9
231,129.3,66.5,71.267,46.4,207.8
231,125.4,64.9,71.534,44.6,199.4
231,122.1,63.2,71.8,60.1,209.6
231,119.8,62.1,72.0,45.5,208.0
231,117.6,61.3,72.134,54.5,202.9
231,114.0,59.3,72.534,61.0,217.8
231,111.4,58.0,72.8,43.6,206.7
231,106.1,55.0,73.467,53.3,217.3
233,92.8,61.2,68.534,44.1,40.2
233,94.2,62.2,68.734,57.5,34.1
233,94.8,62.6,68.8,48.5,39.1
233,95.5,63.2,68.867,58.4,38.7
233,96.4,64.0,69.0,45.9,36.0
233,100.3,66.6,69.4,54.1,51.1
233,105.4,69.8,69.8,55.9,53.4
233,107.6,71.9,70.0,59.0,39.4
233,110.9,73.9,70.2,58.1,35.3
233,111.9,74.7,70.267,53.9,38.3
233,115.2,76.7,70.467,59.7,47.5
233,116.5,77.7,70.534,59.4,36.8
233,117.6,78.6,70.6,54.6,39.7
233,120.2,80.2,70.734,58.5,37.9
233,121.5,81.0,70.8,46.3,32.3
233,122.8,82.0,70.867,53.2,37.7
233,125.5,84.5,71.0,57.7,39.9
233,126.8,85.7,71.067,57.2,40.2
233,128.3,86.8,71.134,50.0,36.0
233,129.8,87.8,71.2,45.5,33.3
233,131.0,89.0,71.267,53.6,44.8
233,133.2,90.3,71.334,55.8,30.4
233,135.0,91.7,71.4,60.1,39.6
233,136.9,92.9,71.467,47.9,32.6
233,141.0,95.8,71.6,47.2,30.5
233,147.6,101.1,71.8,52.2,38.3
233,150.0,102.8,71.867,53.5,34.7
233,152.2,104.8,71.934,59.2,41.2
233,154.4,106.8,72.0,58.4,42.2
233,171.6,119.5,72.334,60.9,36.8
233,362.8,269.2,73.667,44.6,17.9
236,85.7,56.1,68.934,60.8,62.6
236,86.1,56.4,69.0,42.5,34.5
236,87.5,57.7,69.334,42.6,36.7
236,91.0,60.2,69.867,54.4,37.6
236,92.9,61.9,70.2,61.7,60.3
236,96.9,65.1,70.667,61.8,52.2
236,97.5,65.6,70.734,43.5,36.8
236,97.8,66.0,70.8,43.4,63.8
236,99.4,67.0,70.934,59.2,39.7
236,100.5,67.9,71.067,54.5,52.1
236,102.1,68.9,71.2,47.9,49.5
236,104.0,70.1,71.334,52.9,35.5
236,105.5,71.2,71.467,59.2,45.2
236,106.0,71.9,71.534,53.7,55.5
236,107.7,73.0,71.667,44.3,38.0
236,109.0,73.9,71.734,60.9,35.0
236,109.9,74.7,71.8,57.0,43.5
236,111.6,76.0,71.934,47.8,43.5
236,112.9,76.9,72.0,54.2,32.8
236,113.8,77.8,72.067,53.4,44.0
236,116.4,79.3,72.2,55.7,38.0
236,117.5,80.1,72.267,44.5,34.1
236,119.1,80.9,72.334,43.8,27.9
236,120.4,81.9,72.4,53.1,36.5
236,121.7,83.0,72.467,56.4,40.2
236,122.7,84.0,72.534,53.7,44.2
236,124.4,85.1,72.6,52.1,32.5
236,125.8,86.2,72.667,53.4,38.9
236,127.5,87.2,72.734,47.6,31.1
236,128.8,88.5,72.8,55.4,43.4
236,130.4,89.7,72.867,54.6,39.1
236,132.0,90.9,72.934,48.1,35.5
236,134.0,92.3,73.0,56.4,34.6
236,135.6,93.6,73.067,54.4,39.7
236,137.6,95.0,73.134,52.7,35.6
236,141.8,98.5,73.267,58.8,40.0
236,144.0,100.1,73.334,55.9,36.6
236,146.4,101.9,73.4,56.3,35.9
236,148.8,103.6,73.467,54.7,36.9
236,151.4,105.6,73.534,59.3,36.9
236,153.9,107.7,73.6,57.4,39.3
236,156.8,109.7,73.667,54.8,34.8
236,159.7,112.0,73.734,61.3,39.3
236,162.7,114.3,73.8,56.8,37.2
236,173.1,122.6,74.0,60.9,37.7
236,177.1,125.6,74.067,60.3,36.9
236,360.2,269.7,75.334,42.5,17.3
237,441.7,196.5,69.534,55.2,209.3
237,237.7,105.4,70.934,61.0,201.6
237,233.2,103.6,71.0,61.1,201.7
237,225.4,100.1,71.134,60.3,202.6
237,217.9,97.3,71.267,45.3,196.8
237,207.7,92.7,71.467,59.5,203.3
237,204.3,91.6,71.534,49.5,197.6
237,201.2,90.5,71.6,53.7,200.1
237,198.6,89.4,71.667,51.4,201.9
237,193.2,87.2,71.8,43.4,199.0
237,190.7,86.1,71.867,59.1,204.1
237,186.2,83.9,72.0,59.2,207.2
237,179.4,81.5,72.2,44.5,198.8
237,177.3,80.7,72.267,52.0,201.9
237,175.2,79.8,72.334,59.3,204.6
237,173.2,78.9,72.4,59.5,204.3
237,169.5,77.1,72.534,54.5,203.8
237,165.9,75.8,72.667,54.9,202.6
237,163.9,75.0,72.734,59.7,202.0
237,159.2,73.4,72.934,45.2,201.8
237,152.0,70.2,73.267,58.0,205.7
237,150.7,69.7,73.334,44.4,201.0
237,149.6,69.1,73.4,56.1,209.6
237,144.6,67.2,73.667,58.1,218.7
237,142.7,66.4,73.8,49.1,208.3
237,139.3,65.3,74.0,55.5,203.1
237,137.8,64.2,74.134,56.4,238.2
237,130.3,61.5,74.667,47.2,204.5
237,129.5,61.1,74.734,44.5,205.5
237,124.3,59.4,75.134,44.1,205.6
237,118.2,56.8,75.8,60.7,222.2
237,114.2,54.8,76.334,61.0,213.8
237,113.8,54.4,76.4,56.6,221.3
237,108.7,52.3,77.0,44.6,202.8
243,441.7,201.2,70.8,52.8,215.6
243,242.9,110.3,72.134,55.4,200.2
243,230.0,104.5,72.334,58.8,203.7
243,225.9,102.8,72.4,59.0,202.2
243,218.3,99.6,72.534,56.2,201.0
243,211.6,96.5,72.667,54.7,202.9
243,208.5,95.4,72.734,45.7,200.1
243,205.3,94.0,72.8,60.2,203.7
243,202.1,92.9,72.867,49.4,199.1
243,199.0,91.6,72.934,56.8,202.0
243,196.3,90.5,73.0,52.5,202.5
243,191.0,88.1,73.134,51.2,202.0
243,188.8,87.1,73.2,49.7,203.2
243,183.9,84.8,73.334,57.8,203.1
243,181.9,84.0,73.4,44.1,202.2
243,179.6,83.2,73.467,45.1,199.2
243,177.8,82.2,73.534,60.6,209.1
243,173.5,81.0,73.667,43.3,198.5
243,171.4,80.2,73.734,52.3,201.9
243,167.4,78.2,73.867,58.0,204.1
243,164.3,76.8,74.0,54.8,203.9
243,162.8,76.1,74.067,51.6,206.1
243,161.0,75.4,74.134,46.5,200.4
243,156.9,73.3,74.334,57.2,207.6
243,151.1,71.1,74.6,51.4,206.7
243,148.3,70.1,74.734,44.1,201.7
243,147.2,69.4,74.8,60.1,209.8
243,146.5,68.9,74.867,44.9,213.5
243,138.0,65.4,75.4,52.7,214.1
243,136.8,64.8,75.467,58.7,204.9
243,132.6,63.1,75.8,55.9,206.2
243,130.5,62.3,75.934,58.6,201.5
243,128.4,61.5,76.067,50.0,203.6
243,125.4,60.3,76.334,49.9,212.3
243,113.8,55.3,77.534,42.5,203.7
243,108.8,53.3,78.2,47.4,200.6
244,369.3,147.0,71.134,61.1,196.1
244,358.1,144.0,71.2,59.2,195.4
244,275.6,112.5,71.934,60.9,200.4
244,260.2,106.7,72.134,58.0,198.8
244,247.5,101.5,72.334,51.9,198.9
244,239.4,98.6,72.467,54.4,198.6
244,232.1,95.7,72.6,55.4,200.7
244,228.7,94.5,72.667,52.8,199.4
244,225.3,93.2,72.734,57.5,200.4
244,222.0,92.1,72.8,52.2,198.5
244,219.0,91.0,72.867,52.5,199.8
244,216.2,89.8,72.934,59.8,203.5
244,213.3,88.7,73.0,56.5,200.7
244,210.6,87.7,73.067,50.7,199.5
244,207.9,86.9,73.134,45.8,197.9
244,205.4,86.0,73.2,48.8,199.4
244,202.8,85.0,73.267,55.5,200.8
244,200.2,84.1,73.334,50.2,198.7
244,197.7,83.3,73.4,49.7,198.7
244,195.5,82.4,73.467,55.6,202.5
244,191.4,80.8,73.6,56.3,202.7
244,189.2,80.0,73.667,51.4,200.6
244,185.2,78.8,73.8,47.4,199.1
244,179.5,76.6,74.0,55.0,202.8
244,177.8,76.0,74.067,44.7,200.1
244,176.2,75.3,74.134,48.5,201.8
244,173.0,74.2,74.267,57.3,204.3
244,169.5,72.7,74.4,49.7,199.7
244,168.1,72.2,74.467,46.6,201.8
244,161.0,69.7,74.8,45.4,200.9
244,159.7,69.2,74.867,45.0,201.3
244,157.3,68.3,75.0,54.6,204.6
244,154.9,67.5,75.134,54.0,207.2
244,153.7,67.0,75.2,49.1,201.6
244,150.4,65.4,75.4,54.1,204.2
244,146.8,63.9,75.667,43.6,203.5
244,141.1,62.0,76.067,59.8,209.8
244,138.6,61.1,76.267,46.5,204.8
246,66.0,54.9,71.934,58.4,74.7
246,67.4,56.2,72.2,49.3,41.7
246,67.4,56.9,72.4,42.9,105.1
246,68.6,58.0,72.667,57.3,37.6
246,71.7,61.3,73.334,55.5,46.8
246,76.3,68.8,74.334,56.3,61.3
246,78.2,71.0,74.6,48.1,35.4
246,78.9,71.8,74.667,59.9,53.2
246,80.8,73.5,74.867,49.8,61.4
246,81.5,74.9,75.0,49.0,66.3
246,82.5,75.7,75.067,51.0,38.7
246,83.6,77.7,75.2,54.0,59.1
246,84.5,79.4,75.334,54.7,74.6
246,87.5,81.8,75.534,48.4,53.9
246,89.3,84.9,75.734,54.3,64.0
246,90.7,87.9,75.867,56.5,64.3
246,91.9,89.0,75.934,45.4,41.2
246,94.0,91.4,76.067,56.8,53.8
246,94.7,92.6,76.134,45.2,59.2
246,95.4,93.8,76.2,42.4,56.8
246,97.1,95.4,76.267,57.0,44.0
246,98.0,96.8,76.334,48.4,59.3
246,99.3,98.6,76.4,58.7,54.1
246,101.8,102.5,76.534,53.3,52.6
246,103.3,104.4,76.6,56.4,52.6
246,104.5,106.4,76.667,54.5,59.0
246,106.2,108.5,76.734,52.6,49.5
246,107.4,110.5,76.8,51.6,60.0
246,109.5,112.7,76.867,51.4,45.3
246,111.3,115.3,76.934,59.5,55.2
246,113.3,118.1,77.0,60.1,55.5
246,114.9,120.5,77.067,49.6,55.4
246,117.0,123.7,77.134,61.5,57.1
246,120.8,130.5,77.267,57.4,60.3
246,123.5,134.3,77.334,60.2,53.9
246,126.5,138.2,77.4,59.4,52.6
246,129.2,142.5,77.467,60.5,57.9
246,132.0,147.2,77.534,61.1,58.9
246,135.7,152.1,77.6,60.8,53.5
246,138.6,157.6,77.667,61.4,61.9
246,142.8,163.4,77.734,61.3,53.8
246,151.3,176.7,77.867,59.6,58.3
246,156.2,184.2,77.934,60.6,57.2
246,167.3,202.1,78.067,61.6,57.8
246,173.1,212.6,78.134,61.0,61.1
246,207.6,266.2,78.4,48.6,50.4
248,443.4,233.4,72.334,46.0,221.4
248,222.9,112.5,73.734,61.4,207.4
248,218.4,110.5,73.8,57.1,204.4
248,214.3,108.5,73.867,59.0,205.8
248,206.7,104.5,74.0,59.7,206.7
248,199.8,100.8,74.134,61.4,208.2
248,196.6,99.1,74.2,60.0,207.5
248,193.6,97.5,74.267,58.7,206.9
248,190.4,96.2,74.334,51.3,202.6
248,187.4,94.7,74.4,61.2,207.2
248,184.6,93.6,74.467,48.8,202.4
248,179.6,90.7,74.6,55.5,207.2
248,177.0,89.5,74.667,56.2,205.3
248,174.7,88.4,74.734,56.3,207.0
248,170.4,86.6,74.867,48.7,205.3
248,168.0,85.6,74.934,52.4,203.1
248,165.9,84.5,75.0,60.0,208.2
248,164.1,83.6,75.067,49.4,207.0
248,162.6,82.7,75.134,50.6,210.9
248,159.1,80.7,75.267,59.4,209.9
248,157.6,79.7,75.334,60.0,212.5
248,156.1,78.7,75.4,59.9,212.8
248,150.5,76.9,75.6,45.0,201.7
248,148.6,76.1,75.667,47.2,200.5
248,147.2,75.5,75.734,45.1,204.0
248,144.8,74.4,75.867,54.5,212.0
248,143.2,73.7,75.934,51.4,204.8
248,140.2,72.1,76.067,57.7,207.1
248,138.1,71.1,76.2,47.9,213.5
248,135.8,70.1,76.334,48.0,206.3
248,134.5,69.4,76.4,54.1,207.0
248,133.2,68.9,76.467,48.4,203.2
248,132.2,68.3,76.534,53.3,211.1
248,130.4,67.3,76.667,43.1,207.5
248,127.8,66.1,76.867,50.4,211.9
248,123.8,64.3,77.134,54.8,211.5
248,119.0,62.5,77.534,52.8,208.9
248,117.4,61.6,77.667,47.5,208.7
248,113.8,59.6,78.067,57.5,207.7
248,111.7,58.6,78.267,43.3,203.2
250,444.7,177.8,73.0,55.1,202.4
250,278.5,112.4,74.134,58.5,198.8
250,263.2,106.4,74.334,60.0,199.8
250,258.5,104.8,74.4,57.2,199.3
250,254.0,103.1,74.467,61.2,200.3
250,245.2,99.7,74.6,60.3,199.4
250,237.7,96.8,74.734,51.6,197.8
250,234.3,95.6,74.8,54.2,200.8
250,227.6,92.9,74.934,56.1,200.8
250,221.1,91.1,75.067,50.7,197.8
250,217.6,90.2,75.134,45.8,194.9
250,212.1,87.8,75.267,46.5,198.2
250,209.7,86.9,75.334,48.5,200.5
250,207.4,86.0,75.4,49.8,201.9
250,202.3,83.9,75.534,52.2,198.8
250,199.9,83.0,75.6,53.9,200.6
250,193.9,81.5,75.734,46.7,194.4
250,191.4,80.6,75.8,56.5,199.6
250,190.0,79.7,75.867,60.3,211.6
250,188.5,79.0,75.934,49.5,206.1
250,186.7,78.2,76.0,58.2,204.4
250,184.7,77.3,76.067,57.6,202.8
250,181.0,76.2,76.2,45.2,197.1
250,179.3,75.5,76.267,49.4,200.6
250,177.5,74.8,76.334,57.1,203.0
250,175.7,74.1,76.4,54.7,200.9
250,174.1,73.5,76.467,48.3,200.5
250,172.4,73.0,76.534,44.1,197.9
250,171.0,72.4,76.6,49.4,203.1
250,168.0,71.2,76.734,56.4,202.0
250,164.8,70.2,76.867,48.1,202.0
256,334.1,135.1,74.867,61.0,201.2
256,305.0,123.8,75.134,57.2,198.9
256,293.2,119.1,75.267,56.1,200.1
256,287.6,116.9,75.334,59.3,201.4
256,282.1,114.8,75.4,58.6,200.6
256,271.8,110.8,75.534,59.1,201.4
256,267.2,109.0,75.6,56.9,201.6
256,262.8,107.4,75.667,51.3,199.2
256,258.5,105.8,75.734,56.1,201.2
256,254.2,104.4,75.8,50.4,198.2
256,249.9,102.8,75.867,56.8,199.9
256,246.3,101.3,75.934,55.7,202.2
256,242.4,100.0,76.0,51.5,198.7
256,238.8,98.8,76.067,48.4,198.9
256,235.4,97.3,76.134,59.6,202.6
256,228.8,94.8,76.267,45.8,198.4
256,225.9,93.8,76.334,44.3,199.2
256,222.8,92.9,76.4,44.8,197.5
256,219.8,91.9,76.467,45.8,197.8
256,209.5,87.8,76.734,48.1,199.9
256,205.1,86.2,76.867,56.0,208.6
256,200.5,84.6,77.0,55.4,202.9
256,196.5,83.0,77.134,50.0,203.4
256,194.3,82.1,77.2,53.2,201.5
256,192.2,81.3,77.267,49.4,201.0
256,188.3,79.9,77.4,57.7,205.3
256,186.4,79.1,77.467,57.3,204.4
256,181.2,77.1,77.667,54.2,203.1
256,179.7,76.5,77.734,46.4,202.3
256,176.5,75.3,77.867,57.6,205.3
256,175.0,74.7,77.934,46.1,201.4
256,172.0,73.5,78.067,48.6,202.1
256,169.2,72.4,78.2,60.8,207.2
256,166.3,71.3,78.334,56.8,203.5
258,74.6,53.4,75.0,61.3,69.3
258,77.1,56.1,75.6,61.8,95.7
258,79.7,58.0,76.267,44.6,25.3
258,82.6,60.7,76.8,61.0,52.9
258,84.1,61.9,77.0,47.1,35.4
258,85.1,62.8,77.2,53.4,53.6
258,85.5,63.8,77.334,50.8,65.5
258,88.1,65.9,77.667,61.0,57.2
258,88.6,66.4,77.734,47.9,47.8
258,89.2,67.0,77.8,49.6,43.2
258,91.3,69.1,78.067,61.6,57.7
258,92.5,69.9,78.2,51.2,55.0
258,92.8,70.9,78.334,50.7,80.3
258,94.7,72.8,78.534,52.4,52.6
258,95.7,73.7,78.6,56.5,40.7
258,97.3,74.9,78.734,44.6,35.6
258,99.0,75.8,78.8,56.3,28.3
258,101.3,77.9,79.0,54.8,43.0
258,102.3,78.8,79.067,52.4,42.2
258,103.2,79.8,79.134,53.1,48.6
258,104.0,80.6,79.2,47.1,47.2
258,106.3,83.4,79.4,60.8,56.0
258,107.0,84.3,79.467,45.7,51.3
258,109.3,86.8,79.6,51.3,34.8
258,110.6,87.8,79.667,45.0,38.4
258,112.9,89.9,79.8,48.9,43.4
258,115.3,92.2,79.934,55.7,51.5
258,116.7,93.7,80.0,56.6,46.6
258,118.5,94.9,80.067,45.1,34.8
258,120.0,96.5,80.134,55.2,46.3
258,121.5,98.0,80.2,51.2,45.4
258,122.4,99.6,80.267,53.3,59.2
258,124.3,101.2,80.334,51.6,40.7
258,126.4,102.8,80.4,48.5,37.2
258,128.2,104.7,80.467,53.9,45.9
258,129.9,106.5,80.534,53.3,47.4
258,132.3,108.5,80.6,54.0,40.3
258,134.5,110.6,80.667,52.6,42.3
258,136.2,113.1,80.734,60.9,55.8
258,138.6,115.5,80.8,56.0,45.2
258,141.5,118.1,80.867,59.7,42.5
258,143.9,120.9,80.934,58.4,49.7
258,146.6,123.8,81.0,58.7,46.8
258,149.8,126.9,81.067,57.3,43.5
258,152.9,130.3,81.134,60.7,47.7
258,156.6,133.6,81.2,57.1,42.0
258,163.6,141.6,81.334,59.1,50.9
258,167.9,146.0,81.4,61.2,45.9
258,172.3,150.7,81.467,59.8,46.6
258,177.1,155.7,81.534,60.7,46.1
258,193.4,174.0,81.734,60.9,49.3
258,200.0,181.2,81.8,61.5,47.5
258,207.0,189.0,81.867,61.7,48.4
258,232.1,217.8,82.067,59.8,49.6
261,437.0,199.7,75.4,59.7,209.1
261,231.4,104.5,76.867,61.7,204.3
261,215.4,97.8,77.134,52.5,199.0
261,196.9,89.7,77.534,47.3,199.7
261,194.0,88.7,77.6,50.7,200.2
261,191.2,87.7,77.667,51.7,200.1
261,188.8,86.7,77.734,49.2,201.2
261,186.2,85.9,77.8,46.1,199.0
261,179.8,82.9,78.0,49.8,204.7
261,177.6,82.1,78.067,44.9,199.2
261,175.7,81.3,78.134,49.6,203.5
261,165.2,76.8,78.467,49.6,198.8
261,161.7,75.2,78.6,50.0,201.8
261,158.8,74.2,78.734,43.3,204.8
261,157.2,73.6,78.8,42.5,199.1
261,156.3,72.9,78.867,58.4,216.9
261,148.7,69.3,79.267,61.7,217.1
261,143.7,67.0,79.6,50.5,203.8
261,134.9,64.0,80.067,43.3,199.0
261,130.9,62.5,80.334,48.9,204.0
261,130.3,62.1,80.4,50.0,212.4
261,129.4,61.8,80.467,45.5,204.7
261,128.5,61.4,80.534,44.4,202.1
261,118.8,57.2,81.4,42.6,203.3
261,109.8,53.3,82.534,48.7,206.9
269,70.8,60.6,81.0,43.7,51.8
269,71.9,61.9,81.334,52.0,54.8
269,73.8,65.8,81.867,54.1,67.0
269,74.4,66.8,82.0,54.5,54.6
269,75.5,68.0,82.2,50.1,46.7
269,77.0,69.9,82.4,56.4,44.9
269,78.3,71.8,82.6,61.2,53.5
269,78.9,72.9,82.734,54.9,67.0
269,79.4,73.7,82.8,50.9,56.5
269,80.3,75.0,82.934,52.3,57.8
269,81.6,77.0,83.134,49.3,58.9
269,82.0,77.9,83.2,50.9,64.3
269,82.5,78.8,83.267,49.1,61.0
269,83.1,79.6,83.334,45.9,56.6
269,85.5,82.8,83.6,50.7,46.3
269,86.2,83.8,83.667,44.6,51.4
269,86.9,84.8,83.734,45.2,55.1
269,87.5,85.9,83.8,51.5,63.4
269,88.2,87.0,83.867,48.2,55.1
269,89.1,88.1,83.934,47.9,53.4
269,89.8,89.3,84.0,48.3,59.2
269,90.7,90.7,84.067,52.9,56.1
269,91.2,91.8,84.134,43.8,66.2
269,93.2,94.4,84.267,54.4,53.2
269,94.3,95.8,84.334,48.1,54.0
269,95.2,97.3,84.4,48.3,57.7
269,96.1,98.9,84.467,50.8,60.0
269,97.1,100.6,84.534,52.8,60.1
269,99.5,103.7,84.667,50.5,55.6
269,100.2,105.6,84.734,51.0,69.5
269,101.0,107.5,84.8,50.1,65.8
269,102.7,109.6,84.867,52.8,51.2
269,103.8,111.6,84.934,49.1,61.6
269,105.6,113.7,85.0,48.8,49.7
269,107.6,116.1,85.067,54.7,50.6
269,109.1,118.6,85.134,52.7,58.2
269,110.7,121.4,85.2,55.0,60.1
269,112.6,124.2,85.267,54.5,56.0
269,114.6,127.2,85.334,53.5,56.8
269,116.7,130.5,85.4,55.4,56.8
269,118.8,134.0,85.467,56.6,58.7
269,120.9,137.5,85.534,52.9,59.7
269,123.2,141.2,85.6,53.2,57.9
269,125.7,145.3,85.667,55.1,58.9
269,128.4,150.0,85.734,58.2,59.6
269,131.2,154.7,85.8,54.5,59.3
269,133.8,159.9,85.867,55.7,63.9
269,137.6,165.5,85.934,57.1,55.8
269,141.1,171.7,86.0,57.4,60.4
269,145.4,178.0,86.067,54.1,55.4
269,149.8,185.2,86.134,56.8,58.8
269,154.5,193.1,86.2,57.5,59.5
269,159.5,201.9,86.267,57.4,60.6
269,165.1,211.4,86.334,56.5,59.3
269,171.1,222.4,86.4,58.2,61.6
269,177.5,234.5,86.467,56.8,61.7
269,185.2,248.2,86.534,58.1,60.8
269,194.0,263.2,86.6,56.2,59.6
273,445.3,181.1,82.934,52.0,205.6
273,298.0,120.0,83.934,54.8,199.9
273,292.1,118.2,84.0,49.7,197.0
273,286.5,116.3,84.067,53.4,198.9
273,281.3,114.6,84.134,50.1,198.4
273,270.4,110.6,84.267,54.4,197.5
273,265.8,108.8,84.334,59.9,202.2
273,261.6,107.3,84.4,49.9,199.8
273,257.1,105.7,84.467,54.5,199.3
273,253.9,104.3,84.534,49.5,204.1
273,249.8,102.8,84.6,54.8,200.1
273,242.8,99.7,84.734,51.8,201.8
273,236.1,97.1,84.867,45.1,198.6
273,232.8,95.8,84.934,52.7,200.7
273,229.6,94.8,85.0,45.4,197.8
273,226.8,93.8,85.067,45.1,199.5
273,223.6,92.9,85.134,43.3,196.2
273,220.7,91.8,85.2,49.6,200.0
273,217.9,90.8,85.267,50.8,200.9
273,215.3,89.6,85.334,61.1,205.2
273,212.8,88.6,85.4,49.3,200.6
273,210.2,87.6,85.467,55.1,202.3
273,207.8,86.7,85.534,44.3,198.9
273,205.7,85.9,85.6,46.4,201.1
273,203.2,85.1,85.667,44.0,198.0
273,201.1,84.2,85.734,53.0,203.0
273,197.3,82.8,85.867,43.0,200.3
273,195.4,82.0,85.934,46.4,201.8
273,193.4,81.2,86.0,50.5,201.8
273,191.4,80.4,86.067,51.5,201.5
273,185.7,78.1,86.267,56.1,204.1
273,182.6,77.1,86.4,49.1,202.4
273,181.0,76.4,86.467,47.3,202.1
273,178.0,75.2,86.6,58.1,207.2
273,173.7,73.7,86.8,52.6,204.5
273,172.4,73.2,86.867,44.5,203.1
273,169.4,72.1,87.0,50.3,200.6
273,167.9,71.5,87.067,46.5,200.6
273,157.4,67.6,87.667,59.8,205.1
273,149.6,64.5,88.2,55.3,219.6
273,149.2,64.0,88.267,56.5,227.4
273,143.4,62.4,88.667,47.6,197.7
273,140.4,61.6,88.867,43.1,200.2
273,138.6,60.9,89.0,45.8,207.5
273,137.7,60.5,89.067,45.5,202.3
273,137.0,60.1,89.134,54.5,209.2
274,441.8,200.5,83.134,48.8,210.4
274,294.2,132.4,83.934,59.5,201.0
274,280.6,126.4,84.067,61.7,203.7
274,257.2,115.6,84.334,59.9,203.2
274,251.8,113.4,84.4,60.8,202.0
274,247.1,111.3,84.467,60.4,204.1
274,242.5,109.4,84.534,57.4,202.0
274,233.7,105.6,84.667,57.4,202.4
274,225.8,101.9,84.8,60.7,204.1
274,221.9,100.6,84.867,51.1,199.6
274,215.2,97.7,85.0,49.4,200.5
274,208.9,94.8,85.134,56.4,204.2
274,205.8,93.7,85.2,44.7,198.3
274,202.5,92.7,85.267,46.1,197.6
274,199.9,91.5,85.334,55.1,204.8
274,197.5,90.3,85.4,54.1,205.7
274,192.0,88.0,85.534,52.5,201.5
274,189.8,87.0,85.6,50.5,204.2
274,187.7,85.9,85.667,58.3,207.2
274,185.5,84.9,85.734,56.3,205.2
274,181.1,83.2,85.867,50.8,202.6
274,179.0,82.4,85.934,47.5,201.2
274,177.1,81.4,86.0,58.3,207.1
274,173.3,80.0,86.134,54.0,205.3
274,171.4,79.2,86.2,54.9,204.9
274,169.6,78.3,86.267,57.5,204.9
274,166.1,77.1,86.4,48.5,203.1
274,164.7,76.3,86.467,57.9,209.2
274,158.9,74.0,86.734,52.9,203.5
274,157.4,73.2,86.8,58.9,207.3
274,155.0,72.1,86.934,53.4,207.3
274,153.6,71.6,87.0,43.1,200.5
274,146.7,68.5,87.4,50.0,209.6
274,143.3,67.1,87.6,61.2,209.7
274,140.9,65.7,87.8,50.8,208.4
274,140.0,65.2,87.867,55.0,208.9
274,134.8,63.2,88.2,53.1,209.7
274,132.8,62.6,88.4,48.9,227.2
274,131.6,62.1,88.467,52.5,200.1
274,123.0,58.7,89.2,53.5,213.9
274,122.6,58.4,89.267,51.4,219.1
274,115.9,55.7,90.0,49.6,208.6
275,434.5,228.0,83.267,53.3,216.7
275,208.4,105.8,84.8,60.7,205.6
275,204.5,104.0,84.867,58.4,204.4
275,200.7,102.3,84.934,57.2,204.1
275,190.6,97.3,85.134,50.1,202.7
275,182.1,92.7,85.334,59.5,209.9
275,179.8,91.4,85.4,58.7,210.4
275,176.8,90.1,85.467,58.6,203.2
275,174.2,88.9,85.534,54.8,204.6
275,171.9,87.8,85.6,54.2,206.1
275,169.7,86.6,85.667,56.4,206.8
275,167.3,85.6,85.734,51.8,203.0
275,165.1,84.7,85.8,46.7,202.3
275,162.9,83.8,85.867,51.1,203.5
275,157.3,81.0,86.067,55.0,209.3
275,154.4,79.0,86.2,61.4,217.4
275,149.6,77.0,86.4,60.4,215.3
275,142.5,73.5,86.734,57.0,209.8
275,138.6,71.7,86.934,45.1,201.6
275,137.4,71.0,87.0,52.1,207.2
275,134.0,69.3,87.2,50.8,213.3
275,127.9,66.2,87.6,50.9,208.5
275,126.2,65.3,87.734,56.3,214.6
275,124.0,64.4,87.867,53.0,210.3
275,123.3,64.0,87.934,44.2,210.6
275,122.4,63.5,88.0,52.3,209.1
275,120.0,62.5,88.2,51.7,212.2
275,119.1,62.1,88.267,51.9,208.1
275,115.5,60.4,88.6,54.3,209.7
275,107.6,56.1,89.6,45.5,235.9
276,202.7,92.8,83.534,50.5,201.2
276,193.4,88.8,83.734,58.0,199.9
276,188.5,86.9,83.867,57.9,204.2
276,186.0,86.0,83.934,46.5,199.3
276,183.8,84.9,84.0,56.5,205.7
276,181.8,83.9,84.067,56.2,207.0
276,179.6,83.0,84.134,50.8,201.4
276,177.3,82.1,84.2,55.1,202.5
276,175.2,81.3,84.267,50.3,201.9
276,171.4,79.3,84.4,59.3,205.5
276,169.5,78.6,84.467,46.5,200.4
276,165.8,77.4,84.6,44.1,199.8
276,164.5,76.7,84.667,51.3,208.1
276,162.8,75.9,84.734,57.6,205.5
276,156.6,73.2,85.0,60.5,208.5
276,155.0,72.4,85.067,57.8,204.7
276,153.6,71.9,85.134,46.1,202.4
276,152.2,71.2,85.2,57.6,205.8
276,148.5,69.6,85.4,52.1,205.6
276,146.7,68.4,85.534,56.1,212.5
276,142.9,67.4,85.734,55.5,206.1
276,141.6,66.9,85.8,45.5,200.1
276,140.9,66.4,85.867,54.9,214.8
276,139.7,65.9,85.934,48.0,202.1
276,138.8,65.5,86.0,47.9,207.4
276,137.8,65.1,86.067,42.6,203.6
276,135.9,64.2,86.2,49.2,203.5
276,131.1,62.4,86.534,53.7,209.5
276,126.1,60.1,86.934,46.0,204.0
276,122.7,59.0,87.267,46.1,210.6
277,74.4,53.5,83.934,58.6,93.0
277,74.0,54.3,88.267,48.3,68.7
277,75.6,55.5,88.6,51.1,32.4
277,77.3,56.9,88.934,47.2,34.6
277,82.4,62.0,89.934,53.7,67.7
277,84.5,63.5,90.2,53.1,45.8
277,85.9,64.7,90.4,42.5,42.4
277,86.5,65.2,90.467,48.0,43.6
277,86.9,65.8,90.534,52.6,55.7
277,88.0,67.2,90.734,48.8,52.1
277,91.3,70.0,91.067,50.0,41.1
277,93.2,71.8,91.267,58.5,50.1
277,94.1,73.1,91.4,53.3,58.8
277,97.1,76.1,91.667,48.0,41.8
277,98.1,76.9,91.734,45.4,37.1
277,98.9,77.8,91.8,53.5,48.8
277,101.7,80.4,92.0,55.0,40.5
277,103.4,82.1,92.134,49.5,44.0
277,106.8,85.5,92.334,61.8,49.0
277,107.9,86.8,92.4,56.7,49.1
277,110.3,88.6,92.534,42.7,40.3
277,111.7,89.8,92.6,51.4,40.9
277,113.1,91.1,92.667,51.4,42.8
277,114.3,92.6,92.734,56.9,49.7
277,115.4,93.8,92.8,48.2,49.0
277,116.8,95.3,92.867,53.9,46.1
277,118.3,96.8,92.934,52.6,46.6
277,120.3,98.7,93.0,61.8,41.7
277,122.4,100.5,93.067,58.8,41.5
277,124.2,102.4,93.134,57.7,46.0
277,126.1,104.2,93.2,54.8,43.5
277,127.7,106.1,93.267,54.7,50.8
277,129.6,108.1,93.334,52.8,45.2
277,131.9,110.3,93.4,58.4,44.9
277,134.2,112.6,93.467,57.2,45.4
277,136.4,115.2,93.534,61.3,49.0
277,139.2,117.7,93.6,55.2,42.1
277,141.9,120.3,93.667,55.9,43.5
277,144.8,123.3,93.734,60.2,46.0
277,154.2,133.5,93.934,56.4,45.7
277,161.5,141.6,94.067,61.6,47.2
277,170.0,151.0,94.2,61.3,47.4
277,179.8,162.0,94.334,60.4,47.5
277,269.7,264.9,95.0,57.1,46.0
281,85.2,63.1,86.2,44.9,71.8
281,86.8,63.9,86.334,58.7,23.7
281,90.7,68.1,86.867,58.7,43.5
281,92.2,69.5,87.067,53.2,62.3
281,92.7,70.1,87.134,47.5,48.5
281,93.0,70.9,87.2,61.4,70.0
281,95.1,71.9,87.334,45.3,27.7
281,95.7,72.7,87.4,54.5,55.1
281,96.6,74.0,87.534,58.9,68.0
281,97.0,74.7,87.6,46.5,59.6
281,100.5,77.8,87.867,52.7,51.5
281,101.4,78.7,87.934,52.7,45.7
281,102.6,79.6,88.0,50.0,37.7
281,103.6,80.5,88.067,47.5,39.6
281,105.7,82.4,88.2,60.2,47.2
281,106.7,83.5,88.267,53.0,47.6
281,107.5,84.6,88.334,55.7,54.0
281,108.1,85.9,88.4,60.0,63.7
281,109.6,86.9,88.467,46.4,34.5
281,112.3,89.0,88.6,47.1,43.8
281,113.7,90.1,88.667,44.0,37.1
281,114.9,91.6,88.734,61.2,51.3
281,116.2,92.9,88.8,49.9,45.2
281,117.7,94.1,88.867,44.9,39.3
281,119.4,95.7,88.934,58.5,43.2
281,120.9,97.4,89.0,60.9,48.6
281,123.0,98.9,89.067,48.6,35.6
281,124.7,100.6,89.134,56.7,45.1
281,126.5,102.6,89.2,59.2,47.2
281,128.4,104.6,89.267,59.3,46.2
281,130.3,106.5,89.334,53.7,44.9
281,132.4,108.4,89.4,52.2,43.4
281,137.0,113.3,89.534,60.8,52.9
281,142.1,118.4,89.667,54.0,42.5
281,145.1,121.3,89.734,61.1,44.2
281,148.2,124.4,89.8,61.1,45.2
281,154.8,131.4,89.934,60.2,46.3
282,312.9,128.1,86.734,61.7,200.3
282,260.3,107.3,87.334,54.1,198.4
282,255.9,105.7,87.4,54.7,200.2
282,251.5,104.0,87.467,61.4,201.3
282,246.9,102.3,87.534,61.7,200.3
282,243.0,100.8,87.6,57.3,201.3
282,239.3,99.4,87.667,55.2,200.9
282,235.6,98.0,87.734,56.2,200.5
282,232.0,96.6,87.8,56.1,200.4
282,228.7,95.4,87.867,54.6,200.7
282,225.5,94.3,87.934,48.1,198.6
282,219.4,91.8,88.067,52.0,200.1
282,216.4,90.8,88.134,49.9,199.0
282,213.4,89.7,88.2,52.1,199.4
282,210.5,88.7,88.267,51.0,199.3
282,207.7,87.8,88.334,48.9,198.7
282,205.4,86.8,88.4,50.3,202.0
282,202.8,85.9,88.467,48.9,199.3
282,200.4,84.9,88.534,57.9,202.5
282,198.1,84.0,88.6,55.0,202.5
282,195.7,83.0,88.667,58.9,202.9
282,189.3,81.1,88.867,52.0,200.2
282,179.8,77.2,89.2,56.9,203.2
282,177.9,76.4,89.267,52.9,201.0
282,176.4,75.8,89.334,48.3,203.9
282,174.7,75.2,89.4,47.1,200.5
282,173.3,74.6,89.467,47.5,203.2
282,164.2,71.4,89.867,54.7,202.8
282,162.0,70.4,90.0,47.9,204.5
282,160.5,69.8,90.067,49.0,200.7
282,159.2,69.3,90.134,53.3,203.5
282,156.8,68.3,90.267,57.1,206.1
282,154.9,67.5,90.4,47.6,211.4
282,153.9,67.0,90.467,42.4,203.4
286,82.4,54.5,87.934,54.4,36.4
286,82.9,55.0,88.0,60.8,36.4
286,84.0,55.7,88.267,61.6,61.9
286,84.1,56.0,88.334,50.4,76.4
286,89.1,59.6,89.134,49.4,28.3
286,89.5,60.0,89.2,47.7,45.5
286,90.9,61.0,89.4,44.3,52.9
286,92.4,61.9,89.6,60.5,57.3
286,95.1,64.0,89.934,59.4,39.1
286,95.7,64.5,90.0,50.5,40.3
286,96.2,65.0,90.067,51.9,49.4
286,98.7,66.9,90.334,54.8,39.4
286,99.5,67.5,90.4,58.3,43.3
286,99.9,68.1,90.467,48.1,52.3
286,100.7,68.6,90.534,43.0,34.1
286,104.3,71.7,90.867,56.9,43.8
286,106.0,72.8,91.0,50.7,37.6
286,107.8,74.0,91.134,44.9,35.6
286,108.9,74.8,91.2,53.4,35.3
286,111.7,76.9,91.4,60.0,42.1
286,112.6,77.8,91.467,58.0,45.8
286,113.6,78.6,91.534,49.7,40.1
286,114.9,79.6,91.6,57.3,36.9
286,116.1,80.6,91.667,55.3,40.3
286,121.1,84.6,91.934,46.2,30.9
286,122.5,85.6,92.0,51.2,38.5
286,124.0,86.8,92.067,55.3,38.0
286,125.4,87.8,92.134,45.5,35.5
286,126.8,89.0,92.2,51.9,40.4
286,129.9,91.2,92.334,53.8,37.0
286,131.6,92.7,92.4,61.5,41.1
286,133.3,94.0,92.467,51.7,39.1
286,135.0,95.7,92.534,60.8,43.6
286,137.2,97.1,92.6,51.2,32.3
286,139.3,98.8,92.667,59.0,39.7
286,141.5,100.4,92.734,53.3,36.7
286,143.7,102.3,92.8,61.4,40.8
286,145.9,104.3,92.867,61.1,41.7
286,148.2,106.1,92.934,52.0,38.0
286,151.1,108.2,93.0,59.1,36.6
286,156.7,112.8,93.134,54.9,35.4
286,159.8,115.3,93.2,60.7,38.8
286,173.7,127.1,93.467,61.8,38.6
286,336.5,266.5,94.667,49.6,28.3
287,183.1,85.5,87.867,55.9,201.6
287,181.0,84.5,87.934,54.0,204.8
287,176.1,82.3,88.067,61.8,204.2
287,174.0,81.4,88.134,51.0,201.9
287,166.4,77.9,88.4,60.2,204.4
287,164.7,77.2,88.467,50.4,203.9
287,162.9,76.4,88.534,54.0,203.1
287,158.0,74.3,88.734,44.4,201.0
287,156.6,73.7,88.8,46.4,202.9
287,154.9,73.1,88.867,45.8,199.9
287,153.6,72.4,88.934,55.8,207.5
287,151.1,71.2,89.067,52.4,206.8
287,148.3,70.2,89.2,59.6,208.1
287,147.1,69.6,89.267,46.8,202.9
287,145.9,69.0,89.334,53.7,206.8
287,144.8,68.5,89.4,48.1,205.4
291,442.9,230.6,89.867,43.8,220.5
291,222.4,111.5,91.2,61.2,205.7
291,217.6,109.4,91.267,61.6,204.0
291,191.3,96.5,91.734,52.9,202.5
291,185.1,93.4,91.867,58.3,204.4
291,179.3,90.8,92.0,50.5,201.4
291,176.6,89.5,92.067,60.4,205.8
291,170.1,86.2,92.267,51.1,207.6
291,165.4,83.8,92.4,55.5,203.9
291,163.4,82.8,92.467,53.3,205.0
291,161.3,81.9,92.534,52.9,203.8
291,159.4,81.0,92.6,53.6,205.6
291,157.6,80.1,92.667,52.7,205.9
291,153.9,78.1,92.8,61.7,206.1
291,150.7,76.7,92.934,51.1,207.1
291,149.2,75.9,93.0,56.0,207.6
291,147.8,75.1,93.067,54.0,209.2
291,146.3,74.4,93.134,51.0,204.6
291,142.2,72.4,93.334,56.6,209.3
291,138.4,70.6,93.534,47.7,203.7
291,137.3,69.9,93.6,58.8,210.4
291,136.0,69.3,93.667,50.5,205.8
291,130.5,66.7,94.0,46.8,207.4
291,129.5,66.1,94.067,53.2,210.0
291,127.4,65.4,94.2,53.9,203.5
291,123.9,63.8,94.467,53.7,206.5
291,122.9,63.4,94.534,43.6,202.6
291,122.0,62.9,94.6,55.5,211.0
291,117.0,60.4,95.0,44.2,204.3
291,115.2,59.7,95.2,47.7,203.8
291,114.4,59.3,95.267,43.0,203.4
291,113.1,58.6,95.4,55.9,216.8
291,109.9,56.9,95.734,48.5,209.1
292,259.3,105.9,90.934,61.7,200.5
292,237.4,97.8,91.267,53.3,198.1
292,230.2,94.8,91.4,56.2,200.5
292,226.2,93.8,91.467,47.6,194.5
292,219.2,91.1,91.6,57.9,200.0
292,216.1,89.9,91.667,56.6,200.5
292,213.5,88.9,91.734,52.8,201.7
292,211.0,87.9,91.8,53.9,202.0
292,208.2,86.9,91.867,51.5,199.2
292,205.4,86.1,91.934,43.4,195.6
292,200.1,84.0,92.067,56.2,203.2
292,197.3,83.0,92.134,59.2,200.1
292,194.6,82.1,92.2,53.4,197.8
292,192.9,81.3,92.267,49.6,204.7
292,190.3,80.4,92.334,56.8,198.9
292,186.1,79.0,92.467,50.3,200.8
292,183.8,78.2,92.534,54.6,198.9
292,181.6,77.4,92.6,55.6,200.2
292,179.6,76.7,92.667,52.7,200.5
292,178.1,76.0,92.734,50.8,204.2
292,176.3,75.3,92.8,56.9,202.3
292,173.3,74.2,92.934,42.7,201.8
292,171.9,73.5,93.0,57.3,206.9
292,168.1,72.2,93.134,55.4,199.9
292,162.0,70.1,93.4,55.0,200.7
295,87.0,57.0,91.467,46.8,39.4
295,87.9,57.6,91.6,59.0,35.5
295,90.3,59.0,91.867,54.6,35.0
295,92.9,60.9,92.267,44.8,37.7
295,93.3,61.3,92.334,47.2,42.9
295,95.5,62.8,92.6,56.2,42.2
295,97.5,63.9,92.8,50.9,30.2
295,98.3,64.4,92.867,51.7,36.0
295,98.9,64.9,92.934,53.3,41.2
295,100.3,65.9,93.067,60.1,39.0
295,101.8,66.7,93.2,47.8,36.8
295,104.6,69.0,93.467,50.7,50.7
295,105.7,69.9,93.6,45.3,41.9
295,107.6,71.5,93.734,53.9,32.6
295,109.3,72.8,93.867,52.3,47.6
295,111.4,73.9,94.0,58.2,38.2
295,112.3,74.7,94.067,56.1,42.5
295,114.5,76.0,94.2,50.8,35.0
295,115.4,76.9,94.267,57.7,43.9
295,116.4,77.8,94.334,58.4,42.1
295,118.8,79.3,94.467,50.0,31.4
295,120.4,80.1,94.534,46.9,28.0
295,121.4,81.0,94.6,49.7,39.7
295,122.6,81.9,94.667,50.9,39.2
295,124.0,82.9,94.734,49.5,34.3
295,126.9,85.1,94.867,48.2,33.0
295,128.2,86.0,94.934,45.4,34.5
295,131.3,88.7,95.067,53.4,37.1
295,132.8,89.9,95.134,50.9,36.8
295,134.9,91.0,95.2,46.6,28.7
295,136.0,92.5,95.267,61.5,51.9
295,138.1,93.8,95.334,52.3,33.3
295,147.1,100.0,95.6,52.5,33.1
295,149.3,101.8,95.667,58.0,38.5
295,151.5,103.7,95.734,58.8,41.1
295,154.4,105.7,95.8,59.2,33.7
295,157.2,107.6,95.867,55.1,34.5
295,159.9,109.7,95.934,56.5,37.4
295,163.1,111.9,96.0,59.6,35.9
295,173.1,120.1,96.2,61.1,38.3
295,350.4,266.5,97.534,51.6,28.6
297,100.5,66.9,92.067,58.7,37.5
297,102.1,67.8,92.2,55.3,37.4
297,104.9,69.7,92.467,57.7,38.4
297,105.8,70.4,92.534,53.8,36.4
297,107.4,71.7,92.667,59.0,45.9
297,109.0,72.9,92.8,49.4,38.1
297,111.6,75.1,93.0,54.2,45.2
297,112.6,75.9,93.067,51.5,38.5
297,113.7,76.5,93.134,42.8,33.2
297,115.7,77.9,93.267,49.8,38.6
297,116.5,78.9,93.334,58.5,51.9
297,118.3,79.8,93.4,48.8,26.1
297,119.7,80.8,93.467,57.9,35.6
297,120.8,81.8,93.534,52.8,41.5
297,122.0,82.7,93.6,50.6,37.5
297,123.4,83.8,93.667,57.8,39.6
297,124.3,84.8,93.734,48.5,46.1
297,125.6,85.9,93.8,52.5,40.4
297,127.4,87.1,93.867,54.8,33.4
297,129.0,88.1,93.934,44.2,31.1
297,130.6,89.0,94.0,42.4,30.7
297,132.2,90.2,94.067,49.4,36.7
297,133.9,91.6,94.134,60.9,40.2
297,135.6,92.9,94.2,51.4,36.9
297,137.5,94.2,94.267,51.4,34.6
297,139.8,95.8,94.334,56.7,34.5
297,141.7,97.2,94.4,50.7,35.6
297,144.1,98.9,94.467,61.6,36.7
297,146.3,100.7,94.534,59.5,39.2
297,148.6,102.1,94.6,42.5,29.2
297,150.9,103.9,94.667,57.2,39.8
297,153.4,105.9,94.734,58.1,37.3
297,156.1,107.8,94.8,55.4,35.5
297,158.7,109.9,94.867,57.5,39.3
297,164.5,114.6,95.0,55.9,37.4
297,171.5,119.9,95.134,59.4,36.6
297,175.3,122.8,95.2,61.5,37.7
297,179.2,125.8,95.267,60.4,37.8
297,192.4,136.5,95.467,61.2,38.3
297,361.3,269.0,96.534,43.5,19.6
300,438.4,178.7,92.2,57.4,205.2
300,331.6,133.5,92.867,57.5,200.6
300,323.9,131.6,92.934,45.9,194.1
300,317.1,129.3,93.0,49.7,197.9
300,310.3,126.6,93.067,61.2,201.9
300,304.9,124.5,93.134,48.8,201.3
300,298.1,122.3,93.2,56.6,198.2
300,292.7,119.9,93.267,60.6,204.1
300,287.9,117.8,93.334,55.5,203.5
300,283.7,115.7,93.4,56.6,206.4
300,277.7,113.8,93.467,55.7,197.4
300,273.8,111.8,93.534,59.1,207.3
300,269.1,110.1,93.6,52.1,199.7
300,264.6,108.5,93.667,53.4,200.1
300,260.1,106.8,93.734,54.9,200.2
300,256.1,105.4,93.8,49.9,199.7
300,252.4,103.9,93.867,53.7,202.2
300,249.1,102.2,93.934,61.0,207.0
300,245.2,101.0,94.0,44.1,196.1
300,241.4,99.7,94.067,53.8,200.0
300,237.7,98.6,94.134,44.7,196.6
300,234.7,97.4,94.2,48.9,201.7
300,231.5,96.1,94.267,54.4,202.1
300,228.5,94.8,94.334,57.6,203.6
300,225.9,93.7,94.4,48.7,202.2
300,223.2,92.7,94.467,45.4,200.4
300,220.4,91.7,94.534,49.1,199.9
300,217.4,90.7,94.6,49.3,199.0
300,214.8,89.7,94.667,47.3,200.2
300,212.6,88.7,94.734,50.8,203.9
300,210.4,87.7,94.8,54.1,205.3
300,208.0,86.8,94.867,51.6,201.5
300,205.6,86.0,94.934,42.4,197.9
300,203.3,85.0,95.0,55.3,203.2
300,201.0,84.1,95.067,53.8,201.8
301,440.0,201.1,92.334,54.3,211.5
301,256.2,116.4,93.534,61.8,202.9
301,241.6,109.8,93.734,59.2,204.0
301,233.0,105.9,93.867,59.9,204.2
301,229.3,104.2,93.934,56.6,204.2
301,225.3,102.7,94.0,52.5,200.9
301,221.7,101.0,94.067,61.8,205.5
301,217.9,99.5,94.134,56.0,201.4
301,214.4,98.0,94.2,58.5,203.0
301,211.2,96.8,94.267,49.2,201.1
301,208.2,95.4,94.334,57.1,204.5
301,201.9,92.8,94.467,48.8,199.6
301,198.9,91.7,94.534,49.9,200.3
301,196.2,90.7,94.6,42.7,198.5
301,193.7,89.5,94.667,58.4,206.4
301,191.3,88.5,94.734,50.6,202.8
301,188.9,87.6,94.8,44.0,199.9
301,186.8,86.6,94.867,52.3,206.1
301,184.5,85.5,94.934,60.2,206.1
301,180.4,83.9,95.067,47.1,201.6
301,178.2,82.9,95.134,55.7,204.7
301,176.3,82.1,95.2,45.9,201.7
301,172.6,80.2,95.334,55.5,204.0
301,170.8,79.3,95.4,60.0,206.3
301,168.9,78.5,95.467,47.9,202.0
301,165.6,77.0,95.6,60.2,207.2
301,162.6,75.8,95.734,52.1,202.8
301,160.9,75.2,95.8,43.5,200.5
301,158.2,74.1,95.934,55.8,213.0
301,152.0,71.1,96.267,51.1,208.8
301,146.9,68.8,96.534,51.8,204.9
301,145.0,68.1,96.667,45.4,208.7
301,143.5,67.5,96.734,60.3,203.3
301,139.0,65.5,97.067,51.7,200.9
301,132.9,63.1,97.467,46.0,205.0
304,444.4,204.5,92.934,43.7,224.4
304,265.7,120.3,94.067,59.0,204.1
304,260.5,117.9,94.134,61.8,205.3
304,255.7,115.6,94.2,59.6,205.5
304,250.6,113.5,94.267,58.7,202.5
304,241.2,109.4,94.4,57.4,202.3
304,236.7,107.5,94.467,59.0,202.7
304,228.8,103.8,94.6,58.1,202.4
304,221.0,100.5,94.734,59.5,204.0
304,217.5,99.3,94.8,45.8,199.0
304,214.3,97.8,94.867,55.8,204.2
304,211.3,96.5,94.934,55.1,204.3
304,207.9,95.1,95.0,58.4,202.9
304,204.9,93.7,95.067,58.2,204.2
304,202.2,92.6,95.134,47.2,201.1
304,199.4,91.4,95.2,58.0,204.7
304,196.7,90.1,95.267,59.5,205.0
304,194.0,88.9,95.334,59.9,204.3
304,191.7,87.9,95.4,47.6,202.2
304,189.4,87.0,95.467,49.7,203.3
304,186.7,85.9,95.534,56.2,201.8
304,184.6,84.9,95.6,52.4,203.7
304,182.5,84.1,95.667,47.0,202.0
304,178.8,82.6,95.8,45.8,204.5
304,176.9,81.7,95.867,55.6,206.3
304,175.2,80.9,95.934,46.2,203.5
304,173.5,80.1,96.0,51.9,206.6
304,171.4,79.3,96.067,51.6,200.9
304,167.2,77.9,96.2,53.6,201.7
304,165.7,77.0,96.267,60.0,210.7
304,162.2,75.8,96.4,51.3,201.3
304,160.5,75.1,96.467,48.8,201.9
304,159.1,74.5,96.534,49.2,204.8
304,157.8,73.9,96.6,47.7,206.0
304,156.5,73.2,96.667,49.0,205.0
304,153.9,72.1,96.8,58.4,212.9
306,70.5,61.5,93.867,52.4,67.4
306,71.0,62.7,94.0,44.6,72.9
306,72.1,63.9,94.267,49.3,57.7
306,73.1,65.3,94.467,42.8,65.3
306,73.3,66.0,94.534,55.7,70.9
306,74.3,67.0,94.667,61.0,59.7
306,75.0,68.0,94.8,48.6,62.3
306,75.7,69.1,94.934,52.2,58.5
306,76.4,70.1,95.067,46.2,52.0
306,77.0,70.9,95.134,57.6,53.2
306,77.7,72.0,95.267,46.6,64.2
306,78.3,72.7,95.334,44.8,48.3
306,79.3,74.0,95.467,53.0,59.7
306,80.4,75.1,95.6,45.4,50.7
306,80.9,75.9,95.667,49.0,59.7
306,82.2,77.3,95.8,45.8,48.2
306,82.8,78.3,95.867,56.7,58.8
306,83.5,79.1,95.934,43.3,48.9
306,84.4,80.8,96.067,48.6,65.6
306,84.7,81.8,96.134,50.7,71.6
306,86.1,82.7,96.2,43.4,33.1
306,87.0,83.7,96.267,48.2,46.6
306,87.6,84.6,96.334,42.9,57.4
306,88.3,85.7,96.4,50.7,58.3
306,89.5,86.9,96.467,48.9,44.4
306,92.2,89.9,96.667,45.7,41.8
306,93.8,92.9,96.8,45.9,67.1
306,94.5,95.4,96.934,52.0,77.4
306,94.9,96.8,97.0,47.2,74.7
306,96.9,98.5,97.067,55.4,39.8
306,98.4,100.1,97.134,48.1,45.1
306,99.5,101.8,97.2,53.7,58.1
306,100.8,103.7,97.267,52.4,54.1
306,102.4,105.6,97.334,52.8,50.6
306,103.8,107.5,97.4,52.1,54.2
306,105.2,109.6,97.467,52.2,56.7
306,106.6,111.6,97.534,48.3,53.9
306,108.1,113.7,97.6,49.5,55.9
306,109.6,116.2,97.667,55.7,58.4
306,111.1,118.7,97.734,51.9,58.3
306,112.6,121.5,97.8,56.7,62.9
306,114.4,124.3,97.867,53.2,56.6
306,116.4,127.3,97.934,55.1,57.4
306,118.3,130.8,98.0,58.2,60.8
306,121.0,134.3,98.067,56.4,52.1
306,123.4,138.2,98.134,58.4,57.9
306,125.8,142.1,98.2,55.1,58.7
306,128.4,146.5,98.267,58.2,59.5
306,131.4,151.0,98.334,56.0,56.3
306,134.2,156.1,98.4,58.1,61.3
306,137.1,161.6,98.467,57.5,62.2
306,140.9,167.5,98.534,58.6,57.8
306,144.8,173.7,98.6,56.3,57.8
306,148.9,180.6,98.667,57.0,59.2
306,153.1,188.3,98.734,58.3,60.9
306,157.6,196.8,98.8,58.6,62.7
306,163.5,205.9,98.867,57.5,56.7
306,169.7,216.5,98.934,60.1,59.9
306,176.4,227.9,99.0,58.0,59.4
306,183.7,241.1,99.067,58.9,61.2
306,191.7,256.4,99.134,59.9,62.2
309,447.6,183.5,94.534,42.4,209.4
309,435.7,177.6,94.6,57.3,206.5
309,421.9,172.2,94.667,61.0,201.2
309,409.8,167.0,94.734,61.4,203.5
309,386.7,157.9,94.867,58.9,201.7
309,376.8,153.7,94.934,59.1,202.6
309,367.3,149.9,95.0,58.4,201.9
309,358.2,146.2,95.067,60.3,202.3
309,349.7,142.8,95.134,57.8,201.9
309,342.0,139.6,95.2,56.3,202.1
309,335.1,136.6,95.267,55.7,203.4
309,327.6,133.8,95.334,57.5,200.9
309,321.4,131.0,95.4,56.8,204.1
309,314.8,128.6,95.467,51.9,199.7
309,308.9,126.2,95.534,54.0,202.2
309,302.7,123.9,95.6,56.4,200.9
309,297.5,121.5,95.667,56.7,204.2
309,292.4,119.2,95.734,59.9,204.9
309,282.7,114.9,95.867,51.9,202.0
309,273.8,111.8,96.0,53.2,202.4
309,269.1,109.9,96.067,59.4,202.5
309,265.5,108.6,96.134,42.8,200.0
309,261.3,107.0,96.2,50.7,200.1
309,257.2,105.6,96.267,51.2,199.9
309,254.1,104.1,96.334,51.1,204.8
309,250.5,102.7,96.4,50.0,201.2
309,243.7,100.4,96.534,52.9,202.9
309,241.1,99.1,96.6,49.7,205.7
309,237.7,98.1,96.667,42.4,197.0
309,234.3,96.9,96.734,48.7,198.8
309,231.5,95.9,96.8,45.6,200.8
309,228.6,94.8,96.867,45.5,199.4
309,223.3,93.0,97.0,45.3,201.3
309,218.4,91.1,97.134,49.0,207.2
309,215.9,90.1,97.2,46.6,200.8
309,213.4,89.1,97.267,49.7,201.0
309,211.2,88.1,97.334,53.3,204.8
309,205.1,86.0,97.534,51.1,207.0
309,203.1,85.2,97.6,46.6,202.5
309,197.2,83.1,97.8,49.9,206.0
309,195.4,82.2,97.867,53.6,206.0
309,189.8,80.4,98.067,45.0,203.4
309,186.4,79.3,98.2,53.3,204.0
309,183.6,78.3,98.334,49.3,204.9
309,176.0,75.4,98.667,50.7,201.2
309,173.7,74.2,98.8,55.2,218.8
309,165.7,71.4,99.2,50.3,202.1
309,164.7,70.9,99.267,43.7,206.5
309,159.3,69.0,99.6,43.7,204.5
309,156.9,68.1,99.734,57.0,203.5
309,155.0,67.3,99.867,51.6,206.5
311,85.0,63.9,94.8,47.7,49.8
311,87.2,65.9,95.067,51.4,40.6
311,90.2,69.6,95.467,50.6,58.3
311,92.5,71.2,95.667,55.4,50.1
311,94.6,73.0,95.867,51.5,50.5
311,95.3,73.7,95.934,48.9,44.7
311,96.1,74.6,96.0,59.8,47.5
311,97.0,75.5,96.067,52.7,45.3
311,97.7,76.2,96.134,46.7,44.9
311,98.7,77.0,96.2,49.4,39.5
311,99.5,77.9,96.267,51.0,46.9
311,100.3,78.9,96.334,56.9,50.2
311,101.5,79.8,96.4,51.1,38.8
311,103.7,81.3,96.534,46.5,37.2
311,106.5,84.5,96.734,55.7,46.5
311,107.8,85.7,96.8,54.5,40.9
311,108.9,86.7,96.867,48.4,45.5
311,109.6,87.8,96.934,47.5,55.2
311,111.0,89.0,97.0,49.1,40.3
311,112.5,90.1,97.067,47.1,37.6
311,115.6,93.0,97.2,50.2,37.8
311,118.4,96.1,97.334,46.1,42.3
311,120.4,97.8,97.4,58.5,41.3
311,121.9,99.1,97.467,45.4,41.1
311,123.6,100.9,97.534,55.3,46.8
311,125.3,102.7,97.6,56.6,46.5
311,127.2,104.7,97.667,59.6,46.7
311,129.3,106.7,97.734,55.3,43.4
311,131.5,108.7,97.8,54.5,43.1
311,133.9,111.1,97.867,60.7,44.5
311,136.3,113.6,97.934,60.1,45.7
311,139.0,116.1,98.0,57.8,42.8
311,141.5,118.6,98.067,56.2,45.0
311,144.4,121.5,98.134,61.1,45.8
311,147.3,124.6,98.2,59.7,46.5
311,153.9,131.5,98.334,59.4,45.1
312,258.6,116.3,96.134,57.9,202.4
312,238.9,107.5,96.4,59.9,202.1
312,234.3,105.7,96.467,59.1,201.3
312,226.0,102.0,96.6,60.5,203.2
312,222.4,100.5,96.667,54.8,202.5
312,215.1,97.4,96.8,54.0,203.0
312,212.2,96.0,96.867,59.2,206.3
312,209.4,94.7,96.934,54.1,204.6
312,206.1,93.5,97.0,51.6,200.1
312,199.9,90.8,97.134,57.1,201.9
312,197.0,89.8,97.2,47.6,199.1
312,194.5,88.8,97.267,47.8,201.2
312,191.8,87.7,97.334,57.9,203.0
312,187.2,85.8,97.467,58.3,206.2
312,184.6,85.0,97.534,45.1,198.3
312,182.7,84.0,97.6,58.7,208.5
312,180.5,82.9,97.667,59.0,204.8
312,179.1,82.0,97.734,56.6,213.8
312,176.8,81.1,97.8,55.7,201.6
312,174.6,80.1,97.867,59.4,203.1
312,170.7,78.8,98.0,50.9,203.0
312,169.3,78.2,98.067,42.9,205.3
312,167.8,77.4,98.134,55.1,207.8
312,162.3,75.1,98.334,53.9,205.5
312,160.7,74.5,98.4,47.0,202.3
312,159.1,73.9,98.467,46.0,200.2
312,158.2,73.2,98.534,54.6,217.1
312,155.2,72.0,98.667,58.6,208.5
312,151.2,70.2,98.867,54.5,208.0
312,147.7,68.9,99.0,54.2,199.3
312,145.2,68.1,99.134,51.7,204.9
312,139.3,65.3,99.6,51.7,222.4
317,74.8,58.7,96.0,42.6,92.9
317,75.0,59.1,96.067,56.3,72.1
317,75.4,61.8,96.6,44.0,72.2
317,76.0,63.0,96.8,48.6,109.3
317,76.9,65.0,97.134,46.9,70.4
317,78.9,67.8,97.6,54.4,67.7
317,79.8,69.0,97.734,58.5,64.2
317,80.2,69.6,97.8,49.0,58.2
317,80.6,70.2,97.867,42.5,59.9
317,81.4,71.0,98.0,42.4,62.3
317,81.8,71.8,98.067,52.4,61.4
317,82.7,73.0,98.2,57.6,65.5
317,83.2,73.9,98.267,56.5,61.9
317,84.3,75.1,98.4,42.6,45.5
317,84.8,76.0,98.467,55.3,60.8
317,87.0,78.8,98.734,51.0,61.5
317,87.5,79.8,98.8,50.6,58.8
317,87.8,80.7,98.867,50.1,72.4
317,89.7,82.9,99.067,44.2,57.6
317,90.4,83.8,99.134,45.0,53.6
317,91.1,84.9,99.2,50.6,57.8
317,91.7,86.1,99.267,52.0,63.4
317,92.5,87.1,99.334,47.4,55.0
317,94.0,89.2,99.467,49.8,53.4
317,95.0,90.5,99.534,51.5,51.8
317,95.8,91.8,99.6,50.7,58.3
317,97.5,94.4,99.734,50.3,55.0
317,98.3,95.7,99.8,48.5,58.3
317,100.3,98.6,99.934,52.9,59.1
317,101.2,100.1,100.0,48.5,59.0
317,102.5,101.7,100.067,47.5,50.3
317,103.5,103.5,100.134,53.5,62.8
317,104.6,105.2,100.2,46.7,54.7
317,106.1,107.1,100.267,51.5,53.3
317,107.3,109.1,100.334,50.5,58.0
317,108.9,111.1,100.4,50.6,52.7
317,110.2,113.2,100.467,47.6,56.4
317,112.2,115.6,100.534,55.6,50.8
317,113.8,118.1,100.6,53.2,57.8
317,115.8,120.7,100.667,53.0,51.7
317,117.5,123.5,100.734,54.7,59.7
317,119.6,126.5,100.8,55.6,55.4
317,122.1,129.8,100.867,56.3,51.5
317,124.1,133.2,100.934,56.0,59.6
317,126.6,136.6,101.0,53.0,54.2
317,129.4,140.4,101.067,54.8,53.7
317,132.1,144.7,101.134,58.2,57.7
317,134.8,149.1,101.2,56.2,58.1
317,137.3,153.6,101.267,53.3,60.9
317,141.2,158.8,101.334,57.8,53.6
317,144.9,164.7,101.4,60.2,57.9
317,148.7,170.6,101.467,56.5,57.0
317,152.8,176.8,101.534,54.0,56.7
317,157.1,183.9,101.6,56.9,58.6
317,161.9,191.6,101.667,56.8,58.3
317,167.3,200.2,101.734,57.7,58.0
317,173.5,209.7,101.8,57.6,56.7
317,179.9,220.4,101.867,58.6,59.4
317,187.0,232.2,101.934,57.3,58.6
317,194.9,245.5,102.0,57.4,59.3
317,204.2,260.5,102.067,57.7,58.3
320,430.4,174.4,96.667,52.6,198.1
320,417.4,169.2,96.734,60.4,201.8
320,393.4,159.7,96.867,59.8,200.9
320,382.8,155.5,96.934,59.8,201.6
320,372.9,151.3,97.0,60.9,202.6
320,363.8,147.4,97.067,61.0,203.4
320,355.2,143.8,97.134,59.9,202.7
320,346.6,140.5,97.2,60.2,201.4
320,338.5,137.3,97.267,59.5,201.4
320,331.1,134.4,97.334,57.0,201.3
320,324.2,131.4,97.4,60.5,203.4
320,317.0,128.8,97.467,57.8,199.9
320,310.6,126.5,97.534,53.1,200.2
320,304.7,124.1,97.6,56.6,201.9
320,299.5,121.8,97.667,55.3,203.7
320,294.2,119.6,97.734,55.4,202.1
320,288.9,117.7,97.8,53.1,200.5
320,283.9,115.6,97.867,55.4,202.0
320,274.6,111.7,98.0,50.4,200.4
320,270.2,109.9,98.067,58.2,203.2
320,265.8,108.2,98.134,54.4,200.9
320,261.7,106.7,98.2,48.4,199.0
320,257.8,105.3,98.267,48.3,199.8
320,254.2,103.8,98.334,55.0,203.6
320,250.5,102.4,98.4,51.7,200.7
320,236.7,97.3,98.667,56.0,202.6
320,234.0,96.1,98.734,53.2,204.7
320,231.4,95.1,98.8,42.7,200.6
320,228.4,94.0,98.867,47.6,199.5
320,225.7,92.9,98.934,53.1,202.6
320,223.0,91.8,99.0,49.8,201.8
320,220.4,91.0,99.067,42.5,198.2
321,80.7,59.9,97.134,60.2,54.1
321,86.9,65.1,98.067,56.8,51.5
321,87.4,65.5,98.134,43.6,44.9
321,87.7,66.2,98.2,57.5,63.9
321,88.0,66.7,98.267,43.5,62.3
321,89.5,68.1,98.467,57.4,66.1
321,91.5,69.9,98.667,59.7,50.9
321,92.0,70.6,98.734,47.4,49.6
321,93.5,71.7,98.867,56.7,49.6
321,96.6,74.0,99.134,43.1,42.3
321,97.2,74.7,99.2,45.4,50.9
321,98.4,76.7,99.334,58.6,53.0
321,99.8,78.2,99.467,53.6,52.2
321,102.0,79.7,99.6,42.6,37.8
321,102.9,80.7,99.667,54.2,48.4
321,104.9,82.6,99.8,58.0,49.4
321,105.8,83.6,99.867,52.9,50.4
321,106.6,84.7,99.934,51.6,55.3
321,107.5,85.7,100.0,49.0,47.2
321,108.6,86.8,100.067,48.2,45.9
321,109.7,87.9,100.134,48.9,45.3
321,111.5,89.9,100.267,45.7,51.8
321,112.2,91.1,100.334,47.4,56.8
321,114.3,92.5,100.4,54.8,34.0
321,116.0,93.7,100.467,45.3,34.8
321,116.9,94.9,100.534,45.1,55.3
321,118.4,96.5,100.6,57.9,47.8
321,120.0,98.2,100.667,57.1,46.0
321,121.8,99.7,100.734,49.5,39.4
321,123.8,101.6,100.8,58.9,43.0
321,125.4,103.1,100.867,46.1,44.1
321,127.1,105.0,100.934,55.6,48.0
321,129.2,106.9,101.0,51.6,41.2
321,131.3,108.8,101.067,52.0,44.1
321,133.4,111.2,101.134,61.0,48.3
321,135.7,113.5,101.2,55.1,44.1
321,138.0,115.7,101.267,51.7,44.2
321,140.6,118.4,101.334,60.1,46.1
321,143.2,121.3,101.4,60.2,48.7
321,145.8,124.2,101.467,57.9,47.6
321,148.5,127.3,101.534,56.6,48.3
321,151.7,130.7,101.6,60.0,47.2
321,154.8,134.2,101.667,59.2,48.4
321,158.3,137.8,101.734,55.3,45.3
321,162.2,141.7,101.8,57.9,45.3
321,170.3,150.8,101.934,57.9,48.4
321,185.1,167.8,102.134,60.2,49.2
321,190.8,174.3,102.2,60.3,48.5
321,197.1,181.3,102.267,60.1,48.1
321,204.0,189.0,102.334,60.6,47.9
321,219.7,207.3,102.467,60.5,48.5
321,228.9,217.6,102.534,59.8,48.1
321,263.2,259.3,102.734,60.2,49.6
322,440.3,231.3,97.0,50.5,218.8
322,216.5,109.4,98.4,56.8,204.2
322,199.9,101.3,98.667,58.3,204.2
322,197.0,99.6,98.734,61.5,210.3
322,190.5,96.4,98.867,52.0,202.8
322,179.0,90.6,99.134,54.0,204.2
322,173.8,87.8,99.267,59.0,206.0
322,171.5,86.9,99.334,48.1,202.8
322,169.2,85.8,99.4,51.4,203.9
322,166.8,84.8,99.467,54.1,203.0
322,164.9,83.8,99.534,55.4,209.0
322,162.7,82.8,99.6,52.2,202.6
322,160.8,81.8,99.667,57.1,208.0
322,159.0,80.9,99.734,55.7,207.5
322,157.1,79.9,99.8,61.7,207.7
322,153.6,77.9,99.934,57.6,208.0
322,152.1,77.1,100.0,57.5,209.6
322,150.3,76.4,100.067,43.1,200.4
322,148.7,75.7,100.134,48.5,204.2
322,147.6,74.9,100.2,57.5,213.9
322,146.0,74.1,100.267,60.5,207.8
322,134.4,68.8,100.867,47.6,202.9
322,129.0,66.0,101.2,55.8,206.2
322,126.6,64.8,101.4,46.9,209.3
322,119.6,61.4,101.934,50.1,207.7
322,116.4,60.2,102.2,43.1,203.6
322,112.8,58.3,102.6,58.8,221.1
322,110.3,57.2,102.867,44.7,206.8
323,364.9,158.1,97.534,61.7,202.2
323,354.0,153.8,97.6,61.5,201.3
323,344.2,149.7,97.667,61.1,202.5
323,334.7,145.9,97.734,61.4,202.1
323,326.2,142.3,97.8,59.9,202.7
323,318.2,139.1,97.867,57.9,202.3
323,302.9,132.6,98.0,61.0,202.6
323,295.7,129.7,98.067,60.4,202.1
323,289.2,127.3,98.134,52.6,199.9
323,283.2,124.8,98.2,57.5,203.2
323,277.0,122.5,98.267,54.5,200.0
323,271.3,120.0,98.334,60.9,203.6
323,266.0,118.2,98.4,48.4,199.4
323,260.7,116.0,98.467,57.5,202.3
323,251.2,111.7,98.6,59.5,204.1
323,247.1,109.8,98.667,56.3,204.3
323,242.6,108.0,98.734,57.2,202.3
323,238.3,106.5,98.8,48.0,198.9
323,234.4,104.9,98.867,54.9,202.6
323,230.7,103.3,98.934,54.1,202.7
323,226.9,101.7,99.0,56.8,203.0
323,223.3,100.4,99.067,49.1,199.8
323,219.2,99.0,99.134,53.1,198.6
323,216.0,97.7,99.2,52.0,202.6
323,213.1,96.5,99.267,48.1,202.3
323,210.4,95.2,99.334,53.8,205.5
323,207.6,94.0,99.4,50.9,202.8
323,204.9,92.9,99.467,49.2,202.8
323,202.8,91.8,99.534,52.3,208.1
323,198.4,89.8,99.667,51.5,206.7
323,196.2,88.8,99.734,51.6,205.4
323,192.6,87.8,99.8,48.1,194.9
323,190.0,87.0,99.867,43.0,198.2
323,187.6,86.1,99.934,47.5,200.0
323,183.1,84.7,100.067,52.3,201.0
323,181.3,83.8,100.134,48.2,206.1
323,177.2,81.8,100.267,49.6,203.1
323,175.4,81.0,100.334,50.6,204.2
323,172.0,79.7,100.467,46.3,203.2
323,168.7,78.2,100.6,56.8,207.8
323,164.3,76.3,100.8,60.2,213.9
323,161.2,75.2,100.934,45.6,202.7
323,157.2,73.2,101.134,51.8,207.8
323,153.2,71.4,101.334,50.3,206.4
323,146.4,68.4,101.734,52.0,206.6
323,144.0,67.4,101.867,49.4,204.8
323,142.9,67.0,101.934,43.7,202.9
323,140.9,66.2,102.067,59.5,209.7
323,136.9,64.4,102.4,46.4,210.5
323,135.0,63.5,102.534,57.5,205.9
323,131.4,62.3,102.8,55.5,201.9
325,438.9,195.4,97.8,56.8,211.7
325,356.5,158.5,98.2,60.8,202.6
325,346.2,154.3,98.267,59.4,202.1
325,319.6,142.1,98.467,61.6,204.7
325,312.0,138.6,98.534,61.8,205.0
325,297.6,132.3,98.667,57.2,204.4
325,285.0,126.8,98.8,55.0,201.9
325,279.2,124.2,98.867,57.1,203.6
325,273.8,121.9,98.934,55.8,203.4
325,268.3,119.6,99.0,56.1,202.4
325,263.3,117.3,99.067,59.3,205.1
325,258.6,115.1,99.134,59.0,205.1
325,254.0,113.1,99.2,54.8,202.8
325,245.2,109.0,99.334,58.5,202.6
325,241.2,107.5,99.4,50.4,201.5
325,237.3,105.9,99.467,50.6,201.2
325,233.6,104.5,99.534,49.4,201.5
325,229.9,102.8,99.6,57.0,204.1
325,226.4,101.5,99.667,49.6,201.2
325,223.3,100.0,99.734,55.0,205.8
325,220.2,98.7,99.8,49.6,202.0
325,217.1,97.6,99.867,45.9,200.4
325,214.3,96.2,99.934,54.2,205.3
325,211.5,94.8,100.0,58.4,206.4
325,208.6,93.7,100.067,47.8,201.0
325,206.3,92.7,100.134,47.1,204.3
325,203.6,91.6,100.2,49.5,202.3
325,200.7,90.5,100.267,52.0,200.7
325,195.9,88.7,100.4,49.6,202.9
325,194.0,87.8,100.467,47.7,206.0
325,191.7,86.8,100.534,50.8,203.2
325,189.6,86.0,100.6,46.2,202.5
325,187.6,85.0,100.667,53.3,205.8
325,185.4,84.1,100.734,50.5,202.7
325,183.6,83.3,100.8,47.3,204.3
325,181.6,82.4,100.867,47.5,201.7
325,179.6,81.5,100.934,60.3,206.8
325,174.5,79.7,101.134,43.9,204.1
325,172.8,79.0,101.2,44.3,201.9
325,171.0,78.3,101.267,51.7,203.7
325,159.7,73.4,101.8,57.7,210.5
325,149.7,69.2,102.334,55.8,209.0
325,144.6,67.2,102.667,50.5,204.1
325,132.0,62.3,103.6,55.5,202.4
325,129.6,61.3,103.8,48.8,208.8
325,124.0,59.2,104.334,54.9,204.3
325,116.8,56.2,105.134,54.8,209.9
326,432.4,175.3,98.4,55.1,201.6
326,371.6,151.1,98.734,60.6,200.5
326,362.0,147.5,98.8,58.5,200.9
326,353.3,143.8,98.867,61.0,202.9
326,345.2,140.3,98.934,60.6,203.0
326,329.8,134.2,99.067,55.7,200.7
326,322.8,131.3,99.134,60.0,202.6
326,316.2,128.6,99.2,57.9,202.0
326,309.8,126.0,99.267,59.1,202.3
326,297.9,121.2,99.4,52.4,200.8
326,292.0,119.1,99.467,57.1,200.3
326,287.1,116.8,99.534,59.3,204.0
326,281.9,114.7,99.6,59.2,202.2
326,277.0,112.7,99.667,58.9,202.3
326,272.4,111.0,99.734,51.9,200.2
326,267.6,109.4,99.8,52.6,198.7
326,263.2,107.7,99.867,55.9,201.3
326,259.3,106.0,99.934,58.0,203.8
326,255.8,104.6,100.0,48.4,202.0
326,251.6,102.9,100.067,59.2,201.0
326,247.9,101.7,100.134,45.7,198.2
326,244.4,100.4,100.2,50.4,200.5
326,240.8,99.0,100.267,57.1,202.0
326,237.4,97.7,100.334,50.9,199.7
326,234.3,96.6,100.4,49.6,200.8
326,228.1,94.0,100.534,48.2,198.4
326,225.2,92.9,100.6,51.9,201.1
326,222.8,91.9,100.667,43.8,201.1
326,217.2,89.3,100.8,59.1,203.6
326,214.7,88.4,100.867,47.8,199.9
330,441.3,178.5,99.467,54.4,203.4
330,400.9,161.9,99.667,61.4,201.2
330,389.2,157.8,99.734,59.2,199.5
330,369.6,149.5,99.867,59.6,202.1
330,360.2,145.8,99.934,60.8,201.6
330,351.3,142.3,100.0,60.3,201.4
330,335.1,135.8,100.134,59.1,202.1
330,327.6,133.1,100.2,54.5,199.4
330,321.0,130.2,100.267,61.1,204.2
330,314.4,127.8,100.334,54.3,200.2
330,308.2,125.4,100.4,54.1,200.6
330,296.8,120.6,100.534,53.3,200.7
330,291.5,118.6,100.6,53.2,200.7
330,286.3,116.5,100.667,57.2,201.9
330,281.6,114.4,100.734,57.2,203.5
330,276.4,112.5,100.8,57.1,200.4
330,271.6,110.6,100.867,57.8,201.5
330,267.1,108.8,100.934,57.8,201.8
330,262.9,107.4,101.0,47.6,198.6
330,258.7,105.9,101.067,50.1,199.4
330,255.1,104.5,101.134,50.6,201.6
330,251.3,102.9,101.2,58.0,202.8
330,247.8,101.5,101.267,50.4,200.9
330,244.0,100.1,101.334,56.8,201.2
330,240.5,98.8,101.4,50.3,199.8
330,237.1,97.7,101.467,44.8,197.9
330,234.3,96.6,101.534,46.6,201.4
330,231.3,95.3,101.6,58.6,204.3
330,228.2,94.1,101.667,52.7,200.8
330,225.5,92.9,101.734,55.3,203.8
330,219.8,91.5,101.867,44.1,197.0
330,216.7,90.4,101.934,50.6,198.7
330,214.4,89.4,102.0,53.0,204.7
330,212.2,88.4,102.067,49.3,202.7
330,209.9,87.5,102.134,46.3,201.2
330,203.2,85.1,102.334,54.6,204.4
330,200.8,84.2,102.4,51.9,200.9
330,194.7,82.1,102.6,56.0,202.2
330,192.6,81.2,102.667,58.4,203.8
330,189.7,80.1,102.8,42.4,204.5
330,188.6,79.3,102.867,52.9,214.4
330,186.8,78.6,102.934,49.8,202.0
330,185.2,78.0,103.0,43.6,201.5
330,183.4,77.4,103.067,42.7,198.9
330,177.9,75.6,103.267,55.8,204.6
330,176.3,75.0,103.334,45.1,200.7
330,174.5,74.4,103.4,48.8,199.1
330,167.6,71.9,103.734,45.5,201.4
330,166.3,71.4,103.8,45.7,202.8
330,162.9,70.1,104.0,56.0,215.2
330,155.8,67.4,104.4,51.3,208.0
330,151.2,65.5,104.734,54.9,207.1
330,150.1,65.1,104.8,49.3,202.7
330,142.0,62.4,105.467,52.7,203.5
330,141.1,62.1,105.534,43.0,203.4
330,137.2,60.2,105.867,56.4,207.5
330,129.4,57.6,106.667,54.0,211.4
335,437.1,225.9,101.134,44.0,217.9
335,239.1,119.6,102.334,60.4,205.6
335,234.4,117.1,102.4,61.3,208.2
335,220.6,110.2,102.6,55.7,203.0
335,212.6,106.1,102.734,58.9,205.5
335,208.8,104.5,102.8,51.9,203.4
335,205.5,102.7,102.867,61.4,208.9
335,202.1,101.1,102.934,57.4,205.7
335,198.7,99.4,103.0,58.3,205.6
335,195.6,98.0,103.067,54.2,204.8
335,192.5,96.8,103.134,48.3,202.1
335,187.4,93.9,103.267,53.4,207.0
335,184.7,92.6,103.334,54.1,204.9
335,181.8,91.5,103.4,47.1,200.7
335,177.2,88.9,103.534,57.7,206.7
335,175.0,87.8,103.6,53.3,205.7
335,172.9,86.8,103.667,46.1,204.5
335,170.8,85.9,103.734,49.9,204.8
335,168.5,84.9,103.8,49.3,201.9
335,166.4,84.0,103.867,48.8,203.5
335,164.4,82.9,103.934,61.5,209.3
335,162.5,82.1,104.0,47.9,204.0
335,161.0,81.1,104.067,55.8,211.3
335,155.9,79.1,104.267,57.3,214.5
335,152.8,77.4,104.4,43.6,203.3
335,151.4,76.7,104.467,51.3,208.5
335,149.9,76.0,104.534,47.7,204.8
335,148.7,75.2,104.6,54.3,213.7
335,141.8,71.9,105.0,53.3,206.1
335,140.1,71.3,105.067,46.3,199.6
335,137.8,69.9,105.2,46.9,207.6
335,133.6,67.9,105.467,44.0,205.4
335,132.6,67.4,105.534,44.2,204.3
335,131.7,66.9,105.6,49.3,210.3
335,127.6,65.3,105.934,58.0,215.4
335,125.5,63.8,106.067,61.4,213.8
335,117.5,60.3,106.734,42.7,206.2
335,116.0,59.7,106.867,44.5,201.9
335,115.6,59.3,106.934,45.9,216.0
335,113.0,58.1,107.267,56.8,217.6
335,107.0,55.5,107.934,49.7,205.8
335,105.1,54.5,108.2,43.6,216.0
336,84.1,55.2,102.0,61.5,40.9
336,85.4,56.3,102.2,50.7,52.8
336,85.5,56.6,102.267,57.3,81.2
336,87.3,57.8,102.534,55.8,35.3
336,91.3,60.6,103.067,50.0,35.2
336,93.7,62.6,103.4,61.5,40.0
336,96.4,64.3,103.667,49.9,38.1
336,97.7,65.1,103.8,43.7,29.3
336,98.3,65.7,103.867,52.1,40.9
336,99.6,66.7,104.0,49.7,43.0
336,100.0,67.3,104.067,53.2,61.9
336,100.7,68.0,104.134,60.5,44.5
336,101.6,68.6,104.2,55.9,35.4
336,105.8,71.7,104.534,58.5,47.6
336,106.8,72.4,104.6,55.6,37.4
336,107.6,73.1,104.667,47.6,39.0
336,112.0,76.0,104.934,55.9,34.5
336,113.0,76.9,105.0,54.9,39.2
336,114.2,77.7,105.067,50.6,34.9
336,116.7,79.1,105.2,43.7,28.1
336,120.6,82.3,105.4,55.1,38.1
336,122.9,84.8,105.534,51.0,40.8
336,126.4,87.4,105.667,49.0,32.7
336,129.6,89.9,105.8,46.8,35.7
336,131.3,91.3,105.867,58.6,39.1
336,137.6,96.0,106.067,50.0,31.4
336,139.9,97.7,106.134,60.7,36.9
336,142.2,99.3,106.2,54.8,34.6
336,144.2,101.0,106.267,56.3,39.9
336,146.3,102.7,106.334,53.7,39.4
336,160.8,114.3,106.667,61.0,36.5
336,355.2,269.7,108.134,42.5,15.5
340,436.2,174.6,102.0,57.4,200.9
340,346.0,139.4,102.534,59.9,201.1
340,329.7,133.3,102.667,56.4,198.5
340,322.5,130.5,102.734,59.9,201.5
340,315.7,127.7,102.8,61.4,202.3
340,309.1,125.1,102.867,60.6,201.7
340,302.9,122.7,102.934,57.0,200.9
340,297.2,120.7,103.0,53.2,200.1
340,291.7,118.5,103.067,56.1,200.9
340,286.3,116.4,103.134,59.2,202.1
340,271.6,110.2,103.334,55.8,200.7
340,267.0,108.5,103.4,55.3,200.4
340,262.6,106.8,103.467,57.6,201.2
340,258.4,105.0,103.534,60.0,202.8
340,254.6,103.8,103.6,44.6,197.7
340,247.2,100.8,103.734,47.7,199.8
340,243.5,99.6,103.8,46.9,197.8
340,239.9,98.3,103.867,52.5,200.0
340,236.6,97.0,103.934,53.5,201.0
340,233.4,95.9,104.0,49.6,200.2
340,230.5,94.9,104.067,44.0,198.9
340,224.6,92.9,104.2,46.8,199.0
340,221.8,91.9,104.267,48.3,200.1
340,219.2,90.9,104.334,46.4,199.9
340,216.6,89.9,104.4,51.9,202.0
340,214.1,88.9,104.467,50.6,201.4
340,207.0,86.2,104.667,60.1,203.8
340,200.7,84.3,104.867,51.1,205.2
340,196.6,82.3,105.0,61.0,208.6
340,188.9,79.6,105.267,46.1,200.6
340,187.1,78.9,105.334,48.6,201.2
340,182.0,77.0,105.534,56.7,205.7
340,180.3,76.3,105.6,53.7,203.7
340,178.9,75.6,105.667,50.6,205.3
340,174.7,74.2,105.867,46.8,202.9
342,387.0,158.1,103.267,61.2,200.8
342,356.9,145.6,103.467,60.1,201.4
342,348.1,142.1,103.534,61.2,202.0
342,339.8,138.8,103.6,60.1,201.7
342,331.6,135.6,103.667,60.8,200.9
342,317.1,129.7,103.8,59.3,202.0
342,310.6,127.0,103.867,60.7,203.0
342,304.3,124.6,103.934,55.9,200.7
342,298.5,122.2,104.0,57.6,202.6
342,292.7,119.9,104.067,58.5,201.4
342,287.1,117.8,104.134,56.2,200.8
342,282.1,115.7,104.2,58.5,202.8
342,277.0,113.6,104.267,58.7,202.0
342,272.5,111.7,104.334,57.3,203.4
342,268.0,109.8,104.4,59.3,202.7
342,263.5,108.0,104.467,58.8,202.1
342,259.2,106.5,104.534,49.8,199.1
342,255.5,104.9,104.6,56.2,203.8
342,251.7,103.5,104.667,47.9,199.2
342,248.0,102.0,104.734,55.6,202.0
342,244.3,100.7,104.8,52.4,200.5
342,241.3,99.4,104.867,48.8,202.3
342,237.5,98.1,104.934,52.5,198.9
342,234.1,96.8,105.0,54.6,201.1
342,228.2,94.6,105.134,54.9,203.8
342,225.2,93.4,105.2,55.2,201.8
342,216.9,91.1,105.4,56.3,209.5
343,204.4,92.4,105.667,55.6,202.0
343,202.1,91.3,105.734,52.4,205.6
343,197.7,90.1,105.8,55.3,195.1
343,192.2,87.5,105.934,58.7,206.9
343,189.3,86.4,106.0,55.4,200.1
343,186.1,85.3,106.067,59.4,199.3
343,183.8,84.2,106.134,59.3,204.6
343,181.5,83.4,106.2,43.7,198.5
343,179.4,82.5,106.267,53.3,203.6
343,160.6,74.3,106.934,59.2,203.9
343,154.6,72.0,107.2,52.1,198.7
343,153.3,71.3,107.267,59.0,208.7
343,148.2,69.0,107.534,50.0,202.8
343,145.7,68.1,107.667,54.1,201.2
343,143.2,67.0,107.8,52.3,203.3
345,84.7,62.9,104.534,47.7,48.0
345,85.8,64.0,104.734,44.6,37.8
345,88.7,66.9,105.134,61.4,49.9
345,89.9,68.0,105.334,54.0,59.2
345,90.9,69.0,105.467,44.0,58.0
345,91.2,68.5,105.534,46.9,305.1
345,92.9,70.2,105.667,53.6,50.3
345,93.6,70.9,105.734,54.0,45.5
345,94.2,71.7,105.8,59.9,53.6
345,95.8,72.9,105.934,51.1,43.3
345,96.4,73.6,106.0,48.4,48.6
345,96.9,74.3,106.067,44.2,52.2
345,97.3,75.1,106.134,53.5,61.5
345,98.0,75.8,106.2,46.9,46.8
345,99.5,77.1,106.334,47.1,57.5
345,100.3,78.0,106.4,53.6,48.3
345,102.1,79.8,106.534,59.4,52.3
345,105.9,82.9,106.8,52.4,44.2
345,106.8,83.9,106.867,49.1,49.7
345,107.4,84.9,106.934,50.0,61.0
345,108.5,86.0,107.0,53.1,44.2
345,110.9,88.0,107.134,45.8,42.4
345,114.2,91.0,107.334,45.9,50.0
345,115.6,92.6,107.4,61.0,47.3
345,117.0,93.9,107.467,49.7,44.1
345,118.1,95.1,107.534,46.2,49.1
345,119.5,96.7,107.6,54.5,47.8
345,121.0,98.4,107.667,56.6,48.4
345,123.8,99.8,107.734,48.3,27.3
345,125.1,101.6,107.8,57.2,54.9
345,126.7,103.2,107.867,48.2,44.6
345,128.6,104.9,107.934,48.7,42.0
345,130.5,106.6,108.0,48.8,42.0
345,132.5,108.6,108.067,52.3,44.0
345,134.5,110.7,108.134,55.0,46.7
345,136.4,112.9,108.2,54.6,50.4
345,138.6,115.3,108.267,56.0,46.8
345,141.1,117.8,108.334,55.0,44.5
345,143.6,120.5,108.4,57.9,47.6
345,146.3,123.4,108.467,58.7,47.6
345,149.1,126.3,108.534,54.2,45.3
345,152.0,129.4,108.6,56.5,47.2
345,155.3,132.8,108.667,57.7,45.4
345,158.4,136.2,108.734,55.4,48.2
345,162.1,140.1,108.8,58.8,46.4
345,166.1,144.3,108.867,60.2,46.7
345,170.3,148.8,108.934,59.6,47.1
345,175.0,153.7,109.0,60.4,45.9
345,179.8,158.8,109.067,58.7,47.0
345,184.6,164.6,109.134,60.5,49.9
345,189.7,170.8,109.2,60.3,50.8
345,196.5,177.6,109.267,61.3,44.9
345,203.3,184.9,109.334,60.6,46.9
345,210.4,193.0,109.4,60.5,48.7
345,218.1,201.7,109.467,59.7,48.5
345,227.1,211.5,109.534,60.7,47.5
345,236.0,222.7,109.6,60.7,51.6
345,246.8,234.9,109.667,60.3,48.3
345,274.1,264.3,109.8,59.7,45.5
350,86.7,65.4,106.4,48.9,60.7
350,89.0,67.0,106.6,54.6,46.0
350,90.6,68.0,106.8,60.2,48.6
350,91.1,68.7,106.867,61.8,59.0
350,91.6,69.4,106.934,57.6,53.7
350,92.3,70.0,107.0,43.7,37.7
350,93.4,71.2,107.134,52.5,44.3
350,94.0,71.9,107.2,47.9,48.1
350,96.4,74.0,107.4,54.4,50.8
350,96.9,75.0,107.467,60.1,59.1
350,99.4,76.8,107.667,55.5,47.4
350,100.1,77.8,107.734,59.7,55.3
350,102.1,79.8,107.867,42.4,38.9
350,104.9,82.0,108.067,54.1,43.6
350,105.7,83.0,108.134,50.6,48.7
350,106.8,84.1,108.2,52.9,44.9
350,107.6,85.4,108.267,60.6,59.3
350,109.8,87.9,108.4,50.5,38.3
350,111.2,89.0,108.467,44.7,36.7
350,112.8,90.1,108.534,44.9,34.1
350,114.3,91.3,108.6,50.1,41.0
350,115.6,92.8,108.667,59.4,48.5
350,117.5,94.1,108.734,46.3,33.9
350,119.0,95.7,108.8,59.7,47.3
350,120.3,97.1,108.867,49.5,47.2
350,121.9,98.7,108.934,53.7,44.3
350,123.8,100.5,109.0,57.1,43.7
350,125.7,102.1,109.067,48.9,39.3
350,127.4,104.0,109.134,57.4,49.2
350,129.3,105.9,109.2,53.6,44.0
350,131.5,107.9,109.267,56.3,43.3
350,135.8,112.7,109.4,55.5,50.4
350,138.7,115.1,109.467,56.5,39.5
350,141.9,117.6,109.534,56.6,38.2
350,143.8,120.3,109.6,58.8,54.8
350,147.0,123.3,109.667,60.4,43.3
350,150.2,126.3,109.734,58.1,43.4
350,160.7,137.5,109.934,60.3,44.8
350,164.5,141.6,110.0,61.1,46.8
350,183.5,162.1,110.267,61.6,46.5
350,195.2,174.8,110.4,60.7,47.9
350,202.1,181.9,110.467,60.6,45.3
353,207.1,103.3,108.134,57.2,206.6
353,199.7,99.8,108.267,57.5,204.6
353,192.9,96.6,108.4,53.7,202.4
353,187.1,93.7,108.534,56.3,204.1
353,181.7,90.8,108.667,60.6,208.9
353,179.0,89.6,108.734,55.6,204.1
353,171.5,86.2,108.934,60.2,207.5
353,169.4,85.1,109.0,60.0,207.9
353,167.2,84.0,109.067,60.3,207.2
353,165.1,83.0,109.134,52.1,203.8
353,163.1,82.2,109.2,44.5,201.5
353,161.1,81.4,109.267,48.6,203.1
353,157.4,80.0,109.4,51.8,205.5
353,153.9,78.0,109.534,57.3,206.2
353,152.2,77.1,109.6,55.6,205.6
353,150.7,76.3,109.667,60.0,210.8
353,149.4,75.6,109.734,44.7,205.7
353,146.3,74.3,109.867,52.5,202.4
353,139.9,71.1,110.2,57.5,209.5
353,133.8,68.3,110.534,53.0,204.9
353,131.1,66.7,110.734,46.3,216.3
353,130.2,66.1,110.8,57.8,211.9
353,121.8,62.4,111.4,53.8,208.3
353,120.2,61.7,111.534,49.6,205.9
353,119.5,61.2,111.6,61.2,217.5
353,115.0,59.2,112.0,57.7,210.5
353,107.9,56.0,112.8,57.6,211.7
353,105.2,54.7,113.134,46.3,204.9
353,102.5,53.1,113.534,48.6,210.6
353,100.8,52.3,113.8,48.0,211.8
356,440.7,232.2,107.467,43.0,227.4
356,219.7,111.5,108.867,58.2,204.7
356,215.4,109.4,108.934,61.3,206.2
356,207.2,105.3,109.067,61.6,205.5
356,199.9,101.6,109.2,61.4,207.5
356,190.3,96.7,109.4,54.2,203.3
356,187.3,95.5,109.467,49.2,202.4
356,182.1,92.6,109.6,56.7,209.7
356,176.7,89.9,109.734,56.9,205.4
356,171.8,88.0,109.867,49.6,202.8
356,169.5,86.9,109.934,53.0,204.8
356,167.3,85.8,110.0,59.7,207.8
356,165.2,84.7,110.067,57.7,208.2
356,163.1,83.7,110.134,52.7,205.0
356,161.2,82.7,110.2,57.0,208.3
356,159.2,81.9,110.267,43.3,200.9
356,157.5,81.0,110.334,51.1,207.8
356,155.5,80.0,110.4,61.3,206.1
356,151.8,78.0,110.534,55.9,206.0
356,148.9,76.6,110.667,49.4,208.7
356,147.8,75.8,110.734,58.5,215.9
356,146.0,75.2,110.8,42.8,199.4
356,140.7,72.3,111.067,61.4,210.9
356,138.1,71.1,111.2,55.5,209.1
356,135.9,70.0,111.334,57.5,212.1
356,133.9,69.0,111.467,47.7,210.1
356,133.1,68.5,111.534,47.9,211.9
356,127.4,65.7,111.934,51.6,207.2
356,126.6,65.2,112.0,48.9,211.4
356,123.0,63.4,112.267,57.5,219.1
356,118.4,61.9,112.6,44.8,199.0
356,116.0,60.5,112.8,55.1,209.1
356,114.7,59.3,113.067,51.6,239.0
357,81.3,59.5,107.6,51.1,53.1
357,81.4,60.0,107.667,61.3,77.1
357,83.1,61.0,107.867,48.1,48.0
357,84.9,62.8,108.2,55.1,48.0
357,85.8,63.9,108.4,46.7,44.2
357,88.4,66.6,108.8,48.0,40.3
357,90.6,68.6,109.067,50.8,49.4
357,93.5,72.0,109.467,49.4,56.3
357,96.9,74.9,109.8,53.4,55.2
357,97.6,75.9,109.867,60.4,52.9
357,99.8,77.8,110.067,45.8,57.7
357,100.8,78.8,110.134,55.8,43.4
357,102.6,80.2,110.267,49.8,47.9
357,103.6,81.1,110.334,47.9,42.8
357,105.4,82.8,110.467,44.4,44.7
357,106.3,83.8,110.534,51.4,48.3
357,107.2,84.8,110.6,46.6,47.2
357,108.2,85.8,110.667,49.0,45.6
357,109.4,87.0,110.734,51.6,42.5
357,110.6,88.0,110.8,42.4,39.8
357,112.1,89.0,110.867,45.3,35.6
357,113.3,90.1,110.934,44.1,42.2
357,114.3,91.6,111.0,61.7,56.7
357,115.6,92.8,111.067,46.4,42.2
357,116.8,94.1,111.134,49.5,46.7
357,119.6,96.5,111.267,48.1,48.9
357,121.4,98.1,111.334,57.0,42.7
357,123.1,99.7,111.4,52.4,43.5
357,124.7,101.5,111.467,55.6,47.0
357,126.7,103.1,111.534,47.3,38.6
357,128.6,104.8,111.6,51.3,41.7
357,130.4,106.5,111.667,48.8,45.0
357,132.4,108.5,111.734,53.6,44.4
357,134.6,110.6,111.8,53.4,43.4
357,136.8,112.6,111.867,50.9,42.3
357,139.3,115.0,111.934,56.8,43.8
357,141.8,117.5,112.0,56.6,45.8
357,144.4,120.1,112.067,55.8,44.7
357,147.3,123.2,112.134,61.2,46.3
357,150.0,126.1,112.2,55.3,47.2
357,153.0,129.2,112.267,57.1,45.7
357,156.3,132.5,112.334,56.8,45.0
357,159.9,135.9,112.4,55.9,44.2
357,163.4,139.8,112.467,59.3,47.9
357,172.0,148.6,112.6,57.9,44.6
357,176.3,153.2,112.667,57.0,46.3
357,181.3,158.3,112.734,59.1,46.0
357,186.6,163.9,112.8,60.7,46.7
357,192.3,170.0,112.867,60.1,46.9
357,198.2,176.4,112.934,58.1,47.0
357,212.2,191.7,113.067,59.8,47.0
357,220.1,200.3,113.134,59.6,47.6
357,229.2,210.0,113.2,61.4,46.8
357,238.9,220.8,113.267,60.9,48.0
357,250.1,232.4,113.334,59.3,46.2
357,262.4,246.2,113.4,61.7,48.0
361,440.4,233.6,108.467,42.5,227.0
361,217.2,110.3,109.934,54.9,204.5
361,212.9,108.4,110.0,57.0,204.3
361,205.1,104.3,110.134,60.1,205.8
361,201.5,102.9,110.2,49.3,202.1
361,194.7,99.4,110.334,52.4,203.8
361,191.5,97.9,110.4,58.5,206.1
361,188.7,96.4,110.467,56.8,207.8
361,183.2,93.6,110.6,49.6,204.8
361,180.5,92.3,110.667,55.3,206.0
361,175.6,89.8,110.8,46.4,202.7
361,173.1,88.7,110.867,53.6,204.4
361,171.0,87.8,110.934,43.8,203.3
361,168.7,86.8,111.0,46.9,202.7
361,166.6,85.9,111.067,47.7,204.3
361,162.8,83.7,111.2,50.8,206.6
361,159.2,81.8,111.334,47.9,205.5
361,157.6,80.9,111.4,49.0,207.0
361,149.3,77.0,111.734,52.2,207.5
361,147.8,76.2,111.8,55.9,208.4
361,146.5,75.4,111.867,58.6,212.6
361,143.8,74.0,112.0,55.5,206.1
361,142.6,73.3,112.067,53.8,210.9
361,141.2,72.7,112.134,42.4,202.0
361,140.0,72.0,112.2,55.8,210.2
361,137.6,71.0,112.334,49.1,204.9
361,136.3,70.3,112.4,59.0,207.5
361,134.0,69.3,112.534,49.3,204.7
361,132.3,68.2,112.667,57.8,219.4
361,130.0,67.2,112.8,48.7,203.3
361,126.5,65.4,113.067,44.6,209.3
361,124.0,64.2,113.267,60.0,206.1
362,449.3,181.6,108.467,43.2,213.5
362,258.1,105.7,109.867,60.1,199.6
362,253.5,104.1,109.934,58.4,199.6
362,249.3,102.4,110.0,59.2,201.2
362,240.9,99.2,110.134,56.0,201.8
362,233.6,96.5,110.267,51.2,199.3
362,226.5,93.6,110.4,57.1,199.5
362,223.4,92.5,110.467,53.6,200.1
362,220.0,91.5,110.534,48.1,196.6
362,211.3,88.1,110.734,44.9,199.1
362,206.1,86.8,110.867,50.0,199.1
362,203.7,85.8,110.934,50.3,200.9
362,198.7,83.7,111.067,61.7,204.2
362,196.5,82.8,111.134,50.0,200.7
362,194.2,81.9,111.2,55.7,201.6
362,187.7,79.1,111.4,48.9,201.7
362,183.4,77.9,111.534,44.3,197.1
362,179.6,76.2,111.667,57.5,201.0
362,176.1,75.1,111.8,58.3,202.0
362,174.3,74.5,111.867,45.6,199.0
362,172.8,73.9,111.934,48.8,201.5
362,169.5,72.8,112.067,47.5,201.8
362,164.8,71.1,112.267,54.7,203.0
362,162.3,70.2,112.4,51.1,206.0
362,154.9,67.2,112.8,52.6,205.7
362,152.3,66.3,112.934,52.1,201.5
362,146.8,64.0,113.334,48.5,204.5
362,145.8,63.6,113.4,47.2,202.5
362,132.2,58.8,114.467,48.8,216.8
362,130.9,58.2,114.6,45.5,206.0
363,444.4,230.0,109.067,44.7,224.8
363,223.4,111.6,110.467,59.7,204.8
363,219.1,109.8,110.534,53.7,203.3
363,211.1,105.8,110.667,57.9,205.6
363,207.2,104.2,110.734,52.4,202.4
363,203.6,102.3,110.8,61.8,207.3
363,200.2,100.6,110.867,59.5,206.0
363,193.7,97.6,111.0,48.5,202.3
363,187.9,94.4,111.134,55.3,205.4
363,182.5,91.7,111.267,50.1,202.0
363,180.0,90.4,111.334,57.2,206.5
363,177.4,89.3,111.4,52.0,203.4
363,170.7,86.2,111.6,49.1,202.3
363,168.6,85.3,111.667,47.4,202.9
363,166.4,84.1,111.734,61.2,208.3
363,164.3,83.1,111.8,58.0,206.6
363,162.7,82.2,111.867,50.9,209.1
363,160.8,81.3,111.934,51.0,204.8
363,157.3,79.8,112.067,48.5,207.4
363,155.7,78.9,112.134,56.9,208.8
363,153.9,78.0,112.2,58.4,207.7
363,152.3,77.3,112.267,48.0,204.6
363,149.5,76.0,112.4,46.6,206.4
363,146.6,74.4,112.534,53.1,208.3
363,143.8,73.1,112.667,60.6,212.5
363,141.4,72.1,112.8,44.2,206.0
363,140.5,71.4,112.867,57.0,215.8
363,138.1,70.2,113.0,57.6,212.0
363,133.7,68.0,113.267,55.9,208.8
363,131.0,66.5,113.467,42.5,210.9
363,129.8,66.0,113.534,49.8,203.8
363,123.6,63.2,114.0,47.2,212.6
363,121.7,62.0,114.2,51.2,215.7
363,118.2,60.4,114.534,53.8,217.8
363,109.2,56.0,115.534,53.8,211.3
363,95.7,49.3,117.2,48.2,206.0
364,232.1,117.1,110.934,60.9,206.5
364,206.5,104.0,111.334,53.0,201.6
364,202.9,102.2,111.4,61.0,206.5
364,199.4,100.6,111.467,55.9,204.8
364,192.9,97.6,111.6,48.5,202.1
364,190.0,96.0,111.667,61.7,208.8
364,187.1,94.8,111.734,49.3,202.7
364,181.8,91.9,111.867,54.2,207.1
364,179.2,90.7,111.934,54.1,204.8
364,176.6,89.5,112.0,51.3,203.6
364,172.0,87.5,112.134,61.2,210.6
364,170.0,86.4,112.2,53.5,207.2
364,167.6,85.3,112.267,55.8,204.8
364,165.7,84.4,112.334,45.9,204.4
364,163.9,83.5,112.4,50.4,207.0
364,162.1,82.6,112.467,50.6,206.1
364,158.9,81.0,112.6,52.8,209.2
364,157.0,80.1,112.667,55.2,205.5
364,147.6,75.2,113.067,54.3,209.4
364,139.7,71.3,113.467,61.4,205.6
364,135.1,69.6,113.734,49.3,205.5
364,132.9,68.3,113.867,56.4,210.5
364,131.2,67.4,114.0,53.6,217.2
364,129.5,66.2,114.134,56.7,214.1
364,125.8,64.5,114.4,59.7,199.3
364,124.3,63.7,114.534,52.3,214.9
364,113.5,59.0,115.534,43.3,206.2
367,82.7,61.6,110.334,47.4,40.0
367,83.1,62.2,110.467,50.4,55.9
367,84.0,63.0,110.6,55.9,56.8
367,85.4,64.6,110.934,43.9,55.4
367,88.5,67.6,111.334,56.2,56.6
367,89.0,68.2,111.4,55.0,55.6
367,89.6,68.8,111.467,43.3,41.2
367,90.2,69.4,111.534,51.5,48.2
367,93.1,71.8,111.867,45.3,44.5
367,94.1,72.9,112.0,49.3,56.1
367,95.4,74.0,112.134,46.8,57.3
367,96.0,74.9,112.2,59.6,54.4
367,97.1,76.1,112.334,45.0,40.3
367,98.1,76.8,112.4,42.9,37.6
367,98.8,77.7,112.467,51.5,49.1
367,102.3,81.0,112.734,48.6,39.3
367,103.2,81.9,112.8,51.5,46.9
367,104.2,82.8,112.867,44.7,42.3
367,104.9,83.9,112.934,55.8,57.3
367,106.9,85.9,113.067,58.7,55.3
367,107.7,86.9,113.134,45.5,51.7
367,109.6,88.8,113.267,43.5,53.0
367,110.6,89.9,113.334,47.2,51.3
367,114.3,93.1,113.534,43.9,40.2
367,116.3,94.7,113.6,59.1,38.5
367,118.4,97.7,113.734,59.7,61.2
367,121.7,100.7,113.867,57.7,49.7
367,123.4,102.2,113.934,45.6,41.7
367,125.2,104.2,114.0,57.6,46.3
367,126.9,105.8,114.067,46.5,43.8
367,127.4,107.7,114.134,50.8,76.8
367,129.7,109.7,114.2,52.6,40.4
367,132.1,111.7,114.267,51.4,40.9
367,134.2,113.9,114.334,52.7,45.5
367,136.8,116.5,114.4,58.8,45.3
367,139.3,118.8,114.467,51.3,42.6
367,141.7,121.5,114.534,55.2,48.6
367,144.1,124.1,114.6,51.6,47.1
367,146.9,127.2,114.667,59.0,48.7
367,149.9,130.4,114.734,56.8,46.6
367,152.8,133.9,114.8,57.7,50.1
367,156.2,137.4,114.867,55.7,45.8
367,159.8,141.3,114.934,56.8,47.2
367,163.1,145.5,115.0,57.7,51.7
367,167.1,150.0,115.067,58.7,48.9
367,171.0,154.7,115.134,56.9,50.5
367,176.3,159.9,115.2,58.6,44.2
367,181.7,165.4,115.267,57.9,45.1
367,187.0,171.3,115.334,57.5,48.1
367,191.8,177.9,115.4,57.4,54.3
367,198.7,185.2,115.467,60.3,46.6
367,205.8,193.0,115.534,58.6,47.4
367,213.8,201.7,115.6,59.6,47.6
367,222.5,211.4,115.667,60.0,48.0
367,231.4,222.3,115.734,60.0,51.1
367,242.1,234.4,115.8,60.1,48.4
367,254.2,248.2,115.867,60.6,48.6
367,267.5,263.6,115.934,59.6,49.3
370,394.3,200.0,112.267,56.1,217.3
370,258.4,125.4,113.2,60.2,246.8
370,244.0,117.0,113.4,56.3,250.5
370,237.4,112.5,113.534,53.8,207.2
370,233.1,110.5,113.6,55.6,204.3
370,229.4,108.7,113.667,56.0,206.5
370,225.5,106.8,113.734,57.0,205.4
370,214.5,101.4,113.934,54.6,204.2
370,211.2,99.9,114.0,57.7,205.5
370,208.0,98.4,114.067,54.9,204.1
370,204.8,96.9,114.134,57.3,204.5
370,199.4,95.5,114.2,60.9,195.3
370,195.6,94.3,114.267,47.4,196.5
370,195.0,93.0,114.334,57.3,248.0
370,191.1,91.8,114.4,56.4,198.1
370,189.9,90.6,114.467,53.5,221.9
370,185.5,89.6,114.534,47.5,192.9
370,183.1,88.5,114.6,52.6,204.2
370,181.1,87.6,114.667,46.1,205.1
370,175.1,85.0,114.867,55.9,207.6
370,172.4,84.1,114.934,49.3,198.4
370,169.1,82.5,115.067,50.2,207.0
370,169.1,81.6,115.134,57.9,270.3
370,166.2,80.7,115.2,48.9,196.0
370,164.5,79.8,115.267,57.0,208.9
370,163.2,79.1,115.334,44.6,207.6
370,158.3,76.8,115.534,43.3,202.1
370,156.4,76.0,115.6,54.0,202.3
370,156.0,75.3,115.667,54.9,240.4
370,153.2,74.3,115.8,49.2,210.9
370,151.0,73.7,115.867,49.7,197.9
370,150.0,73.0,115.934,50.6,211.8
370,147.1,71.8,116.067,48.3,202.8
370,146.0,71.2,116.134,47.9,208.4
370,145.0,70.5,116.267,51.3,222.6
370,142.3,69.4,116.4,60.3,212.2
370,140.4,68.3,116.534,59.2,243.6
370,138.4,67.5,116.667,51.9,212.4
370,132.8,64.1,117.134,52.6,206.1
370,129.0,62.7,117.467,55.2,205.7
370,127.5,62.3,117.534,45.0,195.9
375,426.0,221.2,114.667,59.8,215.9
375,215.3,108.4,116.067,60.8,205.1
375,199.9,100.6,116.334,60.0,205.2
375,190.0,95.7,116.534,55.3,203.8
375,186.9,94.4,116.6,50.9,201.7
375,181.4,91.6,116.734,55.6,206.6
375,175.8,88.9,116.867,56.0,203.7
375,173.4,87.8,116.934,54.3,204.8
375,171.1,86.7,117.0,53.4,205.4
375,168.7,85.6,117.067,53.2,203.8
375,166.7,84.6,117.134,53.3,206.0
375,164.6,83.7,117.2,48.9,203.6
375,162.4,82.8,117.267,52.1,203.6
375,159.0,81.1,117.4,60.4,211.6
375,155.4,79.2,117.534,46.4,203.5
375,153.4,78.4,117.6,54.2,203.7
375,151.9,77.6,117.667,46.7,205.6
375,150.3,76.7,117.734,60.7,209.0
375,147.6,74.9,117.867,56.3,209.6
375,146.0,74.2,117.934,51.8,203.9
375,143.1,73.1,118.067,48.1,204.1
375,139.2,71.4,118.267,43.1,206.3
375,133.5,68.2,118.6,61.8,213.6
375,132.2,67.5,118.667,57.3,204.9
375,131.4,67.1,118.734,42.8,209.5
375,126.5,65.0,119.067,54.9,208.5
375,124.8,63.9,119.2,47.1,209.6
375,112.8,58.2,120.267,51.3,212.8
375,109.4,56.6,120.667,54.1,210.2
375,104.3,54.4,121.267,43.8,220.4
377,82.2,62.1,116.4,59.9,67.9
377,84.1,63.4,116.6,42.5,34.2
377,84.6,64.1,116.667,61.2,55.4
377,84.9,64.9,116.8,61.5,77.9
377,85.9,66.0,117.0,43.6,69.2
377,88.4,68.1,117.267,54.7,47.7
377,88.8,68.7,117.334,49.1,56.5
377,90.1,69.9,117.467,55.8,51.7
377,91.0,70.9,117.6,53.2,44.5
377,92.7,72.0,117.734,45.8,32.3
377,93.1,72.8,117.8,61.2,68.1
377,94.2,73.9,117.934,42.5,39.8
377,95.4,74.8,118.0,57.2,36.2
377,97.8,76.9,118.2,49.5,42.9
377,98.8,77.9,118.267,57.7,43.1
377,99.5,78.8,118.334,53.7,55.4
377,100.1,79.6,118.4,42.7,51.3
377,102.9,81.8,118.6,44.9,36.7
377,104.0,82.9,118.667,56.1,44.0
377,104.9,83.9,118.734,50.4,49.6
377,106.1,85.0,118.8,52.3,42.2
377,107.0,86.2,118.867,54.6,52.4
377,107.7,87.4,118.934,54.2,61.5
377,109.0,88.8,119.0,59.2,46.1
377,110.5,90.0,119.067,50.4,39.3
377,113.1,92.1,119.2,42.8,40.4
377,114.4,93.4,119.267,50.0,45.2
377,115.6,94.8,119.334,52.0,48.3
377,117.1,96.5,119.4,59.0,48.8
377,118.7,97.8,119.467,44.0,38.8
377,120.4,99.6,119.534,59.4,46.2
377,123.7,103.6,119.667,59.9,47.7
377,125.8,105.1,119.734,44.6,35.4
377,127.5,107.3,119.8,60.3,52.9
377,129.4,109.3,119.867,53.4,46.3
377,131.5,111.5,119.934,55.5,47.0
377,133.8,113.7,120.0,53.0,42.7
377,138.6,119.2,120.134,59.9,46.1
377,141.1,122.0,120.2,57.5,48.5
377,143.2,125.1,120.267,60.0,55.7
377,146.6,128.3,120.334,58.4,42.4
377,149.6,131.7,120.4,60.0,49.5
377,152.7,135.4,120.467,59.0,49.6
377,156.4,139.3,120.534,60.4,46.5
377,169.2,153.7,120.734,60.7,46.1
377,174.2,158.9,120.8,59.4,46.5
377,179.1,164.6,120.867,59.7,49.0
378,438.2,228.3,116.134,50.8,218.5
378,218.5,110.3,117.467,59.4,202.7
378,209.5,106.1,117.6,59.6,203.2
378,191.3,96.7,117.934,61.8,204.7
378,188.2,95.3,118.0,57.0,204.6
378,182.6,92.4,118.134,55.4,204.8
378,177.0,89.8,118.267,49.9,200.7
378,174.4,88.6,118.334,57.5,205.0
378,171.6,87.7,118.4,44.8,198.5
378,166.8,85.4,118.534,51.2,203.6
378,161.0,81.8,118.734,56.8,204.9
378,158.9,80.8,118.8,54.8,203.4
378,155.2,79.4,118.934,57.1,204.6
378,153.4,78.4,119.0,61.4,208.2
378,147.5,75.3,119.267,56.5,214.0
378,144.4,74.1,119.4,57.8,209.8
378,140.6,72.1,119.6,56.8,218.8
378,138.2,71.3,119.734,47.1,207.8
378,135.3,69.7,119.867,50.6,204.9
378,132.0,68.0,120.067,59.1,214.0
378,130.8,67.3,120.134,58.5,207.3
378,129.9,66.9,120.2,42.6,206.3
378,129.2,66.3,120.267,58.6,220.8
378,127.0,65.5,120.4,44.8,206.4
378,126.0,65.0,120.467,52.1,207.2
378,120.7,62.4,120.867,55.1,205.2
378,116.2,60.5,121.267,43.7,202.7
378,114.9,59.9,121.4,52.2,209.1
378,114.3,59.5,121.467,50.4,216.6
383,83.6,54.6,121.8,51.4,44.3
383,84.2,55.1,121.934,46.7,45.8
383,84.4,55.4,122.0,48.3,57.2
383,85.2,56.0,122.134,51.2,39.4
383,85.6,56.4,122.267,43.0,55.6
383,91.3,60.7,123.134,56.6,46.4
383,93.6,62.7,123.467,52.9,46.9
383,94.2,63.2,123.534,50.5,39.3
383,94.7,63.6,123.6,44.8,40.6
383,95.5,64.1,123.667,45.2,30.8
383,96.5,64.8,123.8,52.8,55.1
383,97.8,65.7,123.934,42.4,35.1
383,98.9,66.6,124.067,45.2,40.9
383,99.5,67.2,124.134,50.1,42.5
383,102.5,68.9,124.4,55.7,38.0
383,104.8,70.9,124.6,51.2,38.0
383,105.7,71.5,124.667,50.5,39.3
383,107.3,72.7,124.8,50.8,43.4
383,108.2,73.4,124.867,45.9,38.4
383,109.0,74.2,124.934,56.8,43.2
383,109.7,75.0,125.0,50.3,49.1
383,110.7,75.9,125.067,58.8,40.1
383,111.7,76.7,125.134,56.1,43.5
383,114.7,78.9,125.334,48.0,38.5
383,116.0,79.8,125.4,51.3,34.9
383,116.9,80.9,125.467,59.4,50.0
383,117.7,81.9,125.534,56.3,52.6
383,119.0,82.9,125.6,54.5,38.1
383,120.5,84.0,125.667,52.5,35.4
383,121.9,84.9,125.734,46.4,33.0
383,123.3,85.9,125.8,45.9,34.5
383,124.9,86.8,125.867,44.4,31.4
383,126.0,87.8,125.934,44.5,41.4
383,127.7,88.9,126.0,49.5,33.8
383,129.4,90.1,126.067,48.1,34.2
383,133.2,92.9,126.2,50.4,32.0
383,135.1,94.5,126.267,61.1,40.1
383,137.2,95.9,126.334,52.0,33.2
383,139.2,97.5,126.4,58.8,40.3
383,141.1,99.1,126.467,53.8,39.2
383,143.2,100.6,126.534,50.0,35.3
383,145.4,102.4,126.6,56.5,39.9
383,147.7,104.3,126.667,59.3,39.2
383,150.1,106.2,126.734,56.0,38.6
383,152.7,108.1,126.8,53.8,36.2
383,155.5,110.4,126.867,60.4,39.6
383,158.3,112.8,126.934,60.5,39.8
383,161.3,115.2,127.0,58.9,38.7
383,164.4,117.8,127.067,61.0,40.7
383,167.7,120.6,127.134,60.6,40.1
383,174.9,126.7,127.267,60.6,38.5
383,188.3,137.7,127.467,61.2,37.7
383,334.7,264.4,128.467,60.5,36.9
387,86.6,56.6,118.867,56.7,56.3
387,86.7,57.0,118.934,56.2,71.3
387,90.6,59.7,119.534,61.4,46.1
387,91.0,60.1,119.6,47.7,46.7
387,93.8,62.0,120.0,60.2,57.1
387,94.4,62.8,120.134,58.7,57.0
387,98.6,65.9,120.6,56.2,39.3
387,102.7,68.8,121.0,59.1,35.0
387,104.0,69.9,121.134,59.3,44.9
387,105.4,71.0,121.267,61.6,47.1
387,106.2,71.8,121.334,60.9,42.7
387,108.5,73.5,121.534,51.6,57.6
387,110.9,74.9,121.667,54.4,32.7
387,111.7,75.7,121.734,53.4,44.0
387,113.6,76.8,121.867,43.6,46.2
387,115.0,77.8,121.934,60.6,36.4
387,116.1,78.6,122.0,49.5,35.8
387,120.5,81.9,122.267,42.8,31.0
387,122.1,83.0,122.334,57.4,36.0
387,123.0,84.1,122.4,57.2,48.7
387,124.5,85.2,122.467,54.5,36.9
387,125.7,86.2,122.534,47.2,39.4
387,129.3,88.6,122.667,44.2,27.6
387,130.7,89.8,122.734,52.5,42.0
387,132.2,90.9,122.8,47.2,36.5
387,133.9,92.4,122.867,59.2,40.4
387,136.2,93.7,122.934,49.9,29.5
387,139.0,96.3,123.067,58.7,36.7
387,141.4,97.9,123.134,57.1,33.0
387,144.2,99.5,123.2,56.1,30.4
387,146.6,101.2,123.267,55.7,36.0
387,148.9,102.8,123.334,48.5,33.1
387,151.7,104.7,123.4,58.0,34.5
387,154.1,106.6,123.467,55.5,38.7
387,156.8,108.6,123.534,58.1,37.8
387,159.4,110.7,123.6,55.4,38.4
387,162.4,113.1,123.667,59.8,37.5
387,165.7,115.6,123.734,61.3,37.8
387,173.1,121.0,123.867,58.0,34.1
387,181.1,127.2,124.0,60.9,36.5
387,194.5,138.3,124.2,60.5,36.7
387,199.7,142.3,124.267,61.5,37.6
387,348.9,264.6,125.2,57.3,34.2
389,186.2,94.0,120.0,57.0,203.1
389,179.9,91.0,120.134,58.9,203.2
389,171.5,87.0,120.334,60.4,203.8
389,164.4,83.8,120.534,43.7,199.5
389,162.1,82.7,120.6,60.9,206.0
389,160.0,81.8,120.667,48.7,202.4
389,158.1,80.8,120.734,57.2,206.5
389,154.3,78.7,120.867,56.2,205.5
389,152.4,77.8,120.934,59.4,205.8
389,150.7,76.9,121.0,59.3,207.7
389,148.9,76.1,121.067,56.2,204.6
389,141.4,72.7,121.4,43.8,206.5
389,140.0,72.0,121.467,51.4,205.6
389,134.7,69.2,121.734,56.4,214.6
389,133.4,68.7,121.8,43.5,201.3
389,132.0,68.0,121.867,61.0,206.3
389,131.2,67.5,121.934,50.7,211.5
389,124.4,64.1,122.4,48.7,209.7
389,123.3,63.6,122.467,56.8,205.1
389,118.6,61.5,122.867,51.7,206.9
389,115.1,59.8,123.134,43.9,201.3
389,112.8,58.3,123.4,54.7,206.8
389,108.7,56.9,123.8,44.6,207.9
389,108.3,56.5,123.867,49.7,217.9
390,86.0,57.0,120.4,46.5,45.5
390,89.7,59.0,120.934,53.8,33.9
390,90.6,59.7,121.067,56.9,53.2
390,91.1,60.1,121.134,43.5,35.9
390,94.3,62.6,121.6,42.6,37.1
390,94.6,63.2,121.667,61.1,67.3
390,94.7,63.7,121.734,54.9,78.8
390,96.5,65.0,121.934,44.3,45.0
390,99.5,66.7,122.2,52.3,38.6
390,101.5,68.0,122.4,47.2,39.0
390,103.8,69.8,122.6,45.1,34.2
390,105.2,71.0,122.734,52.8,40.1
390,107.9,73.0,122.934,45.0,38.4
390,108.8,73.7,123.0,53.5,41.1
390,110.8,75.0,123.134,49.7,35.8
390,111.7,75.8,123.2,51.9,42.6
390,112.7,76.6,123.267,53.0,39.2
390,113.9,77.4,123.334,49.6,34.1
390,116.0,78.9,123.467,51.5,38.2
390,117.2,79.9,123.534,53.9,39.0
390,118.2,80.9,123.6,56.6,44.5
390,119.3,81.7,123.667,43.7,37.7
390,120.5,82.6,123.734,47.2,34.9
390,123.4,84.7,123.867,45.4,33.5
390,124.9,85.9,123.934,54.7,38.2
390,126.5,87.0,124.0,51.3,34.8
390,127.8,88.0,124.067,47.6,39.0
390,129.2,89.0,124.134,43.8,34.1
390,130.9,90.2,124.2,49.2,34.0
390,132.7,91.5,124.267,53.9,36.5
390,134.6,92.7,124.334,50.8,33.3
390,136.5,93.9,124.4,44.1,31.3
390,138.4,95.3,124.467,54.0,36.2
390,140.4,96.7,124.534,52.2,36.2
390,144.7,100.0,124.667,49.3,35.0
390,147.1,101.7,124.734,54.0,34.7
390,151.9,105.7,124.867,58.6,41.0
390,154.3,107.7,124.934,57.0,39.9
390,157.2,109.7,125.0,54.9,34.6
390,159.7,111.8,125.067,55.0,39.7
390,166.2,116.8,125.2,58.2,36.2
390,169.8,119.5,125.267,61.7,36.6
390,173.5,122.2,125.334,57.0,36.2
390,190.2,136.0,125.6,60.8,38.0
390,351.8,267.0,126.667,50.9,28.4
394,205.9,94.6,123.2,60.3,200.2
394,202.0,93.2,123.267,58.3,198.8
394,198.8,91.9,123.334,59.6,202.6
394,192.9,88.9,123.467,59.9,203.0
394,190.1,87.9,123.534,54.1,201.2
394,187.1,86.8,123.6,54.9,199.9
394,181.7,84.3,123.734,55.3,200.4
394,176.7,82.1,123.867,51.0,200.2
394,174.5,81.2,123.934,59.7,203.6
394,172.2,80.2,124.0,58.8,202.5
394,163.8,76.7,124.267,55.9,201.6
394,162.0,75.9,124.334,54.6,202.7
394,158.2,74.4,124.467,46.9,198.1
394,150.5,71.1,124.8,48.5,200.7
394,149.1,70.5,124.867,54.1,204.0
394,142.5,67.6,125.2,53.4,205.7
394,142.0,67.1,125.267,54.2,227.0
394,139.0,66.0,125.4,52.5,199.7
394,137.6,65.5,125.467,55.7,202.4
394,136.8,65.0,125.534,45.0,206.4
394,122.9,59.1,126.534,49.8,204.4
395,79.5,58.6,123.267,53.3,60.3
395,83.0,62.0,123.934,48.0,46.4
395,84.8,62.9,124.134,52.4,29.7
395,85.7,63.6,124.267,55.0,45.8
395,86.6,64.9,124.467,55.7,49.4
395,87.5,65.8,124.6,48.5,46.7
395,88.4,66.7,124.734,43.9,59.8
395,89.2,67.8,124.867,52.4,70.7
395,90.5,68.8,125.0,56.8,44.0
395,91.9,69.8,125.134,53.0,41.6
395,93.3,70.9,125.267,51.8,37.0
395,96.3,73.9,125.6,54.5,47.9
395,98.8,75.9,125.8,43.8,34.2
395,99.4,76.7,125.867,49.6,51.7
395,100.3,77.6,125.934,54.9,47.6
395,102.0,78.9,126.067,42.9,39.3
395,102.6,79.7,126.134,45.6,55.8
395,103.5,80.7,126.2,58.7,48.1
395,104.5,81.6,126.267,44.0,40.1
395,106.2,83.3,126.4,44.8,43.5
395,108.8,86.1,126.6,52.4,51.8
395,110.2,87.3,126.667,54.3,41.3
395,112.7,89.3,126.8,53.7,44.9
395,113.8,90.3,126.867,43.4,44.7
395,114.6,91.8,126.934,57.8,59.8
395,116.1,93.0,127.0,45.7,39.3
395,117.6,94.2,127.067,45.5,38.2
395,118.9,95.6,127.134,53.2,49.4
395,120.5,97.1,127.2,50.1,42.0
395,122.0,98.7,127.267,56.4,48.7
395,123.4,100.3,127.334,50.8,46.7
395,125.2,101.9,127.4,48.2,40.8
395,126.7,103.6,127.467,53.2,49.9
395,128.6,105.3,127.534,48.9,41.3
395,130.7,107.5,127.6,59.6,46.6
395,132.7,109.5,127.667,53.2,44.4
395,134.7,111.5,127.734,51.2,46.4
395,136.8,113.7,127.8,52.3,45.0
395,139.2,116.0,127.867,53.1,43.6
395,141.5,118.3,127.934,52.4,46.0
395,143.9,120.9,128.0,53.1,46.9
395,146.7,123.9,128.067,60.7,46.9
395,149.4,126.8,128.134,55.7,47.3
395,152.5,130.1,128.2,57.4,46.8
395,155.6,133.3,128.267,55.6,46.7
395,158.9,137.0,128.334,57.8,47.3
395,162.4,141.0,128.4,59.4,49.1
395,166.0,145.3,128.467,59.4,49.6
395,170.2,149.7,128.534,58.5,47.0
395,174.6,154.7,128.6,59.5,48.1
395,184.3,165.7,128.734,57.3,46.7
395,189.9,171.8,128.8,58.9,47.5
395,196.0,178.5,128.867,59.9,47.9
395,202.5,185.9,128.934,59.4,48.3
395,209.5,193.8,129.0,58.9,49.0
395,217.3,203.0,129.067,61.4,49.5
395,226.3,213.1,129.134,61.6,48.6
395,236.0,224.1,129.2,60.0,48.5
395,246.8,237.0,129.267,61.8,49.8
395,258.3,251.0,129.334,59.4,50.8
395,272.3,265.0,129.4,55.3,45.0
396,81.4,53.0,122.467,53.9,45.5
396,81.7,53.4,122.6,54.0,66.6
396,82.0,53.7,122.667,47.8,43.2
396,84.2,54.8,123.067,47.6,37.8
396,84.4,55.1,123.134,43.3,60.1
396,85.7,56.8,123.467,49.1,46.8
396,90.3,60.0,124.2,52.5,61.0
396,91.7,61.0,124.4,50.7,45.4
396,94.5,63.2,124.734,44.0,48.7
396,95.5,63.9,124.867,44.7,48.5
396,96.5,64.6,125.0,43.1,40.8
396,97.0,65.2,125.067,54.4,45.1
396,99.9,67.2,125.334,44.4,36.8
396,100.4,67.7,125.4,46.1,42.2
396,101.1,68.4,125.467,58.9,44.6
396,101.8,69.0,125.534,50.2,43.9
396,103.4,70.0,125.667,52.5,37.9
396,105.0,71.0,125.8,50.9,34.8
396,105.6,71.8,125.867,59.0,53.1
396,106.3,72.5,125.934,47.8,42.8
396,108.5,73.8,126.067,49.8,34.5
396,109.5,74.7,126.134,61.7,42.0
396,111.4,76.0,126.267,44.9,36.4
396,112.7,76.8,126.334,50.8,32.5
396,113.8,77.8,126.4,61.5,40.5
396,114.8,78.6,126.467,48.6,40.0
396,116.0,79.7,126.534,61.2,41.2
396,117.3,80.6,126.6,51.3,35.8
396,119.8,82.5,126.734,61.7,44.4
396,121.1,83.4,126.8,49.5,36.4
396,122.4,84.4,126.867,46.7,35.8
396,124.1,85.3,126.934,44.7,29.4
396,127.0,87.9,127.067,54.9,38.7
396,129.5,90.0,127.2,48.4,34.4
396,131.5,91.1,127.267,46.9,29.6
396,133.6,92.6,127.334,61.8,35.6
396,135.4,93.7,127.4,44.2,31.9
396,137.4,95.3,127.467,59.3,38.4
396,139.6,96.7,127.534,51.9,32.9
396,143.8,100.2,127.667,53.2,36.6
396,146.0,101.8,127.734,52.4,36.4
396,148.1,103.7,127.8,58.8,41.8
396,150.9,105.6,127.867,57.6,34.5
396,153.5,107.7,127.934,58.8,38.8
396,156.3,109.8,128.0,56.7,36.9
396,159.0,112.0,128.067,58.6,39.8
396,161.8,114.5,128.134,59.6,40.5
396,165.2,116.9,128.2,58.0,36.1
396,168.6,119.6,128.267,60.8,38.7
396,175.6,125.6,128.4,61.2,40.6
396,192.7,140.5,128.667,61.0,41.2
396,203.8,149.2,128.8,59.9,37.3
396,348.0,267.7,129.667,47.2,25.0
397,95.2,63.5,122.6,46.0,48.9
397,103.7,69.7,123.467,44.2,34.3
397,104.5,70.3,123.534,45.1,37.2
397,106.0,71.3,123.667,55.8,44.6
397,107.0,72.0,123.734,52.8,36.8
397,108.9,73.2,123.867,50.4,35.1
397,109.8,74.0,123.934,55.8,42.4
397,110.7,74.8,124.0,49.8,38.2
397,112.3,76.0,124.134,43.6,43.4
397,113.5,77.0,124.2,61.4,40.6
397,114.4,77.8,124.267,49.6,41.0
397,116.5,79.0,124.4,46.3,39.4
397,118.0,80.0,124.467,53.5,32.4
397,119.5,80.9,124.534,52.2,32.1
397,121.1,82.0,124.6,59.6,34.5
397,122.3,82.8,124.667,43.2,34.8
397,124.6,85.2,124.8,57.5,38.3
397,127.8,87.1,124.934,46.9,34.5
397,129.4,88.1,125.0,44.3,32.1
397,130.6,89.5,125.067,60.5,49.3
397,132.2,90.9,125.134,59.6,40.5
397,134.0,92.0,125.2,44.2,31.8
397,136.2,93.2,125.267,48.4,29.0
397,138.2,94.8,125.334,59.8,37.2
397,140.2,95.9,125.4,43.1,29.8
397,144.1,99.2,125.534,53.4,37.6
397,146.1,100.7,125.6,50.0,36.9
397,148.5,102.7,125.667,61.3,38.4
397,153.1,106.6,125.8,54.4,43.3
397,155.8,108.7,125.867,58.3,37.6
397,158.7,110.8,125.934,56.3,36.2
397,161.8,113.0,126.0,56.3,35.8
397,164.7,115.5,126.067,60.1,40.1
397,168.4,118.1,126.134,60.1,35.4
397,171.8,120.5,126.2,54.1,35.1
397,197.2,141.6,126.6,60.0,40.9
407,77.7,55.8,128.4,58.6,54.8
407,79.4,57.6,128.8,54.4,54.2
407,79.6,58.0,128.867,54.3,74.4
407,79.9,58.3,128.934,47.9,52.1
407,80.6,58.9,129.067,42.7,41.0
407,81.9,60.2,129.334,43.4,50.0
407,84.2,62.9,129.867,52.7,53.2
407,85.4,64.0,130.067,44.7,60.7
407,86.2,65.5,130.2,60.8,58.4
407,88.3,67.1,130.467,49.5,47.4
407,89.1,68.1,130.6,46.6,50.5
407,90.0,69.1,130.734,43.2,53.4
407,92.2,70.8,131.0,49.6,41.6
407,93.3,72.0,131.134,47.2,45.7
407,93.9,72.8,131.2,55.5,53.0
407,95.5,74.1,131.334,52.3,44.9
407,96.7,75.6,131.467,58.1,52.5
407,98.3,77.0,131.6,54.9,51.2
407,99.2,78.0,131.667,57.4,47.9
407,99.7,78.7,131.734,43.8,52.9
407,102.5,80.9,131.934,44.2,45.4
407,103.4,81.7,132.0,43.7,42.3
407,104.2,82.8,132.067,53.2,54.6
407,105.2,83.9,132.134,53.7,46.8
407,106.2,84.9,132.2,49.4,44.8
407,107.0,85.9,132.267,48.2,54.8
407,108.2,86.9,132.334,43.6,37.6
407,109.5,87.9,132.4,43.7,37.9
407,111.2,88.9,132.467,43.9,31.1
407,112.3,90.0,132.534,44.5,45.0
407,113.5,91.5,132.6,60.3,50.0
407,115.0,92.8,132.667,51.6,42.4
407,116.3,94.0,132.734,43.6,41.9
407,117.2,95.5,132.8,54.7,59.2
407,118.3,96.8,132.867,47.7,50.5
407,119.4,98.7,132.934,60.8,59.1
407,121.9,100.3,133.0,53.7,33.2
407,124.3,101.8,133.067,47.4,32.7
407,125.9,103.7,133.134,56.2,49.6
407,127.5,105.5,133.2,51.4,47.3
407,129.4,107.5,133.267,55.7,46.5
407,131.8,109.6,133.334,55.2,41.9
407,134.2,111.7,133.4,52.2,40.6
407,135.6,113.7,133.467,49.5,55.3
407,138.3,116.4,133.534,60.9,44.2
407,141.0,119.0,133.6,56.8,43.6
407,143.5,121.5,133.667,53.6,46.3
407,146.4,124.4,133.734,56.7,45.1
407,149.3,127.5,133.8,57.7,46.6
407,156.2,134.6,133.934,57.5,44.7
407,159.5,138.4,134.0,58.2,48.5
407,163.0,142.6,134.067,61.3,50.6
407,167.4,147.0,134.134,60.1,45.1
407,171.8,151.6,134.2,59.1,46.1
407,176.4,156.7,134.267,60.2,48.3
407,181.5,162.0,134.334,58.2,46.1
407,186.8,168.0,134.4,60.2,48.3
407,192.7,174.5,134.467,61.1,47.8
407,199.1,181.4,134.534,59.5,47.4
407,206.1,189.2,134.6,60.8,47.6
407,232.1,218.5,134.8,61.8,48.8
407,242.7,230.5,134.867,61.7,48.5
407,267.9,259.4,135.0,60.7,48.5
408,285.9,117.3,127.667,61.7,201.5
408,253.7,104.7,128.067,59.1,200.0
408,241.0,99.7,128.267,56.4,199.9
408,237.1,98.2,128.334,57.7,200.1
408,233.4,97.1,128.4,48.2,197.5
408,226.3,94.4,128.534,53.4,199.6
408,222.8,93.1,128.6,61.0,201.3
408,219.6,92.1,128.667,44.0,196.0
408,210.3,88.3,128.867,53.4,199.6
408,207.8,87.3,128.934,54.1,202.5
408,205.3,86.3,129.0,51.7,200.5
408,190.8,81.2,129.4,42.8,195.9
408,186.3,79.4,129.534,54.8,198.1
408,180.7,77.2,129.734,52.6,206.3
408,175.4,75.0,129.934,47.0,200.0
408,173.5,74.3,130.0,55.2,200.3
408,170.1,73.0,130.134,56.9,202.0
408,167.1,72.0,130.267,54.3,202.7
408,165.3,71.5,130.334,42.4,196.6
408,158.9,69.1,130.667,58.2,207.7
408,157.5,68.5,130.734,57.9,203.5
408,153.0,66.6,131.0,59.1,208.7
408,152.6,66.1,131.067,49.4,230.6
408,150.1,65.4,131.2,43.7,200.9
408,143.7,63.0,131.534,52.9,200.4
413,250.3,110.8,129.934,61.4,201.2
413,236.6,104.9,130.134,59.5,202.9
413,227.9,101.6,130.267,51.9,197.8
413,216.4,96.8,130.467,59.8,200.9
413,212.5,95.4,130.534,55.1,198.8
413,205.9,92.8,130.667,49.0,199.0
413,203.4,91.8,130.734,46.1,201.5
413,195.1,87.9,130.934,59.8,203.9
413,192.1,87.0,131.0,48.4,197.3
413,185.1,84.0,131.2,52.9,203.3
413,174.3,79.9,131.534,51.4,200.8
413,168.2,77.3,131.734,49.9,200.0
413,166.2,76.7,131.8,43.1,197.9
413,164.5,75.9,131.867,50.7,202.6
413,162.7,75.3,131.934,48.9,201.1
413,159.7,74.0,132.067,51.3,203.4
413,158.4,73.4,132.134,46.0,204.3
413,149.9,69.9,132.534,47.6,205.7
413,148.5,69.3,132.6,57.4,205.0
413,145.0,67.7,132.8,47.7,202.3
413,144.0,67.2,132.867,52.2,209.7
413,141.5,66.5,133.0,47.5,201.7
413,138.5,65.3,133.2,55.6,208.4
413,135.8,64.1,133.4,61.6,224.6
413,121.1,58.1,134.6,45.5,206.3
419,81.2,60.5,132.067,48.3,62.0
419,81.7,60.9,132.134,44.4,38.0
419,83.5,62.9,132.534,54.4,59.8
419,87.5,66.4,133.067,44.7,28.8
419,90.6,69.5,133.467,44.8,59.3
419,91.8,70.7,133.6,58.5,51.6
419,92.9,71.8,133.734,49.4,53.4
419,93.6,72.9,133.867,54.2,56.9
419,94.9,73.6,133.934,49.7,29.6
419,95.9,74.4,134.0,51.7,39.9
419,96.5,75.3,134.067,57.6,54.5
419,97.1,76.1,134.134,51.1,54.7
419,99.3,77.9,134.334,52.6,46.5
419,99.9,78.9,134.4,59.8,60.0
419,100.3,79.9,134.467,53.5,64.4
419,101.8,80.7,134.534,42.6,28.1
419,104.8,82.9,134.734,48.2,46.5
419,105.6,83.9,134.8,50.4,52.1
419,106.2,85.0,134.867,49.9,59.1
419,107.2,86.3,134.934,60.6,51.6
419,109.7,88.2,135.067,45.3,45.8
419,110.7,89.6,135.134,58.3,53.2
419,112.0,90.7,135.2,47.6,42.2
419,113.4,91.9,135.267,45.5,39.1
419,115.0,93.0,135.334,44.5,36.0
419,116.7,94.5,135.4,55.1,41.9
419,118.2,95.9,135.467,48.9,42.9
419,119.6,97.7,135.534,61.0,50.5
419,121.3,98.9,135.6,42.9,37.7
419,122.4,100.6,135.667,52.3,55.9
419,124.4,102.4,135.734,56.4,41.8
419,126.5,103.8,135.8,42.7,34.6
419,128.2,105.7,135.867,52.6,47.2
419,129.8,107.6,135.934,52.4,49.4
419,134.3,112.3,136.067,59.2,42.1
419,136.7,114.5,136.134,51.4,42.1
419,139.3,117.1,136.2,60.6,45.2
419,141.7,119.8,136.267,57.4,48.0
419,144.6,122.5,136.334,55.9,43.4
419,147.1,125.4,136.4,56.0,48.9
419,150.2,128.7,136.467,59.8,46.7
419,153.3,132.1,136.534,58.7,47.7
419,160.5,139.9,136.667,59.6,48.0
419,164.4,144.0,136.734,58.5,46.6
419,168.3,148.7,136.8,61.8,49.7
419,173.0,153.5,136.867,59.2,45.7
419,177.5,158.7,136.934,60.3,49.6
419,182.9,164.5,137.0,61.0,46.7
419,188.6,170.6,137.067,60.5,47.5
419,194.8,177.4,137.134,60.7,47.1
419,201.4,184.8,137.2,61.4,48.6
419,226.5,212.4,137.4,61.0,47.5
419,247.8,236.5,137.534,61.1,48.3
419,275.4,264.9,137.667,54.7,43.3
420,437.5,197.5,131.6,58.4,208.7
420,236.8,106.7,132.934,60.0,201.0
420,232.4,104.8,133.0,60.8,202.9
420,223.7,101.3,133.134,61.8,202.5
420,212.4,96.4,133.334,59.7,204.2
420,205.7,93.5,133.467,56.5,202.8
420,202.4,92.4,133.534,48.2,198.3
420,196.6,89.8,133.667,55.3,203.8
420,193.7,88.7,133.734,54.0,201.0
420,191.0,87.7,133.8,52.9,201.3
420,188.3,86.8,133.867,46.7,198.7
420,180.9,83.5,134.067,48.0,200.6
420,178.6,82.5,134.134,55.6,203.1
420,176.3,81.6,134.2,56.5,202.0
420,174.0,80.8,134.267,43.8,198.2
420,172.0,80.0,134.334,55.8,204.1
420,164.9,77.3,134.534,44.6,198.2
420,162.0,75.7,134.667,56.6,210.8
420,160.3,75.0,134.734,47.7,200.9
420,157.5,73.8,134.867,50.3,205.2
420,156.2,73.0,134.934,58.5,209.4
420,154.6,72.3,135.0,54.9,203.3
420,153.5,71.8,135.067,43.0,204.4
420,148.2,69.5,135.334,51.3,203.7
420,146.6,68.9,135.4,47.7,198.0
420,145.1,68.1,135.534,42.9,205.6
420,143.2,67.5,135.6,53.3,197.3
420,142.4,67.1,135.667,42.9,207.2
420,141.0,66.6,135.734,46.5,199.2
420,139.7,66.1,135.8,45.7,199.6
420,131.6,63.0,136.334,44.2,199.6
420,128.6,61.5,136.534,57.7,207.2
420,127.8,61.1,136.6,59.5,211.2
420,125.6,60.4,136.8,56.1,210.9
420,116.2,55.9,137.734,50.2,219.4
420,114.0,55.1,137.934,58.3,205.7
420,110.0,53.9,138.467,43.9,212.1
421,86.1,56.6,133.534,54.6,36.1
421,89.3,59.1,134.134,43.6,32.9
421,89.6,59.6,134.2,57.7,51.5
421,93.0,62.6,134.8,56.0,46.9
421,93.2,63.1,134.867,46.8,59.3
421,97.0,65.8,135.334,50.3,42.0
421,98.0,66.9,135.467,57.2,44.9
421,101.9,70.0,135.867,51.5,37.3
421,102.7,70.5,135.934,44.4,37.8
421,104.7,71.9,136.134,50.9,43.6
421,105.7,72.7,136.2,57.2,36.9
421,106.6,73.5,136.267,54.2,42.8
421,108.5,74.8,136.4,51.0,41.5
421,110.0,76.0,136.534,43.2,35.3
421,110.9,76.7,136.6,44.3,39.0
421,113.0,78.4,136.734,42.6,34.6
421,116.2,80.9,136.934,52.4,39.4
421,117.4,81.7,137.0,44.4,35.0
421,119.8,83.7,137.134,52.6,39.8
421,121.0,84.7,137.2,48.5,39.6
421,122.1,85.8,137.267,51.0,44.8
421,123.1,86.8,137.334,51.2,47.7
421,124.6,87.9,137.4,47.6,34.6
421,126.3,89.1,137.467,52.1,34.1
421,127.8,90.3,137.534,49.6,38.0
421,129.2,91.6,137.6,53.2,42.8
421,130.8,92.8,137.667,50.9,39.5
421,132.5,94.1,137.734,49.8,37.2
421,134.5,95.8,137.801,61.8,40.0
421,136.2,97.2,137.867,49.4,38.4
421,138.1,98.9,137.934,57.6,41.4
421,139.9,100.6,138.001,56.4,44.3
421,141.9,102.3,138.067,54.9,40.5
421,143.9,103.8,138.134,46.4,36.6
421,146.3,105.5,138.201,50.0,35.7
421,148.5,107.6,138.267,59.8,43.9
421,150.8,109.6,138.334,54.9,41.8
421,153.1,111.8,138.401,54.6,41.6
421,155.9,114.2,138.467,60.7,41.4
421,158.6,116.6,138.534,56.4,42.4
421,161.6,119.4,138.601,61.4,42.0
421,164.7,122.3,138.667,61.8,44.1
421,167.9,125.3,138.734,58.0,41.7
421,171.5,128.3,138.801,57.6,41.0
421,175.0,131.5,138.867,57.1,42.3
421,179.1,135.1,138.934,60.7,41.1
421,187.3,143.2,139.067,59.6,45.5
421,192.4,147.6,139.134,60.8,40.6
421,209.4,163.3,139.334,60.5,42.3
421,230.7,183.6,139.534,61.5,43.1
421,313.3,264.3,140.001,58.0,41.1
423,208.0,104.7,135.267,60.8,206.0
423,192.6,97.4,135.534,59.2,205.4
423,186.5,94.5,135.667,52.2,203.2
423,183.6,93.1,135.734,58.5,205.3
423,180.8,91.7,135.8,61.2,207.2
423,175.3,88.9,135.934,60.1,205.1
423,173.2,87.8,136.0,55.4,208.0
423,170.7,86.8,136.067,49.5,201.6
423,163.9,83.4,136.267,47.5,203.4
423,159.7,81.2,136.4,57.2,204.5
423,156.0,79.9,136.534,58.8,208.4
423,154.1,79.0,136.6,53.7,204.8
423,152.4,78.1,136.667,58.0,207.2
423,150.9,77.2,136.734,57.5,209.9
423,144.7,74.2,137.0,45.6,201.6
423,141.9,73.1,137.134,49.1,204.6
423,139.4,71.6,137.267,59.2,211.6
423,138.5,70.9,137.334,61.1,217.6
423,133.1,68.4,137.6,44.9,202.5
423,132.0,67.9,137.667,48.6,207.3
423,130.0,66.7,137.801,46.4,205.7
423,127.2,65.4,138.001,44.6,206.2
423,126.3,65.0,138.067,43.5,206.5
423,125.4,64.5,138.134,52.0,208.8
423,124.5,64.0,138.201,48.8,206.6
423,122.6,63.4,138.334,46.9,204.4
423,120.1,62.2,138.534,47.5,207.4
423,119.0,61.8,138.601,51.2,202.7
423,118.2,61.3,138.667,55.9,209.3
423,115.9,60.6,138.867,43.7,208.2
423,111.1,58.1,139.334,50.6,209.8
423,108.9,57.0,139.601,49.1,207.2
423,106.7,55.6,139.867,59.4,212.5
423,106.3,55.3,139.934,48.5,219.3
424,222.5,99.9,135.267,60.4,202.8
424,210.7,95.0,135.467,57.0,202.1
424,204.0,92.2,135.6,55.6,200.5
424,200.7,91.1,135.667,52.9,199.0
424,181.9,83.2,136.134,53.4,199.9
424,179.7,82.2,136.2,57.4,203.5
424,169.4,78.5,136.534,49.5,200.9
424,159.6,74.8,136.867,48.8,200.5
424,156.7,73.0,137.0,47.3,204.2
424,151.0,70.5,137.267,58.7,204.4
424,148.4,69.4,137.4,53.6,203.0
424,147.1,68.9,137.467,45.3,201.6
424,145.0,67.6,137.6,43.2,204.5
424,144.1,67.1,137.667,52.2,209.9
424,141.9,66.2,137.801,51.7,206.2
424,136.4,63.7,138.134,50.4,198.8
424,130.5,61.8,138.534,61.1,208.7
427,87.2,56.9,135.467,43.6,31.8
427,89.1,57.9,135.8,48.9,36.2
427,91.6,59.8,136.2,56.7,42.0
427,93.4,60.9,136.4,45.5,25.2
427,95.1,62.6,136.734,59.2,38.1
427,96.3,63.5,136.867,58.2,48.5
427,96.6,64.0,136.934,43.0,48.0
427,98.5,64.9,137.134,43.2,32.9
427,100.4,65.8,137.267,54.7,29.8
427,105.3,69.9,137.801,45.3,46.1
427,107.0,70.9,137.934,44.4,32.3
427,109.0,72.8,138.134,43.1,42.8
427,113.0,75.5,138.401,45.2,37.6
427,114.7,76.8,138.534,52.0,39.1
427,115.9,77.6,138.601,49.6,33.8
427,119.0,79.7,138.801,53.8,42.8
427,121.8,81.8,138.934,47.4,31.2
427,122.8,82.7,139.001,50.2,44.4
427,123.9,83.7,139.067,52.1,42.3
427,125.2,84.7,139.134,48.1,36.4
427,126.5,85.8,139.201,52.5,39.7
427,128.0,86.8,139.267,46.5,33.5
427,129.7,87.8,139.334,46.2,31.2
427,131.3,88.9,139.401,48.0,33.6
427,132.8,89.9,139.467,43.5,33.2
427,134.5,90.9,139.534,44.1,32.1
427,136.3,92.1,139.601,49.6,34.5
427,137.6,93.6,139.667,58.4,48.1
427,139.5,94.9,139.734,48.9,34.4
427,141.3,96.5,139.801,59.1,41.6
427,143.3,97.7,139.867,43.8,31.9
427,145.2,99.3,139.934,54.6,39.4
427,147.2,100.7,140.001,46.6,34.9
427,149.4,102.5,140.067,57.4,39.1
427,151.7,104.3,140.134,55.1,38.3
427,154.1,106.0,140.201,48.5,34.0
427,156.6,107.7,140.267,49.8,35.5
427,159.1,109.6,140.334,52.4,37.5
427,161.8,111.8,140.401,56.7,38.4
427,164.6,114.3,140.467,61.0,41.1
427,167.8,116.7,140.534,57.5,37.5
427,170.6,119.3,140.601,58.4,42.4
427,173.8,122.1,140.667,59.0,41.3
427,177.4,125.0,140.734,60.4,39.7
427,185.6,131.5,140.867,57.9,38.1
427,190.1,134.9,140.934,59.5,38.1
427,194.4,138.6,141.001,58.9,40.1
427,199.4,142.6,141.067,60.1,38.4
427,204.6,146.9,141.134,60.9,40.1
427,209.8,151.3,141.201,58.7,40.4
427,215.9,156.1,141.267,59.0,37.9
427,228.9,167.2,141.401,60.7,40.4
427,236.3,173.5,141.467,61.1,40.1
427,244.4,180.1,141.534,60.4,39.6
427,298.2,227.4,141.867,60.7,41.7
427,348.6,266.5,142.067,49.3,31.4
432,86.9,65.7,137.2,56.8,67.1
432,90.1,69.2,137.734,56.9,57.1
432,91.3,70.4,137.867,50.9,53.8
432,93.1,71.8,138.067,44.2,45.8
432,96.1,74.3,138.401,56.3,50.5
432,96.7,75.0,138.467,45.8,49.3
432,99.1,77.1,138.667,51.5,55.7
432,99.9,78.0,138.734,50.9,49.7
432,101.9,80.1,138.934,47.9,59.3
432,103.1,81.0,139.001,49.0,37.8
432,104.1,82.0,139.067,51.4,42.3
432,104.9,82.9,139.134,50.3,50.7
432,106.0,83.9,139.201,47.0,41.8
432,108.1,85.8,139.334,48.3,43.1
432,110.1,87.8,139.467,49.5,45.9
432,112.6,89.9,139.601,51.0,45.9
432,117.2,94.3,139.867,52.1,44.5
432,118.5,95.6,139.934,44.2,43.3
432,120.3,96.8,140.001,44.2,35.1
432,122.2,98.5,140.067,57.6,42.0
432,123.9,100.1,140.134,50.9,42.7
432,125.3,101.7,140.201,51.7,50.4
432,127.0,103.4,140.267,51.1,44.5
432,128.8,104.9,140.334,42.8,39.8
432,130.6,106.5,140.401,46.1,41.6
432,132.2,108.5,140.467,52.0,50.2
432,136.1,113.0,140.601,52.2,48.9
432,138.3,115.3,140.667,53.0,45.7
432,140.8,117.6,140.734,52.5,43.4
432,143.1,120.2,140.801,54.7,48.4
432,145.3,122.8,140.867,52.2,49.1
432,148.1,125.4,140.934,50.5,42.4
432,150.9,128.3,141.001,54.1,47.3
432,153.1,131.4,141.067,53.6,53.9
432,156.9,135.1,141.134,60.2,44.1
432,160.6,138.6,141.201,55.0,44.0
432,164.1,142.3,141.267,53.8,45.8
432,167.9,146.3,141.334,54.8,46.9
432,171.6,150.7,141.401,56.2,49.7
432,176.1,155.4,141.467,56.5,46.3
432,180.7,160.4,141.534,56.2,47.2
432,185.5,165.7,141.601,55.5,48.1
432,191.2,171.5,141.667,56.0,45.5
432,196.5,177.7,141.734,55.4,49.3
432,202.9,184.6,141.801,57.3,47.3
432,209.7,192.1,141.867,56.8,47.8
432,217.0,200.4,141.934,56.9,48.7
432,225.4,209.2,142.001,56.2,46.6
432,234.4,219.2,142.067,56.7,47.8
432,244.2,230.3,142.134,57.0,48.4
432,255.3,243.0,142.201,58.2,49.0
432,267.3,257.1,142.267,57.1,49.6
439,92.1,62.1,139.001,57.8,39.9
439,96.1,64.9,139.467,51.3,57.4
439,99.7,67.1,139.801,60.6,74.0
439,102.8,69.1,140.067,54.1,45.8
439,106.9,71.8,140.401,47.3,34.4
439,108.7,73.0,140.534,43.5,35.1
439,109.4,73.6,140.601,45.2,42.4
439,110.9,75.1,140.734,61.8,41.6
439,112.1,75.8,140.801,48.2,31.6
439,113.2,76.5,140.867,42.8,32.4
439,115.1,77.8,141.001,51.0,38.7
439,117.3,79.2,141.134,42.9,39.0
439,119.6,80.9,141.267,52.0,37.0
439,120.9,81.9,141.334,55.0,39.2
439,122.1,82.8,141.401,48.5,36.5
439,123.2,83.8,141.467,51.0,41.3
439,124.3,84.9,141.534,56.2,46.3
439,125.6,86.0,141.601,50.2,38.0
439,126.9,87.0,141.667,49.3,39.9
439,128.7,88.0,141.734,44.1,28.5
439,129.5,89.0,141.801,45.2,51.9
439,130.9,90.1,141.867,46.3,38.7
439,132.9,91.6,141.934,61.0,35.6
439,134.4,92.8,142.001,49.4,39.5
439,135.5,93.9,142.067,44.4,45.3
439,139.9,96.8,142.201,43.4,31.9
439,141.8,98.6,142.267,61.0,41.8
439,144.0,100.2,142.334,53.2,36.4
439,146.2,101.8,142.401,54.2,37.6
439,148.4,103.7,142.467,58.2,39.8
439,150.7,105.6,142.534,54.7,38.6
439,153.3,107.4,142.601,53.2,35.7
439,156.0,109.3,142.667,52.6,35.9
439,158.5,111.4,142.734,54.5,39.7
439,161.4,113.6,142.801,56.0,37.2
439,167.3,118.7,142.934,54.6,41.2
439,170.7,121.5,143.001,60.5,40.0
439,174.0,124.4,143.067,59.1,41.1
439,177.7,127.2,143.134,55.9,37.9
439,186.1,134.2,143.267,61.4,39.3
439,190.5,137.8,143.334,59.0,39.7
439,195.2,141.7,143.401,59.7,39.5
439,206.1,150.8,143.534,61.7,39.8
439,211.8,155.8,143.601,61.6,41.0
439,225.1,167.0,143.734,61.4,40.0
439,240.4,180.1,143.867,61.6,40.6
439,344.8,266.6,144.401,48.8,29.4
442,435.8,199.6,139.001,60.4,213.9
442,234.3,105.8,140.401,60.9,202.5
442,229.8,104.1,140.467,58.9,201.0
442,213.8,97.5,140.734,54.8,199.8
442,207.5,94.5,140.867,55.5,202.8
442,200.9,91.8,141.001,54.4,200.5
442,198.2,90.8,141.067,42.9,198.8
442,195.3,89.8,141.134,50.1,199.9
442,192.6,88.6,141.201,56.7,203.6
442,190.1,87.5,141.267,54.7,203.1
442,182.7,84.2,141.467,49.8,202.6
442,180.4,83.2,141.534,55.1,203.4
442,178.2,82.4,141.601,51.8,202.2
442,173.8,81.0,141.734,48.8,200.5
442,170.0,79.0,141.867,59.1,205.7
442,168.0,78.2,141.934,59.3,204.5
442,166.2,77.4,142.001,50.5,202.3
442,159.8,74.7,142.267,49.1,201.0
442,158.2,74.1,142.334,49.2,203.2
442,150.9,71.0,142.667,51.9,204.1
442,148.3,69.6,142.801,50.5,203.4
442,147.1,69.0,142.867,50.3,205.6
442,145.3,68.4,142.934,57.8,199.5
442,141.7,67.2,143.134,49.6,198.1
442,135.9,64.5,143.534,49.2,214.4
442,132.2,63.2,143.801,58.6,203.5
442,120.7,58.0,144.801,44.0,202.7
442,119.8,57.6,144.867,59.3,205.6
442,117.9,56.7,145.134,56.5,214.0
448,87.4,66.0,142.401,52.4,41.0
448,90.6,69.1,142.801,53.4,55.8
448,91.0,69.7,142.867,50.5,56.7
448,93.1,71.8,143.134,46.2,43.2
448,97.5,75.8,143.534,43.2,34.5
448,98.2,76.5,143.601,44.2,47.8
448,99.7,77.9,143.734,49.8,51.9
448,100.6,78.7,143.801,49.9,44.3
448,102.3,80.4,143.934,55.6,58.4
448,103.2,81.3,144.001,51.3,47.7
448,104.1,82.3,144.067,49.9,45.6
448,106.0,84.0,144.201,46.0,41.2
448,107.1,84.9,144.267,44.7,40.1
448,108.2,86.0,144.334,51.1,46.6
448,109.3,87.2,144.401,53.2,44.7
448,110.5,88.2,144.467,45.6,41.0
448,111.8,89.4,144.534,48.1,42.9
448,112.9,90.6,144.601,50.8,48.5
448,114.1,91.9,144.667,52.9,48.1
448,116.9,94.3,144.801,47.0,43.8
448,118.2,95.8,144.867,56.6,50.1
448,119.8,97.6,144.934,59.1,46.8
448,121.2,99.1,145.001,51.3,48.0
448,123.1,100.7,145.067,52.6,41.0
448,124.7,102.3,145.134,48.5,44.9
448,126.5,103.8,145.201,44.2,39.2
448,128.4,105.7,145.267,54.1,45.3
448,130.2,107.7,145.334,55.9,47.5
448,132.4,109.7,145.401,53.0,42.3
448,134.7,112.0,145.467,57.4,45.7
448,137.0,114.4,145.534,56.2,45.3
448,139.4,116.8,145.601,54.5,44.5
448,142.1,119.4,145.667,57.3,44.3
448,144.7,122.3,145.734,59.9,48.8
448,147.5,125.3,145.801,58.2,47.0
448,150.4,128.3,145.867,55.7,46.0
448,153.8,131.6,145.934,57.6,43.7
448,157.0,135.1,146.001,56.0,47.6
448,160.7,139.0,146.067,60.2,46.1
448,164.7,143.0,146.134,59.2,45.4
448,168.9,147.4,146.201,59.1,46.4
448,172.9,152.1,146.267,59.3,49.7
448,177.9,157.3,146.334,61.2,46.5
448,182.9,162.9,146.401,60.1,48.0
448,188.5,169.0,146.467,61.7,47.4
448,194.6,175.6,146.534,60.7,47.1
448,201.1,182.6,146.601,59.0,47.2
448,216.3,199.5,146.734,61.2,48.2
448,225.0,209.1,146.801,61.1,47.8
448,257.6,246.2,147.001,61.2,48.6
448,271.2,261.6,147.067,60.6,48.5
450,97.1,64.9,142.601,54.6,54.3
450,101.3,67.9,143.001,53.2,25.5
450,102.8,68.9,143.134,54.2,37.3
450,104.5,69.9,143.267,46.9,33.5
450,107.0,71.8,143.467,42.6,36.8
450,108.5,73.2,143.601,58.7,56.8
450,109.4,73.9,143.667,47.3,37.0
450,110.4,74.7,143.734,50.8,36.2
450,111.4,75.4,143.801,50.6,37.2
450,112.4,76.1,143.867,43.7,34.2
450,113.5,76.8,143.934,44.6,33.0
450,114.7,77.6,144.001,49.0,34.8
450,115.7,78.5,144.067,53.1,40.0
450,117.7,80.0,144.201,48.2,32.3
450,119.0,81.0,144.267,56.7,37.0
450,120.3,82.0,144.334,53.4,37.0
450,121.7,83.0,144.401,52.8,36.8
450,123.2,84.1,144.467,53.5,35.5
450,124.4,85.3,144.534,60.3,44.1
450,127.4,87.4,144.667,49.3,35.9
450,128.8,88.5,144.734,49.6,37.6
450,130.5,89.8,144.801,56.7,36.6
450,132.1,90.9,144.867,44.9,34.7
450,133.8,92.1,144.934,48.8,35.1
450,139.5,96.5,145.134,61.7,37.4
450,141.4,97.8,145.201,45.2,33.3
450,146.0,101.4,145.334,56.2,39.7
450,148.2,103.3,145.401,60.7,41.7
450,150.6,105.3,145.467,59.0,39.2
450,153.5,107.4,145.534,59.9,35.9
450,156.2,109.5,145.601,57.8,37.5
450,159.0,111.5,145.667,53.7,36.8
450,161.9,114.0,145.734,61.7,40.4
450,164.7,116.4,145.801,56.5,39.8
450,171.9,122.0,145.934,61.7,37.4
450,179.6,128.4,146.067,61.0,38.5
450,350.8,268.7,147.267,44.3,22.4
451,82.1,60.6,144.134,46.6,39.5
451,84.8,63.0,144.534,58.8,44.9
451,86.8,65.5,144.867,57.2,51.8
451,87.3,66.0,144.934,45.6,46.9
451,89.1,67.6,145.134,43.9,36.5
451,90.8,68.9,145.334,56.1,47.4
451,91.9,69.9,145.467,49.3,45.1
451,93.1,71.1,145.601,52.2,50.7
451,94.0,71.8,145.667,55.3,43.0
451,94.6,72.5,145.734,42.5,42.8
451,96.1,73.9,145.867,58.2,47.9
451,96.8,74.7,145.934,56.2,51.0
451,98.3,76.0,146.067,45.5,41.9
451,99.0,76.7,146.134,44.1,43.0
451,101.2,79.2,146.334,43.3,53.0
451,102.2,80.1,146.401,47.1,41.3
451,103.0,81.0,146.467,49.9,49.7
451,103.7,82.0,146.534,51.8,54.7
451,104.9,83.1,146.601,55.1,42.5
451,105.8,84.0,146.667,45.9,44.9
451,107.0,85.1,146.734,52.5,42.4
451,109.4,87.7,146.867,50.9,43.0
451,110.6,88.8,146.934,48.2,42.5
451,112.0,89.9,147.001,47.2,39.3
451,114.7,92.2,147.134,51.2,40.4
451,116.0,93.5,147.201,50.9,45.6
451,119.1,96.8,147.334,52.0,44.9
451,120.7,98.5,147.401,60.4,47.5
451,122.4,100.0,147.467,46.9,39.7
451,124.2,101.7,147.534,53.1,43.7
451,126.2,103.6,147.601,59.1,45.0
451,128.2,105.6,147.667,57.1,44.3
451,130.5,107.6,147.734,55.7,41.6
451,132.8,109.7,147.801,54.6,42.3
451,137.5,114.6,147.934,56.3,42.6
451,140.0,117.0,148.001,54.8,43.2
451,142.8,119.7,148.067,59.6,44.7
451,148.3,126.0,148.201,57.3,46.4
451,151.4,129.4,148.267,61.4,47.4
451,154.9,133.0,148.334,60.7,45.1
451,158.8,136.8,148.401,60.7,44.8
451,181.8,161.7,148.734,61.4,44.6
451,277.1,264.6,149.401,58.7,44.0
452,66.0,53.8,143.401,55.3,71.3
452,66.3,54.1,143.467,44.9,39.7
452,68.8,56.7,144.267,56.2,65.4
452,70.0,58.6,144.667,45.0,61.9
452,70.4,59.0,144.734,49.3,52.6
452,71.1,59.9,144.934,48.7,44.6
452,72.8,62.0,145.267,51.0,57.2
452,73.0,62.4,145.334,43.4,60.7
452,73.2,63.0,145.401,61.0,70.3
452,76.8,66.9,146.001,50.3,47.9
452,77.5,67.9,146.134,47.7,64.9
452,78.0,68.7,146.201,58.5,55.2
452,78.7,69.8,146.334,54.5,58.0
452,78.9,70.3,146.401,42.6,71.2
452,80.1,71.7,146.534,56.6,48.5
452,80.5,72.3,146.601,47.2,60.0
452,81.1,73.0,146.667,45.6,48.4
452,81.6,73.7,146.734,46.0,58.6
452,84.1,76.9,147.001,50.2,46.6
452,84.6,78.3,147.134,43.2,74.3
452,85.8,79.2,147.201,48.8,37.6
452,87.4,81.3,147.334,46.5,53.8
452,88.4,82.5,147.401,59.2,49.3
452,89.2,83.6,147.467,50.8,52.7
452,90.0,84.5,147.534,43.7,50.1
452,90.9,85.6,147.601,48.5,48.5
452,91.7,86.8,147.667,54.8,57.5
452,92.6,87.8,147.734,42.4,46.3
452,94.8,90.7,147.867,55.0,55.2
452,95.6,91.9,147.934,46.9,57.8
452,96.4,93.4,148.001,53.8,62.2
452,97.2,94.8,148.067,52.5,61.0
452,98.9,96.3,148.134,51.8,40.9
452,101.4,99.8,148.267,48.8,58.7
452,102.9,101.8,148.334,61.3,52.9
452,104.0,103.5,148.401,48.0,56.3
452,105.6,105.3,148.467,51.8,49.2
452,107.1,107.6,148.534,59.8,56.6
452,108.8,110.0,148.601,60.6,54.4
452,110.5,112.2,148.667,53.8,53.5
452,111.8,114.5,148.734,52.5,59.4
452,113.6,117.1,148.801,58.2,56.3
452,115.7,119.9,148.867,58.6,52.7
452,120.3,126.3,149.001,58.8,54.5
452,127.8,138.4,149.201,60.0,55.9
452,130.7,142.6,149.267,59.2,55.1
452,137.4,152.6,149.401,60.6,52.6
452,141.2,157.8,149.467,59.1,54.6
452,154.3,177.3,149.667,60.4,55.2
453,89.5,66.9,143.534,47.3,40.2
453,90.2,67.6,143.601,56.7,42.9
453,93.8,71.1,144.067,43.2,56.4
453,94.3,71.7,144.134,47.9,50.0
453,95.7,72.9,144.267,55.0,43.5
453,98.3,75.0,144.467,45.1,34.4
453,99.0,75.9,144.534,54.9,50.8
453,99.8,76.6,144.601,47.3,43.9
453,101.5,78.0,144.734,46.0,37.1
453,102.6,78.8,144.801,46.8,37.4
453,104.0,80.4,144.934,52.7,59.9
453,106.6,82.8,145.134,45.9,39.9
453,107.3,83.8,145.201,47.3,52.6
453,108.4,85.0,145.267,60.4,49.1
453,109.6,86.1,145.334,50.6,40.9
453,112.8,89.0,145.534,49.7,46.5
453,113.9,90.2,145.601,50.4,48.0
453,115.2,91.8,145.667,61.5,47.8
453,119.4,95.5,145.867,60.5,52.2
453,120.8,96.9,145.934,46.1,42.6
453,122.1,98.5,146.001,56.7,52.9
453,123.8,100.0,146.067,47.2,39.7
453,125.7,101.7,146.134,53.4,42.5
453,127.4,103.6,146.201,57.0,47.1
453,129.3,105.4,146.267,53.7,44.9
453,131.1,107.3,146.334,52.7,46.8
453,132.9,109.3,146.401,53.1,47.8
453,135.0,111.4,146.467,52.1,44.0
453,137.3,113.5,146.534,51.1,43.2
453,139.7,116.0,146.601,59.0,46.2
453,142.0,118.5,146.667,54.7,46.5
453,143.9,121.1,146.734,54.6,54.7
453,147.0,124.0,146.801,57.8,43.3
453,149.6,127.1,146.867,57.2,49.4
453,152.9,130.3,146.934,58.2,44.6
453,155.9,134.0,147.001,61.1,50.8
453,159.3,137.8,147.067,58.7,47.4
453,163.1,141.6,147.134,56.6,45.3
453,171.3,150.8,147.267,60.5,48.9
453,176.4,155.9,147.334,60.6,45.0
453,181.4,161.2,147.401,59.4,46.7
453,186.9,167.0,147.467,59.9,46.6
453,192.3,173.5,147.534,60.6,49.9
453,198.7,180.4,147.601,60.4,47.3
453,205.7,188.1,147.667,60.6,47.6
453,222.9,205.9,147.801,60.9,45.9
453,232.2,216.3,147.867,61.3,48.1
453,283.4,267.4,148.134,45.5,35.3
454,97.1,65.5,144.001,54.5,47.2
454,98.0,66.1,144.067,56.9,35.9
454,103.1,69.0,144.467,60.5,34.4
454,104.2,70.0,144.601,45.7,46.3
454,105.7,71.1,144.734,43.9,41.4
454,107.7,72.2,144.867,54.3,31.5
454,108.4,73.0,144.934,55.1,44.7
454,109.3,73.8,145.001,58.7,42.6
454,111.3,75.0,145.134,45.6,28.1
454,112.2,75.7,145.201,47.9,39.5
454,113.0,76.4,145.267,46.5,41.8
454,114.0,77.3,145.334,51.7,39.1
454,115.2,78.1,145.401,49.4,34.1
454,116.6,79.0,145.467,50.6,32.0
454,117.8,79.8,145.534,48.7,34.7
454,119.0,80.8,145.601,57.5,41.8
454,120.2,81.7,145.667,49.9,36.7
454,121.4,82.8,145.734,54.9,40.0
454,122.5,83.9,145.801,57.7,46.7
454,123.9,84.9,145.867,49.5,35.7
454,125.3,85.9,145.934,45.4,33.5
454,126.9,87.0,146.001,51.2,34.1
454,128.6,88.0,146.067,47.1,31.7
454,130.0,89.2,146.134,53.0,40.4
454,131.5,90.3,146.201,48.3,36.7
454,133.2,91.6,146.267,52.3,36.8
454,134.8,93.0,146.334,55.7,41.1
454,136.9,94.4,146.401,55.7,34.3
454,138.9,95.9,146.467,54.4,37.2
454,140.9,97.5,146.534,58.1,39.2
454,142.8,99.1,146.601,53.3,38.5
454,145.1,100.8,146.667,58.5,38.2
454,147.3,102.5,146.734,53.7,36.9
454,149.7,104.5,146.801,61.6,40.4
454,152.1,106.3,146.867,51.8,35.7
454,155.1,108.4,146.934,59.5,35.5
454,158.0,110.5,147.001,56.6,36.5
454,161.0,112.9,147.067,60.2,38.3
454,163.7,115.4,147.134,60.5,42.8
454,170.7,120.8,147.267,59.6,35.8
454,174.2,123.8,147.334,61.8,40.3
454,339.8,264.8,148.601,57.4,34.9
455,105.6,70.9,143.867,61.4,47.3
455,106.5,71.5,143.934,43.1,32.6
455,109.1,73.1,144.134,58.5,52.1
455,110.0,73.9,144.201,51.0,39.5
455,111.9,75.6,144.334,52.8,43.6
455,115.7,78.9,144.601,59.8,47.4
455,118.1,80.5,144.734,44.6,30.6
455,119.3,81.4,144.801,50.0,36.3
455,120.9,82.5,144.867,61.0,36.5
455,122.1,83.4,144.934,46.4,35.6
455,126.2,86.8,145.134,53.9,38.0
455,127.6,87.8,145.201,47.4,36.5
455,130.8,89.9,145.334,49.9,34.7
455,132.6,91.1,145.401,47.4,33.0
455,133.9,92.5,145.467,58.7,46.9
455,135.9,93.9,145.534,52.5,33.9
455,137.8,95.2,145.601,50.2,34.8
455,139.8,96.8,145.667,57.6,38.9
455,141.8,98.3,145.734,53.4,37.4
455,143.8,100.0,145.801,57.8,40.0
455,146.1,101.9,145.867,59.3,38.6
455,148.3,103.6,145.934,55.2,38.7
455,150.8,105.6,146.001,57.5,37.7
455,153.5,107.5,146.067,54.6,35.6
455,156.2,109.5,146.134,55.2,36.6
455,158.9,111.6,146.201,55.7,38.8
455,161.8,113.8,146.267,54.9,36.4
455,175.9,125.2,146.534,60.8,39.1
455,179.9,128.4,146.601,61.8,39.6
455,204.1,148.4,146.934,60.8,38.7
455,348.0,267.1,147.801,48.7,26.8
456,91.6,61.1,144.267,48.1,41.7
456,92.4,61.9,144.401,47.6,38.0
456,96.6,65.0,144.867,61.4,50.2
456,98.5,66.5,145.067,44.1,38.1
456,99.3,67.0,145.134,50.2,34.1
456,101.7,68.6,145.334,51.1,41.5
456,102.5,69.1,145.401,43.2,33.7
456,104.8,71.0,145.601,61.0,49.6
456,105.7,71.7,145.667,54.8,36.8
456,106.8,72.4,145.734,45.9,32.1
456,109.3,74.7,145.934,60.3,44.6
456,110.3,75.4,146.001,43.8,32.3
456,112.5,76.9,146.134,50.8,34.4
456,113.7,77.9,146.201,61.5,41.3
456,114.5,78.6,146.267,46.5,42.1
456,116.7,80.1,146.401,45.4,31.5
456,117.9,81.2,146.467,60.9,43.8
456,119.2,82.3,146.534,58.7,40.5
456,120.4,83.4,146.601,52.6,39.6
456,121.8,84.4,146.667,52.2,37.0
456,124.8,87.0,146.801,52.9,39.1
456,127.5,88.9,146.934,42.8,29.6
456,129.6,90.1,147.001,50.8,30.1
456,133.2,93.0,147.134,51.7,35.0
456,135.5,94.6,147.201,58.7,33.8
456,137.4,96.0,147.267,52.8,37.4
456,139.8,97.7,147.334,59.8,34.8
456,141.9,99.3,147.401,56.9,38.0
456,144.2,101.0,147.467,55.8,36.2
456,146.5,102.8,147.534,57.2,39.0
456,149.0,104.8,147.601,59.1,37.5
456,151.5,106.6,147.667,52.0,35.2
456,154.3,108.6,147.734,56.3,36.2
456,159.9,113.4,147.867,56.9,40.1
456,170.8,122.0,148.067,61.5,34.0
459,66.5,55.6,146.534,51.5,51.0
459,70.8,60.6,147.734,50.8,52.1
459,71.4,61.6,147.934,52.3,73.9
459,73.6,63.0,148.201,43.3,56.9
459,75.2,65.5,148.534,47.9,43.0
459,75.6,66.0,148.601,47.1,48.9
459,76.3,66.9,148.734,59.3,62.6
459,77.2,68.9,149.001,52.8,89.2
459,77.4,69.6,149.067,54.1,73.4
459,78.9,70.8,149.201,47.8,46.7
459,79.8,71.9,149.334,55.6,47.7
459,80.8,73.1,149.467,57.9,54.6
459,83.7,76.8,149.801,58.8,51.4
459,84.3,77.7,149.867,52.3,55.0
459,86.4,80.7,150.134,57.0,62.7
459,87.3,81.9,150.201,57.5,51.2
459,87.9,82.9,150.267,52.1,59.2
459,88.7,83.9,150.334,47.9,52.0
459,89.5,85.1,150.401,56.2,55.5
459,90.9,87.8,150.534,51.0,58.4
459,91.2,88.9,150.601,45.5,70.3
459,93.5,91.3,150.734,53.6,44.5
459,95.2,93.8,150.867,54.6,59.6
459,96.5,95.0,150.934,45.0,46.1
459,97.2,96.6,151.001,53.1,65.6
459,98.8,99.7,151.134,60.8,71.2
459,101.7,103.7,151.267,56.3,52.8
459,105.0,107.2,151.401,55.5,51.1
459,106.0,109.1,151.467,47.8,60.7
459,107.5,111.4,151.534,55.9,57.4
459,108.9,113.7,151.601,54.2,58.0
459,110.5,116.2,151.667,55.9,58.0
459,112.0,118.7,151.734,52.3,58.8
459,113.7,121.5,151.801,55.6,58.8
459,115.7,124.4,151.867,56.2,55.9
459,117.8,127.5,151.934,55.1,54.7
459,119.2,131.0,152.001,59.9,69.2
459,121.7,134.4,152.067,53.4,52.7
459,124.1,138.1,152.134,56.5,57.2
459,130.1,146.9,152.267,57.5,53.0
459,132.7,151.8,152.334,59.9,62.2
459,136.5,156.9,152.401,58.0,53.2
459,139.8,162.3,152.467,57.6,58.5
459,144.1,168.5,152.534,59.8,55.0
459,148.4,175.4,152.601,61.8,58.4
459,152.7,182.4,152.667,57.0,58.4
459,157.9,190.5,152.734,60.7,57.3
459,163.1,199.3,152.801,59.6,59.5
459,169.4,209.3,152.867,60.9,57.9
459,176.4,220.3,152.934,60.6,57.4
459,183.7,232.8,153.001,60.7,59.7
459,192.2,246.9,153.067,60.8,59.0
459,201.0,262.7,153.134,59.0,60.9
462,241.5,98.6,150.134,54.7,197.6
462,237.5,97.2,150.201,58.7,199.5
462,226.3,92.9,150.401,57.2,197.0
462,222.8,91.8,150.467,54.8,198.3
462,219.4,90.7,150.534,49.9,196.6
462,216.1,89.6,150.601,57.1,199.3
462,213.6,88.6,150.667,51.5,201.8
462,210.9,87.6,150.734,49.9,199.5
462,208.0,86.7,150.801,49.0,197.2
462,202.7,84.8,150.934,48.2,197.8
462,199.7,83.8,151.001,53.5,197.2
462,193.0,80.9,151.201,50.1,199.7
462,191.0,80.0,151.267,55.2,202.6
462,188.4,79.3,151.334,51.7,197.1
462,184.3,78.1,151.467,49.4,199.2
462,176.4,74.8,151.734,60.0,202.1
462,169.7,72.7,152.001,52.4,202.5
462,166.7,71.2,152.134,55.9,203.6
462,160.8,69.1,152.401,58.9,199.7
462,158.1,68.2,152.534,56.8,203.6
462,153.4,67.2,152.801,49.3,192.8
462,145.5,63.1,153.334,56.8,199.7
464,216.0,109.0,150.401,58.2,205.4
464,211.7,107.1,150.467,56.8,203.6
464,204.2,103.5,150.601,53.3,205.1
464,193.7,98.1,150.801,58.3,205.6
464,190.7,96.7,150.867,55.9,205.6
464,187.7,95.1,150.934,60.7,207.2
464,184.9,93.8,151.001,55.5,205.1
464,182.1,92.7,151.067,44.3,200.6
464,176.9,90.0,151.201,55.9,204.1
464,171.9,87.5,151.334,52.5,205.4
464,169.7,86.5,151.401,51.2,204.8
464,165.4,84.1,151.534,60.1,209.3
464,163.2,83.2,151.601,48.9,201.9
464,159.7,81.1,151.734,54.1,210.3
464,156.2,79.7,151.867,58.2,209.4
464,152.8,77.9,152.001,45.3,204.6
464,148.2,75.5,152.201,52.2,206.4
464,146.9,74.9,152.267,46.4,206.0
464,145.6,74.2,152.334,48.6,207.4
464,141.7,72.1,152.534,54.9,207.7
464,139.2,71.1,152.667,55.2,206.9
464,136.3,70.0,152.801,53.7,203.5
464,135.2,69.4,152.867,55.2,210.4
464,131.2,67.3,153.134,58.0,213.2
464,129.4,66.5,153.267,61.6,207.8
464,125.7,64.7,153.534,45.6,201.5
464,120.6,62.1,153.934,59.6,209.8
464,118.6,61.0,154.134,56.0,227.7
464,115.7,59.7,154.401,53.9,214.5
465,214.8,109.6,149.467,59.6,204.9
465,203.0,103.5,149.667,58.1,206.6
465,199.9,101.7,149.734,61.1,209.9
465,196.8,100.1,149.801,56.9,207.8
465,193.6,98.5,149.867,58.6,206.6
465,190.8,96.9,149.934,61.1,210.0
465,188.1,95.4,150.001,61.4,209.6
465,185.5,93.9,150.067,58.6,208.5
465,182.8,92.8,150.134,46.8,202.4
465,180.5,91.7,150.201,49.5,205.9
465,178.0,90.4,150.267,58.4,207.2
465,169.5,86.8,150.467,47.1,199.6
465,167.2,85.9,150.534,47.9,202.4
465,165.0,84.8,150.601,54.6,205.7
465,163.3,84.0,150.667,45.1,206.1
465,163.2,83.0,150.734,55.4,262.4
465,162.3,82.1,150.801,56.5,226.2
465,158.7,81.1,150.867,55.7,195.6
465,156.2,80.1,150.934,61.2,202.4
465,154.5,79.1,151.001,58.2,207.9
465,149.7,77.1,151.201,50.7,206.6
465,146.7,75.3,151.334,55.7,207.0
465,144.0,74.1,151.467,50.0,205.2
465,142.6,73.5,151.534,47.4,203.9
465,141.4,72.7,151.601,57.9,211.2
465,140.3,72.2,151.667,43.4,207.2
465,139.2,71.5,151.734,55.9,211.8
465,134.2,69.4,152.001,56.8,209.8
465,133.1,68.8,152.067,56.6,209.9
465,132.2,68.1,152.134,57.3,213.8
465,130.2,67.2,152.267,56.7,205.0
465,121.6,63.1,152.934,56.9,214.1
465,120.7,62.7,153.001,47.6,205.1
465,119.7,62.2,153.067,48.3,204.8
465,107.8,56.4,154.334,43.7,208.1
469,432.5,222.7,151.134,59.7,215.1
469,220.0,110.0,152.467,56.7,202.3
469,206.9,103.7,152.667,60.1,206.6
469,199.1,100.0,152.801,54.9,201.2
469,190.0,95.1,153.001,58.8,207.7
469,187.2,93.6,153.067,61.2,207.4
469,184.6,92.3,153.134,57.1,207.3
469,178.9,89.6,153.267,58.1,200.5
469,176.4,88.6,153.334,47.9,202.0
469,173.6,87.4,153.401,61.7,204.6
469,171.2,86.2,153.467,57.0,205.0
469,168.6,85.1,153.534,60.3,203.8
469,164.4,83.0,153.667,49.6,205.6
469,156.9,79.9,153.934,60.2,209.0
469,152.9,78.0,154.067,56.3,204.0
469,151.2,77.1,154.134,57.9,207.6
469,148.4,75.5,154.267,43.1,205.3
469,147.2,74.8,154.334,45.4,206.6
469,142.9,72.8,154.534,51.2,204.8
469,141.4,72.0,154.601,59.7,206.9
469,140.4,71.4,154.667,54.8,212.2
469,138.7,70.3,154.801,53.7,219.5
469,132.9,68.0,155.067,57.5,203.0
469,131.9,67.4,155.134,61.5,213.7
469,129.9,66.5,155.267,43.7,201.2
469,127.2,65.2,155.467,54.3,213.7
469,116.4,60.3,156.267,57.8,217.8
471,71.6,61.5,152.067,45.2,59.8
471,71.7,62.0,152.134,48.0,77.5
471,72.2,62.7,152.267,58.9,62.0
471,72.6,63.1,152.334,42.8,48.6
471,72.7,63.7,152.401,54.1,78.1
471,73.0,64.2,152.467,45.2,55.6
471,74.5,66.7,152.867,49.4,75.5
471,76.2,68.9,153.134,57.5,57.0
471,76.7,69.9,153.267,49.7,62.8
471,77.2,71.1,153.401,52.6,77.3
471,77.8,72.0,153.534,45.4,67.0
471,77.8,72.9,153.601,59.2,85.7
471,81.6,76.8,154.001,59.1,53.6
471,82.2,77.8,154.067,55.1,59.4
471,84.0,81.7,154.401,53.9,71.1
471,84.2,82.7,154.467,51.6,75.7
471,86.0,84.6,154.601,46.6,43.2
471,88.0,86.5,154.734,48.0,36.9
471,90.3,89.5,154.934,44.1,54.3
471,90.9,90.7,155.001,45.2,63.3
471,91.4,92.0,155.067,49.1,70.1
471,92.4,93.1,155.134,43.1,48.1
471,93.3,94.4,155.201,47.5,57.6
471,95.0,97.2,155.334,50.8,59.1
471,95.8,98.8,155.401,51.0,65.0
471,96.8,100.6,155.467,55.9,60.7
471,97.4,102.4,155.534,55.2,70.4
471,100.7,105.7,155.667,50.2,45.6
471,102.4,107.6,155.734,51.0,47.9
471,103.8,109.6,155.801,51.8,55.4
471,105.1,111.6,155.867,47.2,57.2
471,106.3,114.1,155.934,59.2,63.8
471,107.8,116.5,156.001,51.8,57.2
471,109.1,119.1,156.067,54.4,64.1
471,110.7,121.8,156.134,53.1,59.3
471,112.7,124.5,156.201,52.3,54.7
471,114.7,127.4,156.267,52.4,55.1
471,116.9,130.9,156.334,58.8,57.4
471,118.4,134.3,156.401,53.1,66.4
471,120.7,138.0,156.467,55.4,58.1
471,123.3,142.0,156.534,56.4,56.9
471,125.7,146.1,156.601,54.2,59.6
471,128.7,150.8,156.667,58.6,57.2
471,131.7,155.6,156.734,55.7,58.4
471,135.1,160.5,156.801,52.5,54.8
471,138.4,166.0,156.867,55.2,59.2
471,141.9,172.3,156.934,57.5,61.4
471,145.6,179.0,157.001,56.4,60.7
471,150.4,186.0,157.067,55.7,55.9
471,155.3,194.1,157.134,57.6,58.7
471,160.7,203.0,157.201,57.8,58.8
471,166.3,212.6,157.267,56.5,60.0
471,172.3,223.4,157.334,56.5,60.8
471,179.1,235.6,157.401,57.2,60.9
471,187.0,249.4,157.467,58.0,60.0
471,195.8,264.1,157.534,54.7,59.2
472,85.2,55.8,151.467,57.0,44.0
472,85.5,56.2,151.534,61.6,56.9
472,89.2,58.9,152.134,56.9,56.8
472,90.1,59.6,152.267,49.8,32.9
472,90.5,60.0,152.334,45.9,44.8
472,92.3,60.9,152.534,52.8,51.0
472,95.1,63.3,152.867,48.1,37.3
472,96.0,63.9,153.001,61.2,53.2
472,100.1,66.8,153.401,57.5,41.6
472,101.0,67.8,153.534,50.4,47.1
472,104.4,70.2,153.801,44.6,26.7
472,105.6,70.9,153.867,52.8,31.0
472,108.3,72.9,154.067,52.4,43.2
472,109.5,73.7,154.134,58.4,33.7
472,110.2,74.4,154.201,46.3,45.4
472,112.1,75.9,154.334,56.2,43.9
472,114.5,77.9,154.467,58.6,36.7
472,115.7,78.7,154.534,52.4,35.7
472,118.1,80.3,154.667,47.1,33.9
472,119.4,81.3,154.734,58.7,39.3
472,123.3,84.9,154.934,50.5,39.6
472,124.6,86.0,155.001,53.1,39.5
472,126.2,87.0,155.067,46.2,32.6
472,127.8,88.0,155.134,43.2,31.0
472,130.7,90.7,155.267,56.1,40.1
472,132.8,92.0,155.334,52.0,30.8
472,134.9,93.5,155.401,57.3,35.5
472,136.9,94.8,155.467,51.8,33.9
472,141.6,98.2,155.601,61.2,35.9
472,143.9,99.9,155.667,58.4,37.0
472,146.0,101.7,155.734,57.9,39.9
472,150.9,105.7,155.867,57.8,38.5
472,153.5,107.8,155.934,59.6,39.0
472,346.3,266.3,157.534,54.5,28.8
473,433.6,195.5,152.067,61.7,207.4
473,295.6,132.5,152.867,61.2,204.4
473,269.4,121.2,153.134,58.0,202.1
473,259.0,116.3,153.267,56.6,203.3
473,244.9,109.6,153.467,61.4,205.0
473,235.9,105.8,153.601,53.6,199.9
473,232.1,104.5,153.667,44.3,198.5
473,228.3,102.8,153.734,59.8,204.4
473,224.8,101.5,153.801,47.3,200.5
473,217.7,98.6,153.934,45.5,199.0
473,208.1,94.6,154.134,55.7,202.6
473,201.7,91.9,154.267,55.3,202.0
473,199.3,90.8,154.334,50.5,204.2
473,196.8,89.9,154.401,42.8,200.2
473,194.2,89.0,154.467,45.0,199.6
473,192.0,87.9,154.534,53.8,205.2
473,189.7,87.1,154.601,43.2,200.6
473,187.4,86.0,154.667,55.9,204.3
473,184.8,85.0,154.734,56.8,201.9
473,182.6,83.9,154.801,60.9,206.6
473,181.0,83.1,154.867,44.2,205.1
473,178.5,82.2,154.934,55.2,201.3
473,165.9,77.0,155.401,53.3,201.0
473,164.4,76.1,155.467,60.5,210.2
473,162.3,75.0,155.601,53.7,218.8
473,157.6,73.6,155.801,51.5,202.2
473,156.1,72.9,155.867,52.3,204.4
473,153.5,71.4,156.001,56.1,204.7
473,150.1,69.9,156.201,52.0,204.8
473,146.8,68.4,156.401,55.1,209.4
473,140.3,65.5,156.867,43.6,199.6
473,134.9,63.4,157.201,53.9,196.0
473,127.8,59.9,157.867,45.2,229.8
473,121.6,57.9,158.401,44.2,205.9
474,295.3,132.4,153.601,61.4,203.1
474,282.1,126.6,153.734,60.3,204.6
474,275.6,124.1,153.801,58.7,201.5
474,269.7,121.5,153.867,59.5,202.8
474,259.6,116.4,154.001,59.4,204.3
474,254.8,114.2,154.067,59.8,204.9
474,245.3,110.2,154.201,54.1,200.9
474,241.0,108.3,154.267,57.5,203.5
474,236.7,106.6,154.334,56.3,202.3
474,232.6,104.8,154.401,58.6,202.8
474,229.0,103.3,154.467,53.5,203.5
474,225.5,101.7,154.534,56.2,204.2
474,215.7,97.7,154.734,49.7,203.0
474,212.3,96.4,154.801,54.7,202.0
474,209.0,95.2,154.867,48.9,199.1
474,206.7,94.0,154.934,51.2,207.8
474,203.9,92.8,155.001,55.6,204.3
474,201.0,91.7,155.067,47.4,199.6
474,198.4,90.7,155.134,49.4,202.0
474,193.7,88.3,155.267,54.4,202.0
474,191.3,87.4,155.334,44.9,200.7
474,186.6,85.8,155.467,47.7,199.0
474,184.7,84.9,155.534,48.9,204.5
474,182.8,84.0,155.601,49.6,205.0
474,181.2,83.0,155.667,57.8,211.7
474,179.4,82.0,155.734,61.7,209.6
474,177.1,81.1,155.801,51.6,200.7
474,173.3,79.9,155.934,55.4,203.9
474,170.0,78.0,156.067,57.9,206.1
474,166.7,77.0,156.201,45.3,200.8
474,162.5,74.9,156.401,56.8,210.1
474,159.5,74.0,156.534,46.6,200.0
474,155.6,72.1,156.734,48.0,203.7
474,152.8,71.2,156.867,55.3,209.4
474,132.0,62.3,158.267,49.5,205.1
474,129.8,61.2,158.467,58.4,206.6
478,83.7,54.5,153.801,55.6,42.3
478,89.7,58.6,154.734,49.9,38.1
478,90.0,59.0,154.801,58.9,52.9
478,92.3,61.2,155.201,58.7,32.2
478,92.7,62.5,155.401,43.6,54.9
478,100.1,66.5,156.134,53.0,61.0
478,100.8,67.0,156.201,46.5,34.8
478,106.3,71.1,156.734,49.8,47.0
478,111.4,74.8,157.134,57.8,42.6
478,114.1,76.8,157.334,49.0,36.6
478,115.2,77.7,157.401,57.2,39.9
478,116.3,78.4,157.467,42.8,33.5
478,118.5,79.8,157.601,48.5,35.9
478,120.7,81.9,157.734,52.0,38.1
478,122.0,83.0,157.801,53.1,38.4
478,123.3,83.8,157.867,45.2,35.6
478,124.6,84.7,157.934,44.4,34.6
478,125.9,85.8,158.001,51.5,37.9
478,127.2,86.8,158.067,48.3,39.5
478,128.6,87.8,158.134,45.0,34.0
478,130.0,89.0,158.201,51.5,41.0
478,131.3,90.0,158.267,45.0,38.2
478,134.6,92.1,158.401,44.4,33.6
478,136.4,93.5,158.467,55.4,37.7
478,138.2,94.8,158.534,50.0,36.8
478,140.1,96.3,158.601,56.2,39.1
478,141.9,97.8,158.667,51.5,38.2
478,143.8,99.3,158.734,51.0,38.3
478,145.8,100.8,158.801,49.1,35.9
478,147.7,102.6,158.867,57.8,43.6
478,149.6,104.4,158.934,56.3,44.2
478,152.0,106.0,159.001,46.9,34.6
478,154.6,107.9,159.067,53.1,35.3
478,157.4,110.0,159.134,55.8,36.1
478,160.1,112.2,159.201,57.7,39.3
478,163.0,114.6,159.267,60.0,40.4
478,165.9,116.8,159.334,52.4,37.4
478,168.7,119.4,159.401,56.7,41.9
478,171.9,122.2,159.467,59.2,40.9
478,175.5,125.0,159.534,57.0,38.4
478,179.3,128.2,159.601,61.4,39.9
478,183.3,131.3,159.667,57.0,38.5
478,187.6,134.8,159.734,59.1,38.9
478,192.1,138.6,159.801,61.6,40.2
478,196.9,142.7,159.867,60.4,40.1
478,201.6,147.0,159.934,60.3,42.2
478,206.9,151.2,160.001,56.4,38.9
478,212.9,156.2,160.067,61.5,40.0
478,219.4,161.6,160.134,61.5,39.3
478,233.4,173.9,160.267,60.8,41.6
478,249.6,188.4,160.401,61.5,41.8
478,259.1,196.6,160.467,60.6,40.6
478,293.2,227.6,160.667,61.7,42.8
478,307.5,240.3,160.734,61.8,41.7
478,342.3,266.2,160.867,49.0,30.5
482,74.0,62.7,155.534,51.8,78.8
482,75.6,66.8,156.134,55.6,47.4
482,76.3,67.3,156.201,42.8,40.4
482,76.6,67.9,156.267,45.6,61.7
482,77.3,69.0,156.401,43.5,55.1
482,77.7,69.8,156.467,60.5,66.6
482,78.5,71.0,156.601,51.7,66.6
482,81.5,76.1,157.134,43.2,70.4
482,82.0,77.1,157.201,61.2,61.6
482,82.9,78.0,157.267,47.9,45.3
482,83.6,78.9,157.334,47.5,49.4
482,83.9,79.9,157.401,58.2,73.1
482,84.1,80.8,157.467,46.2,77.9
482,88.0,85.9,157.801,55.3,64.3
482,88.4,87.0,157.867,49.4,69.7
482,91.5,91.6,158.134,59.6,66.6
482,92.4,92.9,158.201,50.3,57.9
482,93.3,94.1,158.267,43.1,50.8
482,94.4,95.7,158.334,54.3,56.0
482,96.2,98.6,158.467,55.0,58.9
482,97.5,100.6,158.534,60.8,55.7
482,98.6,102.4,158.601,54.9,59.2
482,99.4,104.2,158.667,49.6,66.1
482,100.6,105.9,158.734,48.2,55.7
482,102.2,107.8,158.801,48.3,48.1
482,103.5,110.2,158.867,60.7,63.2
482,104.1,112.6,158.934,57.1,75.3
482,105.6,114.6,159.001,45.2,53.2
482,107.5,117.3,159.067,58.7,54.3
482,109.3,120.1,159.134,57.7,57.9
482,111.4,122.9,159.201,55.7,53.7
482,113.5,126.0,159.267,57.0,55.6
482,115.6,129.3,159.334,57.6,57.1
482,119.9,136.9,159.467,57.2,60.2
482,122.1,140.7,159.534,55.0,60.2
482,124.9,145.0,159.601,57.6,57.0
482,127.9,149.8,159.667,59.9,58.3
482,130.8,154.7,159.734,58.0,59.5
482,133.6,160.2,159.801,58.4,62.7
482,137.6,166.0,159.867,58.7,55.3
482,140.6,172.5,159.934,58.8,65.4
482,145.4,179.3,160.001,58.1,54.7
482,150.2,187.0,160.067,60.0,58.1
482,155.0,195.3,160.134,58.3,59.9
482,160.6,204.8,160.201,60.4,59.2
482,166.8,215.5,160.267,61.2,60.1
482,173.6,227.2,160.334,59.7,59.8
482,181.0,240.4,160.401,59.7,60.6
482,189.4,255.5,160.467,60.3,61.3
482,198.7,266.6,160.534,42.4,49.7
485,244.4,110.0,155.267,61.0,202.2
485,239.9,108.3,155.334,53.4,200.4
485,231.3,104.4,155.467,61.4,204.3
485,227.6,102.8,155.534,55.8,203.5
485,223.9,101.1,155.601,60.4,204.1
485,220.4,99.8,155.667,51.8,201.5
485,217.1,98.3,155.734,55.5,204.0
485,213.6,96.8,155.801,59.6,203.0
485,210.6,95.4,155.867,58.4,204.6
485,209.9,94.1,155.934,56.3,242.9
485,205.7,92.9,156.001,55.2,196.6
485,204.3,91.9,156.067,46.8,215.6
485,200.1,90.8,156.134,48.9,194.1
485,197.0,89.8,156.201,50.7,198.5
485,194.6,88.7,156.267,55.9,205.8
485,189.8,87.0,156.401,45.8,201.3
485,187.5,86.0,156.467,55.7,204.2
485,185.4,85.0,156.534,55.2,205.7
485,183.2,84.0,156.601,53.8,204.0
485,181.3,83.2,156.667,48.5,203.6
485,179.4,82.3,156.734,49.5,203.9
485,177.6,81.5,156.801,47.0,203.8
485,174.6,80.1,156.934,55.1,197.3
485,172.4,79.2,157.001,56.6,201.8
485,170.4,78.5,157.067,44.7,199.2
485,167.2,77.2,157.201,55.1,204.7
485,164.4,75.9,157.334,47.8,204.7
485,162.9,75.2,157.401,48.0,203.4
485,157.7,73.2,157.667,49.6,209.2
485,156.3,72.6,157.734,44.5,201.7
485,155.0,72.1,157.801,42.6,201.5
485,152.4,70.2,158.067,55.2,211.6
485,146.6,67.4,158.401,59.3,217.5
487,436.2,227.1,155.534,49.1,218.7
487,215.6,108.5,156.934,60.3,204.6
487,200.0,100.5,157.201,56.7,206.2
487,190.3,95.6,157.401,53.1,204.3
487,184.1,92.7,157.534,51.7,203.1
487,181.6,91.4,157.601,56.8,207.0
487,176.3,88.7,157.734,57.9,206.3
487,173.6,87.6,157.801,52.5,202.2
487,171.1,86.6,157.867,51.6,202.6
487,166.6,84.1,158.001,61.5,208.3
487,162.6,81.9,158.134,56.2,206.9
487,160.7,81.1,158.201,46.4,202.9
487,155.2,78.6,158.401,48.1,201.9
487,153.3,77.8,158.467,54.7,203.8
487,148.6,75.2,158.667,50.2,204.5
487,145.5,74.0,158.801,51.2,205.3
487,142.9,72.5,158.934,49.9,206.8
487,141.6,72.0,159.001,43.9,203.5
487,137.5,70.3,159.201,55.5,205.2
487,136.2,69.7,159.267,47.1,204.4
487,135.0,69.1,159.334,53.7,205.9
487,132.9,68.0,159.467,57.6,208.9
487,127.3,65.1,159.867,47.6,213.8
487,126.7,64.6,159.934,54.7,220.9
487,124.8,63.6,160.067,44.9,205.2
487,123.8,63.1,160.134,58.5,206.4
487,121.3,62.0,160.334,59.4,208.9
487,117.5,60.3,160.601,44.4,198.8
487,116.1,59.6,160.734,54.6,215.7
487,107.7,56.0,161.601,48.4,199.0
487,106.6,55.4,161.734,42.4,206.6
487,106.4,55.2,161.801,44.4,225.6
487,105.3,54.6,161.934,59.5,212.8
487,97.7,51.1,163.134,56.4,208.0
487,94.7,49.4,163.667,43.4,209.3
487,91.8,48.2,164.267,61.3,259.9
490,418.0,200.9,157.334,56.4,233.0
490,254.7,116.9,158.467,61.7,205.8
490,228.0,104.1,158.867,50.1,200.6
490,224.2,102.5,158.934,56.5,203.0
490,220.6,101.0,159.001,54.6,202.9
490,217.2,99.5,159.067,58.2,204.6
490,213.7,98.0,159.134,58.2,203.1
490,207.4,95.2,159.267,49.0,200.3
490,201.7,92.5,159.401,54.5,204.9
490,199.0,91.4,159.467,48.9,201.6
490,193.3,88.6,159.601,56.5,200.9
490,191.4,87.6,159.667,51.2,208.2
490,187.3,85.9,159.801,55.8,208.0
490,185.2,84.9,159.867,53.5,204.9
490,182.0,83.9,159.934,55.4,197.3
490,179.6,83.1,160.001,42.5,197.4
490,178.2,82.2,160.067,57.5,215.0
490,175.9,81.3,160.134,54.8,201.6
490,173.2,80.4,160.201,51.0,197.6
490,171.3,79.6,160.267,55.7,204.4
490,170.8,78.8,160.334,55.2,239.2
490,169.5,78.0,160.401,52.4,211.0
490,166.3,76.8,160.534,48.7,202.4
490,163.4,76.0,160.601,51.1,194.3
490,161.1,75.3,160.667,51.2,198.0
490,159.6,74.6,160.734,51.7,204.7
490,158.2,73.8,160.801,58.0,208.1
490,155.3,72.6,160.934,58.0,208.2
490,151.2,70.9,161.134,45.2,201.3
490,150.1,70.2,161.201,60.7,210.3
497,434.0,199.3,158.534,59.6,216.0
497,285.3,128.3,159.401,60.0,208.9
497,243.7,110.3,159.867,58.4,203.0
497,234.4,106.3,160.001,61.1,203.2
497,230.6,104.7,160.067,52.6,202.3
497,222.7,101.3,160.201,59.0,203.6
497,219.1,99.8,160.267,56.3,202.6
497,212.4,96.8,160.401,55.6,202.9
497,209.2,95.4,160.467,56.8,203.5
497,209.0,94.1,160.534,59.1,258.8
497,204.1,92.7,160.601,61.0,195.7
497,200.5,91.4,160.667,59.4,200.1
497,197.6,90.3,160.734,49.1,199.4
497,194.8,89.2,160.801,54.4,201.8
497,192.0,88.1,160.867,54.6,201.5
497,189.5,87.1,160.934,53.5,202.9
497,187.2,86.1,161.001,48.8,201.9
497,184.7,85.3,161.067,45.8,199.3
497,180.5,83.2,161.201,50.1,202.4
497,179.7,81.4,161.334,55.2,213.1
497,173.7,79.9,161.467,51.0,191.4
497,170.6,79.1,161.534,51.7,195.2
497,168.4,78.2,161.601,52.9,200.4
497,165.0,76.9,161.734,55.9,205.0
497,163.5,76.2,161.801,50.8,206.4
497,158.7,74.2,162.001,55.5,205.3
497,152.0,71.0,162.334,49.9,194.1
497,147.7,69.5,162.534,57.4,208.1
497,145.1,68.5,162.667,61.2,220.6
497,144.1,68.0,162.734,44.8,206.0
497,143.2,67.5,162.801,51.3,209.5
497,141.3,66.6,162.934,49.6,204.7
497,140.1,66.0,163.001,61.4,207.6
497,135.4,64.2,163.334,60.7,204.5
497,134.4,63.7,163.401,52.0,205.4
497,122.8,59.2,164.401,53.2,231.4
497,122.3,58.9,164.467,42.4,209.6
497,118.6,57.3,164.801,45.6,203.7
500,84.4,62.9,161.201,54.8,34.3
500,85.1,63.7,161.334,47.0,52.5
500,86.3,64.8,161.534,55.0,45.8
500,89.1,67.9,161.934,45.6,65.2
500,90.5,68.9,162.067,48.2,56.9
500,91.8,69.9,162.201,52.8,44.6
500,92.3,70.7,162.267,57.8,58.2
500,93.6,71.8,162.401,48.5,42.0
500,94.1,72.5,162.467,48.0,55.4
500,94.9,73.1,162.534,42.7,39.5
500,98.9,76.7,162.867,51.6,48.0
500,99.5,77.5,162.934,48.9,53.9
500,100.4,78.3,163.001,47.0,42.8
500,102.4,79.9,163.134,48.3,39.6
500,103.2,80.9,163.201,54.6,50.1
500,104.0,81.9,163.267,51.3,53.0
500,104.6,82.9,163.334,52.1,59.6
500,105.3,84.0,163.401,53.3,56.3
500,106.2,84.9,163.467,44.8,46.7
500,106.8,86.0,163.534,50.1,58.5
500,107.8,87.0,163.601,45.8,45.1
500,110.1,89.1,163.734,47.7,42.5
500,111.8,90.2,163.801,46.1,33.7
500,113.1,91.7,163.867,57.5,48.0
500,114.9,93.0,163.934,50.0,36.2
500,116.4,94.5,164.001,56.7,45.1
500,117.9,95.9,164.067,49.8,41.9
500,118.6,97.6,164.134,59.6,69.5
500,120.7,99.0,164.201,45.3,32.3
500,122.9,100.5,164.267,51.3,35.8
500,124.3,102.3,164.334,54.6,51.9
500,126.0,104.4,164.401,60.4,50.5
500,128.1,106.3,164.467,55.7,44.0
500,130.1,108.4,164.534,55.0,44.8
500,132.2,110.6,164.601,56.9,46.3
500,134.6,112.8,164.667,55.1,43.2
500,136.4,115.3,164.734,58.2,54.5
500,137.9,117.7,164.801,53.2,58.2
500,141.5,120.4,164.867,58.4,36.8
500,144.8,123.4,164.934,60.0,41.7
500,147.9,126.5,165.001,60.2,46.2
500,151.0,129.8,165.067,58.8,46.3
500,157.9,137.3,165.201,60.4,46.4
500,161.7,141.3,165.267,58.7,46.4
500,169.7,150.6,165.401,61.2,49.4
500,184.6,167.9,165.601,60.9,47.5
500,190.8,174.0,165.667,58.2,44.7
500,204.9,188.8,165.801,60.4,46.8
501,285.7,77.1,159.534,44.2,189.3
501,282.4,76.4,159.601,61.2,191.1
501,271.4,74.1,159.867,60.3,192.1
501,266.5,72.9,160.001,53.0,192.7
501,256.4,70.8,160.267,59.1,193.3
501,253.9,70.2,160.334,61.8,191.8
501,237.3,67.5,160.801,44.8,189.5
501,228.8,65.7,161.067,44.7,188.3
502,66.6,53.1,159.734,51.1,61.0
502,67.6,54.5,160.201,59.7,52.8
502,68.9,56.2,160.601,43.7,42.2
502,69.2,56.5,160.667,46.7,47.1
502,70.0,57.8,160.867,60.7,64.9
502,70.7,58.6,161.067,56.4,55.4
502,70.7,59.1,161.134,52.7,79.4
502,71.5,60.1,161.334,47.8,52.3
502,72.6,62.1,161.667,60.9,55.0
502,73.7,63.9,162.001,54.6,58.5
502,74.4,64.6,162.134,42.8,61.2
502,76.0,66.9,162.401,58.5,68.1
502,76.7,67.9,162.534,57.2,64.5
502,77.6,68.9,162.667,53.8,50.3
502,77.9,69.5,162.734,45.3,63.8
502,79.0,70.8,162.867,59.4,54.9
502,79.6,71.6,162.934,56.9,55.3
502,80.1,73.0,163.067,61.4,79.0
502,80.7,73.7,163.134,52.5,56.4
502,81.6,74.9,163.267,44.2,65.1
502,82.3,75.8,163.334,49.4,51.6
502,82.9,76.5,163.401,42.7,49.6
502,83.4,77.4,163.467,55.2,62.4
502,84.5,78.8,163.601,45.2,53.3
502,85.4,79.8,163.667,54.4,48.4
502,86.1,80.8,163.734,53.1,56.5
502,86.9,81.8,163.801,52.0,51.0
502,87.5,82.8,163.867,50.5,59.6
502,88.3,83.8,163.934,45.2,51.0
502,88.9,84.8,164.001,46.0,57.4
502,89.9,86.1,164.067,59.4,53.2
502,91.6,88.4,164.201,58.5,69.9
502,92.5,89.7,164.267,53.9,54.9
502,94.8,92.3,164.401,59.5,57.7
502,95.6,93.6,164.467,47.2,61.0
502,96.4,95.3,164.534,57.7,62.8
502,97.6,96.7,164.601,49.8,49.6
502,99.0,98.6,164.667,60.1,53.1
502,100.3,100.1,164.734,49.5,50.5
502,101.7,101.9,164.801,51.9,51.6
502,103.1,103.7,164.867,52.6,52.4
502,104.2,105.6,164.934,53.4,59.6
502,105.9,107.7,165.001,55.2,51.0
502,107.3,110.1,165.067,60.7,59.1
502,109.1,112.4,165.134,56.3,53.1
502,110.6,114.9,165.201,57.3,58.9
502,112.7,117.6,165.267,58.9,52.5
502,114.6,120.4,165.334,56.3,54.4
502,116.6,123.4,165.401,58.8,57.2
502,118.7,126.6,165.467,59.7,57.1
502,120.7,130.1,165.534,58.9,59.1
502,123.5,133.7,165.601,58.8,52.2
502,126.2,137.4,165.667,57.7,55.0
502,128.9,141.7,165.734,61.0,57.3
502,146.8,169.6,166.067,58.8,56.4
502,151.2,176.5,166.134,60.7,57.5
502,156.0,183.9,166.201,59.2,57.0
502,198.3,254.0,166.601,61.8,58.8
502,208.9,266.4,166.667,47.5,49.5
512,178.9,75.3,161.601,59.3,209.2
512,177.3,74.6,161.667,55.9,203.8
512,167.2,71.1,162.001,58.2,203.2
512,163.7,70.1,162.134,45.8,196.5
512,141.6,62.1,163.401,56.0,199.6
514,184.1,95.2,162.801,60.1,201.2
514,180.9,93.8,162.867,56.1,202.9
514,178.0,92.4,162.934,58.7,205.8
514,168.3,86.9,163.201,60.3,209.3
514,166.1,85.9,163.267,52.9,205.4
514,163.8,84.7,163.334,58.5,206.5
514,160.4,82.7,163.467,46.7,206.1
514,158.3,81.8,163.534,50.1,202.4
514,157.0,80.9,163.601,57.1,217.1
514,155.4,79.9,163.667,61.0,212.5
514,153.8,79.1,163.734,49.9,205.9
514,151.4,78.1,163.801,58.8,201.9
514,149.3,77.4,163.867,44.6,198.0
514,147.3,76.5,163.934,61.1,205.4
514,145.8,75.7,164.001,54.2,206.6
514,144.7,75.1,164.067,46.9,210.9
514,143.2,74.4,164.134,48.4,205.0
514,141.9,73.8,164.201,44.1,205.3
514,140.3,73.1,164.267,52.7,203.5
514,132.1,68.7,164.734,45.5,207.4
514,130.8,68.1,164.801,52.1,205.1
514,127.7,66.2,165.001,58.9,202.7
514,125.6,65.5,165.134,43.6,203.0
514,124.8,65.0,165.201,50.7,209.7
514,123.9,64.5,165.267,45.7,207.9
514,123.0,64.0,165.334,51.9,207.6
514,121.3,63.4,165.467,56.9,211.1
514,120.3,62.9,165.534,47.3,204.5
514,119.7,62.5,165.601,45.7,214.3
514,117.2,61.6,165.801,46.3,202.7
514,116.9,61.2,165.867,49.2,227.7
514,112.9,59.6,166.201,55.3,212.1
514,112.2,59.2,166.267,56.5,211.2
514,111.6,58.7,166.334,59.6,216.0
514,100.8,53.3,167.734,58.9,227.0
528,79.7,58.3,166.201,46.9,66.4
528,80.3,59.0,166.334,44.9,37.8
528,81.4,59.8,166.534,43.4,38.6
528,82.5,60.6,166.667,53.2,44.7
528,85.4,63.0,167.134,48.1,39.2
528,87.5,65.2,167.401,43.6,47.8
528,88.0,65.8,167.467,57.2,52.0
528,91.0,68.2,167.801,50.4,61.5
528,91.4,68.8,167.867,51.2,56.6
528,92.8,69.9,168.001,51.4,42.9
528,94.0,71.2,168.134,52.1,46.5
528,94.7,71.9,168.201,54.2,45.4
528,95.6,72.9,168.334,48.2,64.7
528,96.2,73.7,168.401,55.4,49.8
528,96.8,74.5,168.467,52.8,53.5
528,98.6,75.9,168.601,54.5,40.2
528,99.4,76.6,168.667,43.7,41.1
528,100.0,77.5,168.734,55.8,56.8
528,101.5,79.0,168.867,45.1,50.9
528,102.7,79.8,168.934,44.1,34.6
528,103.6,80.7,169.001,50.2,45.1
528,104.6,81.8,169.067,54.0,44.5
528,105.6,82.7,169.134,50.3,44.6
528,106.5,83.7,169.201,50.3,50.0
528,107.3,84.9,169.267,58.0,53.8
528,108.6,85.9,169.334,43.9,36.9
528,109.8,87.1,169.401,52.6,44.8
528,111.0,88.1,169.467,45.1,41.0
528,112.2,89.1,169.534,45.2,40.7
528,113.4,90.6,169.601,59.5,50.5
528,114.5,91.7,169.667,45.3,45.9
528,115.8,93.2,169.734,55.4,46.9
528,117.2,94.6,169.801,52.8,46.7
528,118.7,96.0,169.867,50.5,42.5
528,120.3,97.6,169.934,55.0,45.0
528,122.1,99.1,170.001,48.9,38.6
528,123.9,100.7,170.067,51.7,41.5
528,125.5,102.6,170.134,60.0,51.5
528,127.2,104.7,170.201,60.7,51.3
528,129.0,106.7,170.267,56.0,46.9
528,131.0,108.7,170.334,54.0,45.9
528,133.0,110.8,170.401,54.7,46.1
528,137.4,115.7,170.534,54.1,43.5
528,139.9,118.3,170.601,56.7,45.1
528,142.4,121.1,170.667,60.2,50.0
528,144.9,123.9,170.734,55.4,48.0
528,147.6,126.9,170.801,56.6,47.7
528,150.7,130.3,170.867,59.9,47.6
528,161.0,142.0,171.067,58.2,46.4
528,168.9,151.5,171.201,60.9,49.9
528,173.6,156.6,171.267,60.4,47.1
528,178.4,162.3,171.334,61.5,49.8
528,189.2,175.2,171.467,61.6,50.6
528,195.6,182.4,171.534,61.1,48.3
528,202.2,190.3,171.601,60.4,50.4
528,209.7,199.1,171.667,61.5,49.6
528,261.3,263.2,172.001,58.9,50.8
529,162.8,75.3,166.267,52.5,162.9
529,159.8,74.7,166.401,52.9,207.0
529,156.6,73.3,166.534,42.7,198.6
529,155.3,72.6,166.601,53.3,207.8
529,154.2,71.9,166.667,56.8,210.8
529,152.8,71.3,166.734,55.1,204.7
529,151.5,70.7,166.801,52.1,206.1
529,150.2,70.1,166.867,53.5,204.6
529,145.9,67.8,167.134,47.4,209.1
529,144.5,67.1,167.201,60.3,204.2
529,136.6,64.0,167.667,48.3,201.1
529,130.4,61.6,168.134,53.0,235.2
529,129.5,61.2,168.201,60.0,208.0
529,127.6,60.3,168.401,57.1,321.1
532,78.8,56.5,166.867,50.4,63.3
532,80.9,59.1,167.401,50.2,32.4
532,81.3,59.6,167.467,55.8,48.8
532,81.7,59.9,167.534,43.3,46.3
532,82.6,60.8,167.734,43.1,34.4
532,84.4,62.7,168.067,50.5,36.9
532,84.8,63.1,168.134,45.0,50.8
532,87.6,66.0,168.534,46.2,38.2
532,90.3,68.1,168.867,45.2,43.8
532,90.8,68.9,168.934,60.0,59.5
532,92.0,70.0,169.067,60.7,43.4
532,94.2,71.9,169.267,47.0,43.0
532,96.4,73.7,169.467,53.5,49.5
532,97.0,74.5,169.534,54.5,53.4
532,98.3,75.9,169.667,56.4,46.7
532,99.2,76.8,169.734,54.8,47.3
532,99.7,77.7,169.801,51.2,55.9
532,100.8,78.5,169.867,46.7,37.8
532,103.8,80.9,170.067,48.8,42.6
532,104.8,81.9,170.134,55.7,48.4
532,105.7,82.9,170.201,51.3,46.0
532,106.8,84.0,170.267,50.1,43.3
532,108.1,85.0,170.334,52.4,39.9
532,109.1,86.1,170.401,49.1,46.8
532,110.1,87.5,170.467,60.7,52.9
532,112.5,89.8,170.601,60.2,48.9
532,113.7,90.9,170.667,44.3,42.5
532,115.2,92.2,170.734,48.5,39.6
532,116.4,93.6,170.801,55.6,50.1
532,117.6,94.9,170.867,48.5,48.3
532,118.9,96.5,170.934,56.3,51.2
532,120.5,98.1,171.001,54.1,43.7
532,122.5,99.7,171.067,53.1,39.5
532,124.4,101.7,171.134,60.5,45.9
532,126.1,103.6,171.201,57.5,47.5
532,128.4,105.5,171.267,56.3,40.6
532,130.3,107.5,171.334,54.8,46.7
532,132.3,109.5,171.401,52.9,44.8
532,134.6,111.8,171.467,57.0,44.4
532,139.8,117.0,171.601,60.9,45.0
532,142.4,119.7,171.667,57.8,45.6
532,145.3,122.5,171.734,57.6,44.4
532,148.1,125.5,171.801,58.1,47.4
532,154.7,132.7,171.934,61.0,46.3
532,162.0,140.7,172.067,61.2,47.5
532,166.3,145.0,172.134,61.3,45.7
532,206.2,188.8,172.601,61.3,47.2
533,89.7,60.7,169.001,44.1,50.5
533,90.8,61.6,169.201,45.7,57.2
533,92.6,63.0,169.401,53.5,56.0
533,93.6,64.0,169.534,60.3,47.8
533,94.0,64.4,169.601,47.1,49.4
533,94.4,64.9,169.667,43.1,44.3
533,95.7,65.8,169.801,46.8,39.0
533,98.5,67.8,170.134,54.7,50.4
533,99.7,68.9,170.267,49.9,46.5
533,102.4,70.7,170.467,58.9,27.6
533,104.1,71.9,170.601,55.2,41.7
533,105.6,73.1,170.734,47.4,43.7
533,106.4,73.9,170.801,54.5,44.2
533,109.3,75.9,171.001,45.2,32.8
533,110.1,76.7,171.067,46.6,42.2
533,111.3,77.6,171.134,59.3,40.5
533,112.1,78.4,171.201,43.1,41.0
533,114.4,79.9,171.334,54.1,39.9
533,115.6,80.8,171.401,50.0,37.1
533,116.8,81.7,171.467,48.7,37.4
533,119.2,83.7,171.601,61.4,46.5
533,120.6,84.8,171.667,52.7,37.4
533,122.0,85.8,171.734,51.7,37.6
533,123.3,86.9,171.801,48.0,37.5
533,124.9,87.8,171.867,43.2,31.4
533,126.5,89.1,171.934,54.0,38.3
533,128.2,90.5,172.001,59.5,39.4
533,129.7,91.8,172.067,53.7,40.8
533,131.5,93.0,172.134,49.6,34.3
533,133.2,94.6,172.201,59.7,43.4
533,135.0,95.9,172.267,48.1,35.8
533,136.7,97.2,172.334,46.5,37.3
533,138.9,98.9,172.401,57.3,36.5
533,141.0,100.5,172.467,53.0,37.5
533,148.0,106.5,172.667,54.9,37.1
533,150.5,108.5,172.734,56.3,39.2
533,153.1,110.7,172.801,59.2,40.6
533,159.2,115.7,172.934,59.3,37.9
533,162.2,118.2,173.001,57.4,39.5
533,165.7,121.0,173.067,61.1,39.3
533,185.8,138.6,173.401,60.7,41.0
533,190.8,142.7,173.467,61.7,39.8
533,333.2,266.8,174.401,48.3,28.1
534,242.5,100.3,168.667,58.1,198.3
534,230.9,95.8,168.867,57.5,200.5
534,227.2,94.6,168.934,50.9,197.3
534,223.6,93.4,169.001,54.1,198.2
534,219.9,92.1,169.067,61.4,199.8
534,216.6,90.9,169.134,58.3,200.0
534,210.8,88.4,169.267,61.5,202.1
534,205.1,86.5,169.401,57.9,200.8
534,202.4,85.4,169.467,61.1,202.0
534,199.7,84.4,169.534,59.9,200.9
534,197.4,83.5,169.601,47.9,199.8
534,195.1,82.6,169.667,57.0,202.7
534,190.6,81.0,169.801,58.6,202.2
534,188.3,80.0,169.867,61.6,202.1
534,184.0,78.2,170.001,58.6,201.8
534,180.1,76.9,170.134,53.6,201.8
534,178.4,76.3,170.201,49.5,201.7
534,176.6,75.6,170.267,50.6,200.9
534,174.8,75.0,170.334,44.3,198.2
534,173.3,74.3,170.401,52.6,203.4
534,169.7,73.0,170.534,60.4,202.5
534,165.0,71.1,170.734,60.2,203.6
534,163.8,70.5,170.801,58.4,207.6
534,160.9,69.4,170.934,56.6,203.2
534,152.0,66.0,171.401,50.0,201.7
534,147.6,64.3,171.667,55.6,209.7
534,143.5,63.2,171.934,55.3,204.6
534,138.1,61.0,172.267,51.9,201.6
534,137.1,60.6,172.334,60.3,204.1
534,136.3,60.2,172.401,51.0,205.8
534,128.7,57.4,173.001,58.3,205.0
535,275.9,113.5,168.867,60.6,200.4
535,237.5,98.5,169.401,54.0,200.0
535,230.5,95.6,169.534,57.7,201.6
535,226.7,94.4,169.601,54.2,197.7
535,222.9,93.1,169.667,59.3,199.1
535,219.7,91.9,169.734,56.8,200.4
535,216.6,90.9,169.801,47.3,197.9
535,213.9,89.7,169.867,58.2,202.8
535,210.7,88.6,169.934,58.6,200.2
535,208.0,87.6,170.001,50.2,199.7
535,205.4,86.8,170.067,44.1,197.6
535,202.7,85.8,170.134,54.5,200.2
535,200.1,84.8,170.201,54.1,199.8
535,197.4,83.8,170.267,56.7,200.3
535,194.6,82.9,170.334,55.1,198.6
535,188.0,79.9,170.534,59.3,203.2
535,186.1,79.2,170.601,51.6,202.0
535,184.3,78.4,170.667,51.3,202.1
535,182.4,77.8,170.734,43.6,199.0
535,180.6,77.0,170.801,54.2,202.4
535,171.2,74.0,171.134,42.9,196.6
535,165.0,71.5,171.401,50.6,203.8
535,163.5,70.9,171.467,49.4,201.1
535,159.7,69.5,171.667,48.0,204.7
535,153.5,67.0,172.001,42.7,201.3
535,147.1,64.5,172.401,55.8,206.1
535,140.6,62.2,172.801,46.4,204.6
541,83.2,61.9,169.401,58.7,54.8
541,84.8,63.4,169.601,47.4,45.7
541,85.4,64.0,169.667,55.7,43.6
541,87.1,66.1,169.934,52.1,54.7
541,88.1,66.9,170.067,52.5,44.3
541,89.7,68.6,170.267,48.9,52.3
541,90.4,69.2,170.334,44.3,38.6
541,91.1,69.9,170.401,58.6,46.9
541,92.0,70.9,170.534,50.4,63.6
541,92.7,71.7,170.601,53.3,47.7
541,94.7,73.8,170.801,58.7,52.8
541,95.4,74.6,170.867,51.1,45.2
541,97.0,76.1,171.001,57.6,48.3
541,99.0,77.8,171.134,60.2,43.3
541,99.8,78.8,171.201,60.0,50.0
541,100.8,79.8,171.267,52.7,42.8
541,101.8,80.8,171.334,58.1,47.6
541,102.8,81.8,171.401,48.8,44.9
541,104.0,82.8,171.467,53.0,41.1
541,105.0,83.9,171.534,55.4,47.5
541,106.5,85.0,171.601,51.2,35.9
541,109.1,87.6,171.734,47.6,36.8
541,110.6,88.8,171.801,49.1,37.3
541,111.8,89.9,171.867,48.5,44.1
541,113.1,91.3,171.934,57.3,46.2
541,114.6,92.7,172.001,52.8,43.3
541,115.9,94.3,172.067,58.5,49.4
541,118.8,98.0,172.201,61.4,53.8
541,121.0,99.7,172.267,54.2,36.1
541,124.8,103.6,172.401,58.4,38.9
541,127.2,105.7,172.467,59.2,41.7
541,129.3,107.7,172.534,55.6,42.7
541,131.5,110.1,172.601,61.2,47.0
541,136.7,115.2,172.734,61.6,45.0
541,145.5,124.4,172.934,61.7,46.4
543,79.5,58.4,169.601,49.5,58.0
543,81.0,59.7,169.867,52.2,58.2
543,84.9,62.7,170.467,49.2,66.8
543,85.1,63.1,170.534,44.3,59.1
543,85.4,63.6,170.601,46.6,61.4
543,85.7,64.1,170.667,48.9,57.2
543,87.3,65.7,170.867,48.3,46.8
543,88.7,67.0,171.067,51.7,46.3
543,90.1,68.0,171.201,55.9,44.4
543,91.2,69.1,171.334,56.9,48.9
543,96.0,74.2,171.867,61.0,51.8
543,98.7,76.2,172.067,53.9,42.9
543,99.3,77.0,172.134,50.5,52.6
543,101.2,78.4,172.267,42.9,37.4
543,103.0,79.9,172.401,48.7,44.5
543,103.7,80.8,172.467,48.2,50.5
543,104.8,81.8,172.534,53.6,41.8
543,106.7,83.9,172.667,52.5,48.5
543,115.2,89.3,173.467,49.0,46.1
543,116.3,90.5,173.534,52.8,49.4
543,117.7,91.8,173.601,50.3,43.2
543,118.5,93.0,173.667,49.0,56.0
543,121.8,95.7,173.801,58.0,43.8
543,123.2,97.4,173.867,59.2,49.4
543,124.8,98.9,173.934,50.4,43.6
543,126.3,100.6,174.001,55.3,48.9
543,128.1,102.4,174.067,57.8,45.5
543,129.9,104.4,174.134,59.6,48.0
543,131.7,106.3,174.201,52.9,47.3
543,133.5,108.1,174.267,48.1,43.3
543,135.6,110.4,174.334,60.2,48.7
543,137.6,112.6,174.401,54.6,47.4
543,139.6,114.7,174.467,51.0,47.0
543,142.1,117.3,174.534,57.5,45.0
543,144.9,119.9,174.601,56.9,43.6
543,147.7,122.7,174.667,57.6,45.0
543,150.6,125.7,174.734,58.4,45.9
543,153.6,128.9,174.801,57.3,46.6
543,157.0,132.3,174.867,60.0,45.3
543,168.6,144.9,175.067,61.5,45.9
543,172.9,149.5,175.134,60.7,47.0
543,182.6,159.9,175.267,59.2,46.1
543,187.9,165.7,175.334,60.5,47.5
543,194.0,172.0,175.401,61.1,46.3
543,286.0,267.2,176.001,43.4,32.1
548,70.4,50.1,172.067,44.5,53.0
548,70.5,50.5,172.201,47.3,77.7
548,70.7,50.8,172.267,52.9,68.9
548,72.8,52.0,172.734,48.2,37.9
548,74.5,54.2,173.401,43.0,56.0
548,75.2,54.8,173.601,42.4,57.5
548,77.4,56.9,174.067,48.5,56.1
548,83.1,61.8,175.067,58.9,48.1
548,84.2,63.0,175.267,51.2,50.1
548,87.3,65.5,175.667,48.5,49.5
548,87.5,66.1,175.734,49.8,69.0
548,90.0,67.9,176.001,56.2,35.0
548,90.9,68.9,176.134,56.6,51.0
548,91.3,69.6,176.201,53.2,63.6
548,91.9,70.2,176.267,44.3,41.6
548,92.6,70.9,176.334,55.5,48.2
548,95.4,72.9,176.601,44.6,32.1
548,96.8,74.8,176.734,58.8,55.5
548,97.8,75.7,176.801,52.1,39.9
548,98.8,76.4,176.867,47.8,37.5
548,99.7,77.2,176.934,48.1,44.0
548,100.4,78.1,177.001,49.2,47.7
548,101.4,79.0,177.067,52.2,41.7
548,102.1,79.9,177.134,51.8,54.0
548,103.2,80.9,177.201,51.9,41.7
548,104.4,81.8,177.267,51.0,39.1
548,105.2,82.8,177.334,50.3,51.3
548,106.0,83.9,177.401,54.5,52.0
548,107.0,84.9,177.467,47.6,45.0
548,108.5,85.9,177.534,46.2,34.8
548,109.5,87.1,177.601,52.9,47.4
548,113.4,90.7,177.801,54.7,49.5
548,114.4,91.9,177.867,45.2,47.6
548,115.9,93.4,177.934,57.8,45.2
548,117.5,94.7,178.001,48.7,40.1
548,119.1,96.4,178.067,60.8,46.8
548,120.6,98.1,178.134,56.8,48.0
548,122.2,99.6,178.201,51.4,44.6
548,123.9,101.6,178.267,60.4,47.6
548,125.7,103.4,178.334,55.5,46.4
548,127.5,105.2,178.401,53.0,44.8
548,129.5,107.4,178.467,58.9,47.1
548,131.4,109.5,178.534,56.5,48.4
548,136.3,114.5,178.667,61.7,46.2
548,144.7,123.3,178.867,60.0,44.4
548,147.8,126.5,178.934,60.3,45.5
549,103.7,81.0,172.467,49.3,48.5
549,104.9,81.9,172.534,49.3,39.1
549,105.9,83.1,172.601,61.0,50.8
549,106.8,84.1,172.667,51.8,49.2
549,108.1,85.2,172.734,47.5,38.0
549,110.3,87.6,172.867,47.8,45.8
549,111.8,88.7,172.934,50.1,37.9
549,113.2,89.9,173.001,49.1,41.9
549,114.3,91.2,173.067,50.4,47.9
549,115.7,92.7,173.134,59.2,46.4
549,117.2,94.0,173.201,49.6,41.3
549,118.7,95.6,173.267,58.2,46.8
549,120.4,97.0,173.334,47.8,39.5
549,122.1,98.7,173.401,57.4,45.3
549,123.5,100.4,173.467,55.6,49.3
549,125.6,102.1,173.534,54.2,40.5
549,127.7,104.1,173.601,59.5,44.0
549,129.6,106.0,173.667,54.7,44.9
549,131.9,108.1,173.734,56.5,41.3
549,134.3,110.5,173.801,61.3,45.4
549,136.3,112.7,173.867,55.7,48.1
549,138.9,115.1,173.934,56.0,42.4
549,141.5,117.8,174.001,60.0,45.6
549,144.2,120.5,174.067,59.3,45.9
549,165.2,142.7,174.467,61.8,46.4
549,197.0,177.4,174.867,61.4,46.7
549,284.6,267.5,175.401,45.2,33.3
550,451.5,179.5,173.734,43.9,209.2
550,272.6,110.5,174.934,54.6,197.3
550,257.5,105.0,175.134,57.1,198.7
550,248.6,101.6,175.267,53.6,197.9
550,236.2,97.1,175.467,52.6,198.5
550,232.5,95.7,175.534,57.3,199.8
550,225.6,93.1,175.667,53.8,198.9
550,222.4,92.1,175.734,44.2,196.1
550,219.4,91.0,175.801,56.3,201.3
550,216.2,90.0,175.867,49.6,197.6
550,213.6,89.0,175.934,52.4,201.9
550,210.8,87.9,176.001,54.5,200.2
550,208.0,86.8,176.067,61.0,201.9
550,203.1,84.8,176.201,46.8,198.5
550,200.6,84.0,176.267,47.3,198.0
550,198.2,83.1,176.334,54.1,200.5
550,195.5,82.2,176.401,50.6,197.1
550,189.2,79.9,176.601,51.0,201.1
550,184.9,78.5,176.734,55.0,201.4
550,183.0,77.8,176.801,45.1,199.1
550,181.1,77.2,176.867,46.9,198.7
550,179.2,76.5,176.934,50.6,200.6
550,174.3,74.5,177.134,49.9,201.9
550,171.3,73.3,177.267,55.9,203.4
550,169.8,72.7,177.334,51.3,201.9
550,168.0,72.0,177.401,54.8,200.4
550,165.5,71.0,177.534,61.5,206.0
550,164.0,70.5,177.601,47.6,200.5
550,161.8,69.5,177.734,53.8,210.7
550,157.6,68.3,177.934,42.8,198.7
550,155.4,67.6,178.067,47.6,210.6
550,154.6,67.0,178.134,61.6,213.8
550,151.1,65.6,178.334,45.4,209.1
550,148.9,64.9,178.467,51.0,195.5
550,147.0,64.1,178.601,55.8,204.9
550,146.1,63.6,178.667,60.4,208.8
550,144.6,63.1,178.734,50.8,197.4
550,142.7,62.3,178.867,48.8,202.5
554,441.4,176.7,174.801,59.0,204.9
554,248.0,101.4,176.267,51.1,197.8
554,239.6,98.2,176.401,59.1,199.7
554,235.5,96.8,176.467,59.6,199.1
554,231.8,95.5,176.534,54.1,198.6
554,224.5,92.7,176.667,54.1,198.6
554,221.5,91.6,176.734,53.1,200.1
554,218.0,90.3,176.801,61.5,200.1
554,214.9,89.2,176.867,58.4,200.5
554,212.1,88.1,176.934,56.9,200.9
554,209.3,87.0,177.001,55.8,200.2
554,206.5,86.0,177.067,53.9,199.5
554,203.7,85.2,177.134,47.4,196.9
554,193.7,81.5,177.401,53.8,197.9
554,184.7,78.0,177.667,55.5,202.3
554,180.8,76.8,177.801,50.2,198.3
554,178.9,76.0,177.867,56.6,202.2
554,177.2,75.2,177.934,58.3,204.9
554,173.9,74.2,178.067,46.2,200.2
554,170.7,73.1,178.201,49.7,201.6
554,167.5,71.9,178.334,53.3,201.8
554,164.1,70.9,178.467,48.5,198.0
554,162.8,70.3,178.534,46.3,202.1
554,160.1,69.3,178.667,52.7,201.4
554,158.2,68.5,178.801,51.0,212.9
554,150.8,65.5,179.267,51.5,207.0
554,149.3,65.1,179.334,42.7,196.4
554,143.9,63.0,179.667,47.8,201.1
554,141.9,62.2,179.801,48.0,201.8
555,262.9,119.4,177.134,51.6,199.2
555,242.7,110.1,177.401,56.4,201.7
555,234.3,106.1,177.534,61.7,206.0
555,230.2,104.5,177.601,52.7,200.5
555,226.0,102.9,177.667,58.6,201.9
555,222.2,101.2,177.734,60.0,203.8
555,218.4,99.8,177.801,53.5,200.7
555,215.4,98.5,177.867,48.5,202.9
555,212.3,97.0,177.934,59.8,205.6
555,209.1,95.8,178.001,50.4,201.1
555,203.0,92.8,178.134,58.3,204.7
555,200.1,91.7,178.201,52.7,201.4
555,197.2,90.7,178.267,48.1,199.7
555,194.7,89.5,178.334,53.1,203.9
555,192.3,88.5,178.401,50.6,203.7
555,189.9,87.7,178.467,43.1,199.1
555,187.4,86.6,178.534,53.0,202.8
555,185.4,85.6,178.601,55.0,206.8
555,183.2,84.6,178.667,57.7,205.7
555,178.7,83.0,178.801,48.2,202.2
555,176.6,82.1,178.867,47.6,200.8
555,174.5,81.3,178.934,50.6,202.0
555,171.0,79.8,179.067,55.3,207.2
555,167.5,78.0,179.201,55.6,207.0
555,164.1,76.5,179.334,61.6,207.3
555,162.5,75.7,179.401,53.3,205.4
555,158.0,74.1,179.601,56.3,205.5
555,151.2,71.1,179.934,55.4,204.3
